sale_id,date,month,weekday,branch_id,branch_name,department,product_id,product_name,category,unit_price,discount,final_price,quantity,total,payment_method,customer_id,cost_usd,margin_usd,margin_total,margin_pct,budget_usd,variance,achievement_pct,status,total_payroll,headcount,revenue_per_employee,payroll_ratio,efficiency_status,target_category,investment_usd,roi_pct_adjusted,num_campaigns
1,2024-05-20,5,Monday,1,San Salvador Centro,San Salvador,4,Yuca frita,Traditional Food,2.5,0.0,2.5,8,20.0,Cash,53,1.2,1.3,10.4,52.0,21600,-7478.849999999997,0.653756944444444,🔴 Below Target,1630,3,4707.050000000001,0.11542969234092122,🟡 Medium,Traditional Food,1950,0.531975128205128,3
2,2024-10-29,10,Tuesday,2,Santa Ana,Santa Ana,18,Curtido en frasco,Groceries,2.0,0.0,2.0,14,28.0,Cash,112,0.9,1.1,15.400000000000002,55.00000000000001,19200,-5584.200000000003,0.70915625,🟡 At Risk,1630,3,4538.599999999999,0.11971386183698353,🟡 Medium,Groceries,350,2.290714285714286,1
3,2024-10-14,10,Monday,1,San Salvador Centro,San Salvador,8,Fresco de tamarindo,Beverages,0.75,0.1,0.68,7,4.76,Debit card,280,0.3,0.45,3.15,60.0,21600,-7478.849999999997,0.653756944444444,🔴 Below Target,1630,3,4707.050000000001,0.11542969234092122,🟡 Medium,Beverages,500,1.2037333333333333,2
4,2024-08-17,8,Saturday,4,Soyapango,San Salvador,14,Frijoles rojos 1lb,Groceries,1.2,0.0,1.2,19,22.8,Credit card,4,0.65,0.5499999999999999,10.45,45.83333333333333,19200,-7206.970000000003,0.624636979166666,🔴 Below Target,1630,3,3997.676666666666,0.13591227571347694,🔴 Low,Groceries,350,2.290714285714286,1
5,2024-06-23,6,Sunday,7,La Libertad,La Libertad,6,Kolachampán,Beverages,0.75,0.0,0.75,9,6.75,Cash,391,0.35,0.4,3.6,53.333333333333336,16800,-6134.490000000002,0.634851785714286,🔴 Below Target,1630,3,3555.1699999999996,0.15282907240253868,🔴 Low,Beverages,500,1.2037333333333333,2
6,2024-02-17,2,Saturday,2,Santa Ana,Santa Ana,11,Jarrito de barro,Handicrafts,8.0,0.0,8.0,13,104.0,Cash,177,3.5,4.5,58.5,56.25,19200,-5584.200000000003,0.70915625,🟡 At Risk,1630,3,4538.599999999999,0.11971386183698353,🟡 Medium,Handicrafts,2250,2.939564814814815,3
7,2024-08-23,8,Friday,1,San Salvador Centro,San Salvador,9,Camisa guayabera,Clothing,18.0,0.0,18.0,18,324.0,Transfer,194,9.0,9.0,162.0,50.0,21600,-7478.849999999997,0.653756944444444,🔴 Below Target,1630,3,4707.050000000001,0.11542969234092122,🟡 Medium,Clothing,400,0.89325,1
8,2024-11-17,11,Sunday,5,Metrocentro,San Salvador,3,Tamales de elote,Traditional Food,1.0,0.15,0.85,20,17.0,Cash,99,0.55,0.44999999999999996,9.0,44.99999999999999,20400,-7248.4400000000005,0.64468431372549,🔴 Below Target,1630,3,4383.8533333333335,0.12393966951449106,🟡 Medium,Traditional Food,1950,0.531975128205128,3
9,2024-12-04,12,Wednesday,1,San Salvador Centro,San Salvador,3,Tamales de elote,Traditional Food,1.0,0.15,0.85,8,6.8,Cash,41,0.55,0.44999999999999996,3.5999999999999996,44.99999999999999,21600,-7478.849999999997,0.653756944444444,🔴 Below Target,1630,3,4707.050000000001,0.11542969234092122,🟡 Medium,Traditional Food,1950,0.531975128205128,3
10,2024-07-13,7,Saturday,2,Santa Ana,Santa Ana,8,Fresco de tamarindo,Beverages,0.75,0.0,0.75,9,6.75,Debit card,187,0.3,0.45,4.05,60.0,19200,-5584.200000000003,0.70915625,🟡 At Risk,1630,3,4538.599999999999,0.11971386183698353,🟡 Medium,Beverages,500,1.2037333333333333,2
11,2024-06-30,6,Sunday,6,Usulután,Usulután,6,Kolachampán,Beverages,0.75,0.1,0.68,7,4.76,Cash,480,0.35,0.4,2.8000000000000003,53.333333333333336,16800,-4396.6900000000005,0.738292261904762,🟡 At Risk,1630,3,4134.4366666666665,0.13141653316735613,🟡 Medium,Beverages,500,1.2037333333333333,2
12,2024-09-30,9,Monday,3,San Miguel,San Miguel,3,Tamales de elote,Traditional Food,1.0,0.0,1.0,8,8.0,Cash,139,0.55,0.44999999999999996,3.5999999999999996,44.99999999999999,18000,-6378.879999999992,0.645617777777778,🔴 Below Target,1630,3,3873.706666666669,0.14026186804714166,🔴 Low,Traditional Food,1950,0.531975128205128,3
13,2024-12-16,12,Monday,4,Soyapango,San Salvador,18,Curtido en frasco,Groceries,2.0,0.15,1.7,11,18.7,Credit card,29,0.9,1.1,12.100000000000001,55.00000000000001,19200,-7206.970000000003,0.624636979166666,🔴 Below Target,1630,3,3997.676666666666,0.13591227571347694,🔴 Low,Groceries,350,2.290714285714286,1
14,2024-06-10,6,Monday,1,San Salvador Centro,San Salvador,8,Fresco de tamarindo,Beverages,0.75,0.0,0.75,13,9.75,Cash,468,0.3,0.45,5.8500000000000005,60.0,21600,-7478.849999999997,0.653756944444444,🔴 Below Target,1630,3,4707.050000000001,0.11542969234092122,🟡 Medium,Beverages,500,1.2037333333333333,2
15,2024-12-01,12,Sunday,4,Soyapango,San Salvador,11,Jarrito de barro,Handicrafts,8.0,0.0,8.0,16,128.0,Credit card,330,3.5,4.5,72.0,56.25,19200,-7206.970000000003,0.624636979166666,🔴 Below Target,1630,3,3997.676666666666,0.13591227571347694,🔴 Low,Handicrafts,2250,2.939564814814815,3
16,2024-05-15,5,Wednesday,3,San Miguel,San Miguel,15,Arroz blanco 1lb,Groceries,0.9,0.0,0.9,5,4.5,Debit card,276,0.45,0.45,2.25,50.0,18000,-6378.879999999992,0.645617777777778,🔴 Below Target,1630,3,3873.706666666669,0.14026186804714166,🔴 Low,Groceries,350,2.290714285714286,1
17,2024-10-25,10,Friday,7,La Libertad,La Libertad,9,Camisa guayabera,Clothing,18.0,0.0,18.0,13,234.0,Cash,71,9.0,9.0,117.0,50.0,16800,-6134.490000000002,0.634851785714286,🔴 Below Target,1630,3,3555.1699999999996,0.15282907240253868,🔴 Low,Clothing,400,0.89325,1
18,2024-02-16,2,Friday,8,Chalatenango,Chalatenango,17,Queso duro blando,Dairy,3.5,0.15,2.98,2,5.96,Cash,322,1.8,1.7,3.4,48.57142857142857,18000,-1665.6599999999962,0.907463333333334,🟢 On Track,1630,3,5444.780000000002,0.09978976805919307,🟢 High,Dairy,550,1.1310733333333334,2
19,2024-11-01,11,Friday,7,La Libertad,La Libertad,6,Kolachampán,Beverages,0.75,0.0,0.75,3,2.25,Cash,240,0.35,0.4,1.2000000000000002,53.333333333333336,16800,-6134.490000000002,0.634851785714286,🔴 Below Target,1630,3,3555.1699999999996,0.15282907240253868,🔴 Low,Beverages,500,1.2037333333333333,2
20,2024-10-10,10,Thursday,5,Metrocentro,San Salvador,17,Queso duro blando,Dairy,3.5,0.1,3.15,1,3.15,Debit card,350,1.8,1.7,1.7,48.57142857142857,20400,-7248.4400000000005,0.64468431372549,🔴 Below Target,1630,3,4383.8533333333335,0.12393966951449106,🟡 Medium,Dairy,550,1.1310733333333334,2
21,2024-11-24,11,Sunday,5,Metrocentro,San Salvador,18,Curtido en frasco,Groceries,2.0,0.0,2.0,11,22.0,Cash,81,0.9,1.1,12.100000000000001,55.00000000000001,20400,-7248.4400000000005,0.64468431372549,🔴 Below Target,1630,3,4383.8533333333335,0.12393966951449106,🟡 Medium,Groceries,350,2.290714285714286,1
22,2024-05-14,5,Tuesday,1,San Salvador Centro,San Salvador,15,Arroz blanco 1lb,Groceries,0.9,0.15,0.77,17,13.09,Cash,468,0.45,0.45,7.65,50.0,21600,-7478.849999999997,0.653756944444444,🔴 Below Target,1630,3,4707.050000000001,0.11542969234092122,🟡 Medium,Groceries,350,2.290714285714286,1
23,2024-11-23,11,Saturday,5,Metrocentro,San Salvador,4,Yuca frita,Traditional Food,2.5,0.05,2.38,17,40.46,Cash,192,1.2,1.3,22.1,52.0,20400,-7248.4400000000005,0.64468431372549,🔴 Below Target,1630,3,4383.8533333333335,0.12393966951449106,🟡 Medium,Traditional Food,1950,0.531975128205128,3
24,2024-11-02,11,Saturday,1,San Salvador Centro,San Salvador,6,Kolachampán,Beverages,0.75,0.0,0.75,11,8.25,Cash,476,0.35,0.4,4.4,53.333333333333336,21600,-7478.849999999997,0.653756944444444,🔴 Below Target,1630,3,4707.050000000001,0.11542969234092122,🟡 Medium,Beverages,500,1.2037333333333333,2
25,2024-05-02,5,Thursday,5,Metrocentro,San Salvador,12,Canasta de palma,Handicrafts,12.0,0.0,12.0,2,24.0,Credit card,485,5.5,6.5,13.0,54.166666666666664,20400,-7248.4400000000005,0.64468431372549,🔴 Below Target,1630,3,4383.8533333333335,0.12393966951449106,🟡 Medium,Handicrafts,2250,2.939564814814815,3
26,2024-09-05,9,Thursday,2,Santa Ana,Santa Ana,3,Tamales de elote,Traditional Food,1.0,0.15,0.85,3,2.55,Debit card,65,0.55,0.44999999999999996,1.3499999999999999,44.99999999999999,19200,-5584.200000000003,0.70915625,🟡 At Risk,1630,3,4538.599999999999,0.11971386183698353,🟡 Medium,Traditional Food,1950,0.531975128205128,3
27,2024-10-08,10,Tuesday,8,Chalatenango,Chalatenango,5,Atol de elote,Beverages,1.0,0.0,1.0,6,6.0,Debit card,311,0.45,0.55,3.3000000000000003,55.00000000000001,18000,-1665.6599999999962,0.907463333333334,🟢 On Track,1630,3,5444.780000000002,0.09978976805919307,🟢 High,Beverages,500,1.2037333333333333,2
28,2024-10-03,10,Thursday,4,Soyapango,San Salvador,14,Frijoles rojos 1lb,Groceries,1.2,0.1,1.08,7,7.56,Cash,344,0.65,0.5499999999999999,3.8499999999999996,45.83333333333333,19200,-7206.970000000003,0.624636979166666,🔴 Below Target,1630,3,3997.676666666666,0.13591227571347694,🔴 Low,Groceries,350,2.290714285714286,1
29,2024-09-21,9,Saturday,8,Chalatenango,Chalatenango,12,Canasta de palma,Handicrafts,12.0,0.0,12.0,15,180.0,Cash,33,5.5,6.5,97.5,54.166666666666664,18000,-1665.6599999999962,0.907463333333334,🟢 On Track,1630,3,5444.780000000002,0.09978976805919307,🟢 High,Handicrafts,2250,2.939564814814815,3
30,2024-10-28,10,Monday,1,San Salvador Centro,San Salvador,11,Jarrito de barro,Handicrafts,8.0,0.0,8.0,18,144.0,Debit card,4,3.5,4.5,81.0,56.25,21600,-7478.849999999997,0.653756944444444,🔴 Below Target,1630,3,4707.050000000001,0.11542969234092122,🟡 Medium,Handicrafts,2250,2.939564814814815,3
31,2024-04-27,4,Saturday,1,San Salvador Centro,San Salvador,3,Tamales de elote,Traditional Food,1.0,0.0,1.0,3,3.0,Credit card,37,0.55,0.44999999999999996,1.3499999999999999,44.99999999999999,21600,-7478.849999999997,0.653756944444444,🔴 Below Target,1630,3,4707.050000000001,0.11542969234092122,🟡 Medium,Traditional Food,1950,0.531975128205128,3
32,2024-05-22,5,Wednesday,4,Soyapango,San Salvador,17,Queso duro blando,Dairy,3.5,0.0,3.5,16,56.0,Debit card,371,1.8,1.7,27.2,48.57142857142857,19200,-7206.970000000003,0.624636979166666,🔴 Below Target,1630,3,3997.676666666666,0.13591227571347694,🔴 Low,Dairy,550,1.1310733333333334,2
33,2024-08-30,8,Friday,4,Soyapango,San Salvador,16,Crema salvadoreña,Dairy,1.5,0.0,1.5,14,21.0,Cash,338,0.7,0.8,11.200000000000001,53.333333333333336,19200,-7206.970000000003,0.624636979166666,🔴 Below Target,1630,3,3997.676666666666,0.13591227571347694,🔴 Low,Dairy,550,1.1310733333333334,2
34,2024-08-04,8,Sunday,6,Usulután,Usulután,14,Frijoles rojos 1lb,Groceries,1.2,0.0,1.2,14,16.8,Credit card,28,0.65,0.5499999999999999,7.699999999999999,45.83333333333333,16800,-4396.6900000000005,0.738292261904762,🟡 At Risk,1630,3,4134.4366666666665,0.13141653316735613,🟡 Medium,Groceries,350,2.290714285714286,1
35,2024-07-25,7,Thursday,1,San Salvador Centro,San Salvador,4,Yuca frita,Traditional Food,2.5,0.15,2.12,11,23.32,Credit card,128,1.2,1.3,14.3,52.0,21600,-7478.849999999997,0.653756944444444,🔴 Below Target,1630,3,4707.050000000001,0.11542969234092122,🟡 Medium,Traditional Food,1950,0.531975128205128,3
36,2024-10-01,10,Tuesday,4,Soyapango,San Salvador,7,Café salvadoreño,Beverages,1.5,0.0,1.5,15,22.5,Cash,143,0.65,0.85,12.75,56.666666666666664,19200,-7206.970000000003,0.624636979166666,🔴 Below Target,1630,3,3997.676666666666,0.13591227571347694,🔴 Low,Beverages,500,1.2037333333333333,2
37,2024-02-08,2,Thursday,4,Soyapango,San Salvador,15,Arroz blanco 1lb,Groceries,0.9,0.15,0.77,15,11.55,Credit card,282,0.45,0.45,6.75,50.0,19200,-7206.970000000003,0.624636979166666,🔴 Below Target,1630,3,3997.676666666666,0.13591227571347694,🔴 Low,Groceries,350,2.290714285714286,1
38,2024-11-29,11,Friday,1,San Salvador Centro,San Salvador,4,Yuca frita,Traditional Food,2.5,0.15,2.12,18,38.16,Cash,48,1.2,1.3,23.400000000000002,52.0,21600,-7478.849999999997,0.653756944444444,🔴 Below Target,1630,3,4707.050000000001,0.11542969234092122,🟡 Medium,Traditional Food,1950,0.531975128205128,3
39,2024-07-27,7,Saturday,3,San Miguel,San Miguel,8,Fresco de tamarindo,Beverages,0.75,0.0,0.75,16,12.0,Cash,206,0.3,0.45,7.2,60.0,18000,-6378.879999999992,0.645617777777778,🔴 Below Target,1630,3,3873.706666666669,0.14026186804714166,🔴 Low,Beverages,500,1.2037333333333333,2
40,2024-07-13,7,Saturday,3,San Miguel,San Miguel,2,Pupusas de frijol,Traditional Food,0.5,0.0,0.5,1,0.5,Cash,402,0.2,0.3,0.3,60.0,18000,-6378.879999999992,0.645617777777778,🔴 Below Target,1630,3,3873.706666666669,0.14026186804714166,🔴 Low,Traditional Food,1950,0.531975128205128,3
41,2024-08-04,8,Sunday,5,Metrocentro,San Salvador,15,Arroz blanco 1lb,Groceries,0.9,0.1,0.81,18,14.58,Debit card,80,0.45,0.45,8.1,50.0,20400,-7248.4400000000005,0.64468431372549,🔴 Below Target,1630,3,4383.8533333333335,0.12393966951449106,🟡 Medium,Groceries,350,2.290714285714286,1
42,2024-04-21,4,Sunday,5,Metrocentro,San Salvador,7,Café salvadoreño,Beverages,1.5,0.05,1.42,2,2.84,Debit card,32,0.65,0.85,1.7,56.666666666666664,20400,-7248.4400000000005,0.64468431372549,🔴 Below Target,1630,3,4383.8533333333335,0.12393966951449106,🟡 Medium,Beverages,500,1.2037333333333333,2
43,2024-01-26,1,Friday,1,San Salvador Centro,San Salvador,11,Jarrito de barro,Handicrafts,8.0,0.0,8.0,19,152.0,Debit card,437,3.5,4.5,85.5,56.25,21600,-7478.849999999997,0.653756944444444,🔴 Below Target,1630,3,4707.050000000001,0.11542969234092122,🟡 Medium,Handicrafts,2250,2.939564814814815,3
44,2024-01-30,1,Tuesday,3,San Miguel,San Miguel,17,Queso duro blando,Dairy,3.5,0.0,3.5,17,59.5,Credit card,36,1.8,1.7,28.9,48.57142857142857,18000,-6378.879999999992,0.645617777777778,🔴 Below Target,1630,3,3873.706666666669,0.14026186804714166,🔴 Low,Dairy,550,1.1310733333333334,2
45,2024-07-25,7,Thursday,4,Soyapango,San Salvador,3,Tamales de elote,Traditional Food,1.0,0.05,0.95,4,3.8,Cash,305,0.55,0.44999999999999996,1.7999999999999998,44.99999999999999,19200,-7206.970000000003,0.624636979166666,🔴 Below Target,1630,3,3997.676666666666,0.13591227571347694,🔴 Low,Traditional Food,1950,0.531975128205128,3
46,2024-08-02,8,Friday,2,Santa Ana,Santa Ana,2,Pupusas de frijol,Traditional Food,0.5,0.05,0.47,19,8.93,Debit card,479,0.2,0.3,5.7,60.0,19200,-5584.200000000003,0.70915625,🟡 At Risk,1630,3,4538.599999999999,0.11971386183698353,🟡 Medium,Traditional Food,1950,0.531975128205128,3
47,2024-12-08,12,Sunday,4,Soyapango,San Salvador,9,Camisa guayabera,Clothing,18.0,0.0,18.0,11,198.0,Cash,68,9.0,9.0,99.0,50.0,19200,-7206.970000000003,0.624636979166666,🔴 Below Target,1630,3,3997.676666666666,0.13591227571347694,🔴 Low,Clothing,400,0.89325,1
48,2024-06-10,6,Monday,8,Chalatenango,Chalatenango,10,Hamaca artesanal,Handicrafts,35.0,0.0,35.0,3,105.0,Cash,289,18.0,17.0,51.0,48.57142857142857,18000,-1665.6599999999962,0.907463333333334,🟢 On Track,1630,3,5444.780000000002,0.09978976805919307,🟢 High,Handicrafts,2250,2.939564814814815,3
49,2024-10-02,10,Wednesday,2,Santa Ana,Santa Ana,4,Yuca frita,Traditional Food,2.5,0.05,2.38,7,16.66,Cash,478,1.2,1.3,9.1,52.0,19200,-5584.200000000003,0.70915625,🟡 At Risk,1630,3,4538.599999999999,0.11971386183698353,🟡 Medium,Traditional Food,1950,0.531975128205128,3
50,2024-05-05,5,Sunday,2,Santa Ana,Santa Ana,12,Canasta de palma,Handicrafts,12.0,0.0,12.0,12,144.0,Cash,427,5.5,6.5,78.0,54.166666666666664,19200,-5584.200000000003,0.70915625,🟡 At Risk,1630,3,4538.599999999999,0.11971386183698353,🟡 Medium,Handicrafts,2250,2.939564814814815,3
51,2024-11-09,11,Saturday,5,Metrocentro,San Salvador,18,Curtido en frasco,Groceries,2.0,0.0,2.0,17,34.0,Debit card,284,0.9,1.1,18.700000000000003,55.00000000000001,20400,-7248.4400000000005,0.64468431372549,🔴 Below Target,1630,3,4383.8533333333335,0.12393966951449106,🟡 Medium,Groceries,350,2.290714285714286,1
52,2024-03-09,3,Saturday,2,Santa Ana,Santa Ana,10,Hamaca artesanal,Handicrafts,35.0,0.0,35.0,9,315.0,Credit card,381,18.0,17.0,153.0,48.57142857142857,19200,-5584.200000000003,0.70915625,🟡 At Risk,1630,3,4538.599999999999,0.11971386183698353,🟡 Medium,Handicrafts,2250,2.939564814814815,3
53,2024-05-19,5,Sunday,3,San Miguel,San Miguel,18,Curtido en frasco,Groceries,2.0,0.05,1.9,10,19.0,Cash,176,0.9,1.1,11.0,55.00000000000001,18000,-6378.879999999992,0.645617777777778,🔴 Below Target,1630,3,3873.706666666669,0.14026186804714166,🔴 Low,Groceries,350,2.290714285714286,1
54,2024-09-15,9,Sunday,5,Metrocentro,San Salvador,7,Café salvadoreño,Beverages,1.5,0.0,1.5,16,24.0,Bitcoin,434,0.65,0.85,13.6,56.666666666666664,20400,-7248.4400000000005,0.64468431372549,🔴 Below Target,1630,3,4383.8533333333335,0.12393966951449106,🟡 Medium,Beverages,500,1.2037333333333333,2
55,2024-11-20,11,Wednesday,2,Santa Ana,Santa Ana,2,Pupusas de frijol,Traditional Food,0.5,0.15,0.42,14,5.88,Cash,2,0.2,0.3,4.2,60.0,19200,-5584.200000000003,0.70915625,🟡 At Risk,1630,3,4538.599999999999,0.11971386183698353,🟡 Medium,Traditional Food,1950,0.531975128205128,3
56,2024-11-22,11,Friday,3,San Miguel,San Miguel,11,Jarrito de barro,Handicrafts,8.0,0.0,8.0,9,72.0,Debit card,283,3.5,4.5,40.5,56.25,18000,-6378.879999999992,0.645617777777778,🔴 Below Target,1630,3,3873.706666666669,0.14026186804714166,🔴 Low,Handicrafts,2250,2.939564814814815,3
57,2024-02-27,2,Tuesday,1,San Salvador Centro,San Salvador,14,Frijoles rojos 1lb,Groceries,1.2,0.1,1.08,3,3.24,Bitcoin,280,0.65,0.5499999999999999,1.65,45.83333333333333,21600,-7478.849999999997,0.653756944444444,🔴 Below Target,1630,3,4707.050000000001,0.11542969234092122,🟡 Medium,Groceries,350,2.290714285714286,1
58,2024-10-25,10,Friday,6,Usulután,Usulután,2,Pupusas de frijol,Traditional Food,0.5,0.0,0.5,18,9.0,Cash,22,0.2,0.3,5.3999999999999995,60.0,16800,-4396.6900000000005,0.738292261904762,🟡 At Risk,1630,3,4134.4366666666665,0.13141653316735613,🟡 Medium,Traditional Food,1950,0.531975128205128,3
59,2024-01-21,1,Sunday,6,Usulután,Usulután,10,Hamaca artesanal,Handicrafts,35.0,0.0,35.0,12,420.0,Debit card,342,18.0,17.0,204.0,48.57142857142857,16800,-4396.6900000000005,0.738292261904762,🟡 At Risk,1630,3,4134.4366666666665,0.13141653316735613,🟡 Medium,Handicrafts,2250,2.939564814814815,3
60,2024-10-13,10,Sunday,6,Usulután,Usulután,4,Yuca frita,Traditional Food,2.5,0.05,2.38,14,33.32,Debit card,474,1.2,1.3,18.2,52.0,16800,-4396.6900000000005,0.738292261904762,🟡 At Risk,1630,3,4134.4366666666665,0.13141653316735613,🟡 Medium,Traditional Food,1950,0.531975128205128,3
61,2024-03-31,3,Sunday,3,San Miguel,San Miguel,8,Fresco de tamarindo,Beverages,0.75,0.0,0.75,14,10.5,Cash,474,0.3,0.45,6.3,60.0,18000,-6378.879999999992,0.645617777777778,🔴 Below Target,1630,3,3873.706666666669,0.14026186804714166,🔴 Low,Beverages,500,1.2037333333333333,2
62,2024-12-08,12,Sunday,7,La Libertad,La Libertad,11,Jarrito de barro,Handicrafts,8.0,0.0,8.0,8,64.0,Cash,360,3.5,4.5,36.0,56.25,16800,-6134.490000000002,0.634851785714286,🔴 Below Target,1630,3,3555.1699999999996,0.15282907240253868,🔴 Low,Handicrafts,2250,2.939564814814815,3
63,2024-01-20,1,Saturday,7,La Libertad,La Libertad,4,Yuca frita,Traditional Food,2.5,0.0,2.5,16,40.0,Cash,471,1.2,1.3,20.8,52.0,16800,-6134.490000000002,0.634851785714286,🔴 Below Target,1630,3,3555.1699999999996,0.15282907240253868,🔴 Low,Traditional Food,1950,0.531975128205128,3
64,2024-06-05,6,Wednesday,6,Usulután,Usulután,15,Arroz blanco 1lb,Groceries,0.9,0.0,0.9,8,7.2,Cash,99,0.45,0.45,3.6,50.0,16800,-4396.6900000000005,0.738292261904762,🟡 At Risk,1630,3,4134.4366666666665,0.13141653316735613,🟡 Medium,Groceries,350,2.290714285714286,1
65,2024-05-22,5,Wednesday,6,Usulután,Usulután,13,Aceite vegetal 1L,Groceries,2.8,0.15,2.38,3,7.14,Cash,329,1.8,0.9999999999999998,2.999999999999999,35.71428571428571,16800,-4396.6900000000005,0.738292261904762,🟡 At Risk,1630,3,4134.4366666666665,0.13141653316735613,🟡 Medium,Groceries,350,2.290714285714286,1
66,2024-12-13,12,Friday,7,La Libertad,La Libertad,17,Queso duro blando,Dairy,3.5,0.0,3.5,18,63.0,Bitcoin,60,1.8,1.7,30.599999999999998,48.57142857142857,16800,-6134.490000000002,0.634851785714286,🔴 Below Target,1630,3,3555.1699999999996,0.15282907240253868,🔴 Low,Dairy,550,1.1310733333333334,2
67,2024-10-24,10,Thursday,3,San Miguel,San Miguel,9,Camisa guayabera,Clothing,18.0,0.0,18.0,9,162.0,Cash,223,9.0,9.0,81.0,50.0,18000,-6378.879999999992,0.645617777777778,🔴 Below Target,1630,3,3873.706666666669,0.14026186804714166,🔴 Low,Clothing,400,0.89325,1
68,2024-08-11,8,Sunday,6,Usulután,Usulután,12,Canasta de palma,Handicrafts,12.0,0.05,11.4,20,228.0,Cash,461,5.5,6.5,130.0,54.166666666666664,16800,-4396.6900000000005,0.738292261904762,🟡 At Risk,1630,3,4134.4366666666665,0.13141653316735613,🟡 Medium,Handicrafts,2250,2.939564814814815,3
69,2024-01-23,1,Tuesday,5,Metrocentro,San Salvador,7,Café salvadoreño,Beverages,1.5,0.0,1.5,14,21.0,Debit card,413,0.65,0.85,11.9,56.666666666666664,20400,-7248.4400000000005,0.64468431372549,🔴 Below Target,1630,3,4383.8533333333335,0.12393966951449106,🟡 Medium,Beverages,500,1.2037333333333333,2
70,2024-07-05,7,Friday,4,Soyapango,San Salvador,18,Curtido en frasco,Groceries,2.0,0.0,2.0,14,28.0,Bitcoin,472,0.9,1.1,15.400000000000002,55.00000000000001,19200,-7206.970000000003,0.624636979166666,🔴 Below Target,1630,3,3997.676666666666,0.13591227571347694,🔴 Low,Groceries,350,2.290714285714286,1
71,2024-12-05,12,Thursday,6,Usulután,Usulután,11,Jarrito de barro,Handicrafts,8.0,0.1,7.2,4,28.8,Bitcoin,260,3.5,4.5,18.0,56.25,16800,-4396.6900000000005,0.738292261904762,🟡 At Risk,1630,3,4134.4366666666665,0.13141653316735613,🟡 Medium,Handicrafts,2250,2.939564814814815,3
72,2024-06-16,6,Sunday,7,La Libertad,La Libertad,10,Hamaca artesanal,Handicrafts,35.0,0.1,31.5,13,409.5,Cash,66,18.0,17.0,221.0,48.57142857142857,16800,-6134.490000000002,0.634851785714286,🔴 Below Target,1630,3,3555.1699999999996,0.15282907240253868,🔴 Low,Handicrafts,2250,2.939564814814815,3
73,2024-12-06,12,Friday,7,La Libertad,La Libertad,7,Café salvadoreño,Beverages,1.5,0.1,1.35,13,17.55,Debit card,90,0.65,0.85,11.049999999999999,56.666666666666664,16800,-6134.490000000002,0.634851785714286,🔴 Below Target,1630,3,3555.1699999999996,0.15282907240253868,🔴 Low,Beverages,500,1.2037333333333333,2
74,2024-10-07,10,Monday,7,La Libertad,La Libertad,10,Hamaca artesanal,Handicrafts,35.0,0.0,35.0,1,35.0,Cash,221,18.0,17.0,17.0,48.57142857142857,16800,-6134.490000000002,0.634851785714286,🔴 Below Target,1630,3,3555.1699999999996,0.15282907240253868,🔴 Low,Handicrafts,2250,2.939564814814815,3
75,2024-08-14,8,Wednesday,8,Chalatenango,Chalatenango,11,Jarrito de barro,Handicrafts,8.0,0.1,7.2,15,108.0,Cash,243,3.5,4.5,67.5,56.25,18000,-1665.6599999999962,0.907463333333334,🟢 On Track,1630,3,5444.780000000002,0.09978976805919307,🟢 High,Handicrafts,2250,2.939564814814815,3
76,2024-05-25,5,Saturday,2,Santa Ana,Santa Ana,6,Kolachampán,Beverages,0.75,0.1,0.68,17,11.56,Debit card,172,0.35,0.4,6.800000000000001,53.333333333333336,19200,-5584.200000000003,0.70915625,🟡 At Risk,1630,3,4538.599999999999,0.11971386183698353,🟡 Medium,Beverages,500,1.2037333333333333,2
77,2024-12-10,12,Tuesday,4,Soyapango,San Salvador,3,Tamales de elote,Traditional Food,1.0,0.0,1.0,10,10.0,Credit card,76,0.55,0.44999999999999996,4.5,44.99999999999999,19200,-7206.970000000003,0.624636979166666,🔴 Below Target,1630,3,3997.676666666666,0.13591227571347694,🔴 Low,Traditional Food,1950,0.531975128205128,3
78,2024-05-05,5,Sunday,1,San Salvador Centro,San Salvador,1,Pupusas de queso,Traditional Food,0.5,0.05,0.47,16,7.52,Credit card,38,0.25,0.25,4.0,50.0,21600,-7478.849999999997,0.653756944444444,🔴 Below Target,1630,3,4707.050000000001,0.11542969234092122,🟡 Medium,Traditional Food,1950,0.531975128205128,3
79,2024-11-18,11,Monday,7,La Libertad,La Libertad,15,Arroz blanco 1lb,Groceries,0.9,0.0,0.9,19,17.1,Debit card,197,0.45,0.45,8.55,50.0,16800,-6134.490000000002,0.634851785714286,🔴 Below Target,1630,3,3555.1699999999996,0.15282907240253868,🔴 Low,Groceries,350,2.290714285714286,1
80,2024-05-04,5,Saturday,7,La Libertad,La Libertad,16,Crema salvadoreña,Dairy,1.5,0.1,1.35,5,6.75,Debit card,458,0.7,0.8,4.0,53.333333333333336,16800,-6134.490000000002,0.634851785714286,🔴 Below Target,1630,3,3555.1699999999996,0.15282907240253868,🔴 Low,Dairy,550,1.1310733333333334,2
81,2024-04-22,4,Monday,7,La Libertad,La Libertad,4,Yuca frita,Traditional Food,2.5,0.15,2.12,6,12.72,Transfer,266,1.2,1.3,7.800000000000001,52.0,16800,-6134.490000000002,0.634851785714286,🔴 Below Target,1630,3,3555.1699999999996,0.15282907240253868,🔴 Low,Traditional Food,1950,0.531975128205128,3
82,2024-10-12,10,Saturday,1,San Salvador Centro,San Salvador,15,Arroz blanco 1lb,Groceries,0.9,0.15,0.77,8,6.16,Cash,69,0.45,0.45,3.6,50.0,21600,-7478.849999999997,0.653756944444444,🔴 Below Target,1630,3,4707.050000000001,0.11542969234092122,🟡 Medium,Groceries,350,2.290714285714286,1
83,2024-08-14,8,Wednesday,6,Usulután,Usulután,15,Arroz blanco 1lb,Groceries,0.9,0.15,0.77,20,15.4,Debit card,259,0.45,0.45,9.0,50.0,16800,-4396.6900000000005,0.738292261904762,🟡 At Risk,1630,3,4134.4366666666665,0.13141653316735613,🟡 Medium,Groceries,350,2.290714285714286,1
84,2024-03-22,3,Friday,8,Chalatenango,Chalatenango,14,Frijoles rojos 1lb,Groceries,1.2,0.0,1.2,16,19.2,Cash,127,0.65,0.5499999999999999,8.799999999999999,45.83333333333333,18000,-1665.6599999999962,0.907463333333334,🟢 On Track,1630,3,5444.780000000002,0.09978976805919307,🟢 High,Groceries,350,2.290714285714286,1
85,2024-11-16,11,Saturday,8,Chalatenango,Chalatenango,9,Camisa guayabera,Clothing,18.0,0.0,18.0,8,144.0,Cash,366,9.0,9.0,72.0,50.0,18000,-1665.6599999999962,0.907463333333334,🟢 On Track,1630,3,5444.780000000002,0.09978976805919307,🟢 High,Clothing,400,0.89325,1
86,2024-05-19,5,Sunday,4,Soyapango,San Salvador,10,Hamaca artesanal,Handicrafts,35.0,0.0,35.0,11,385.0,Credit card,42,18.0,17.0,187.0,48.57142857142857,19200,-7206.970000000003,0.624636979166666,🔴 Below Target,1630,3,3997.676666666666,0.13591227571347694,🔴 Low,Handicrafts,2250,2.939564814814815,3
87,2024-04-28,4,Sunday,3,San Miguel,San Miguel,5,Atol de elote,Beverages,1.0,0.1,0.9,13,11.7,Cash,110,0.45,0.55,7.15,55.00000000000001,18000,-6378.879999999992,0.645617777777778,🔴 Below Target,1630,3,3873.706666666669,0.14026186804714166,🔴 Low,Beverages,500,1.2037333333333333,2
88,2024-07-27,7,Saturday,7,La Libertad,La Libertad,3,Tamales de elote,Traditional Food,1.0,0.05,0.95,11,10.45,Cash,32,0.55,0.44999999999999996,4.949999999999999,44.99999999999999,16800,-6134.490000000002,0.634851785714286,🔴 Below Target,1630,3,3555.1699999999996,0.15282907240253868,🔴 Low,Traditional Food,1950,0.531975128205128,3
89,2024-07-18,7,Thursday,7,La Libertad,La Libertad,7,Café salvadoreño,Beverages,1.5,0.1,1.35,19,25.65,Cash,451,0.65,0.85,16.15,56.666666666666664,16800,-6134.490000000002,0.634851785714286,🔴 Below Target,1630,3,3555.1699999999996,0.15282907240253868,🔴 Low,Beverages,500,1.2037333333333333,2
90,2024-01-04,1,Thursday,8,Chalatenango,Chalatenango,13,Aceite vegetal 1L,Groceries,2.8,0.0,2.8,12,33.6,Credit card,437,1.8,0.9999999999999998,11.999999999999996,35.71428571428571,18000,-1665.6599999999962,0.907463333333334,🟢 On Track,1630,3,5444.780000000002,0.09978976805919307,🟢 High,Groceries,350,2.290714285714286,1
91,2024-09-06,9,Friday,4,Soyapango,San Salvador,14,Frijoles rojos 1lb,Groceries,1.2,0.0,1.2,8,9.6,Cash,15,0.65,0.5499999999999999,4.3999999999999995,45.83333333333333,19200,-7206.970000000003,0.624636979166666,🔴 Below Target,1630,3,3997.676666666666,0.13591227571347694,🔴 Low,Groceries,350,2.290714285714286,1
92,2024-12-08,12,Sunday,6,Usulután,Usulután,13,Aceite vegetal 1L,Groceries,2.8,0.1,2.52,13,32.76,Cash,240,1.8,0.9999999999999998,12.999999999999996,35.71428571428571,16800,-4396.6900000000005,0.738292261904762,🟡 At Risk,1630,3,4134.4366666666665,0.13141653316735613,🟡 Medium,Groceries,350,2.290714285714286,1
93,2024-07-20,7,Saturday,1,San Salvador Centro,San Salvador,5,Atol de elote,Beverages,1.0,0.05,0.95,19,18.05,Debit card,43,0.45,0.55,10.450000000000001,55.00000000000001,21600,-7478.849999999997,0.653756944444444,🔴 Below Target,1630,3,4707.050000000001,0.11542969234092122,🟡 Medium,Beverages,500,1.2037333333333333,2
94,2024-08-24,8,Saturday,3,San Miguel,San Miguel,14,Frijoles rojos 1lb,Groceries,1.2,0.0,1.2,6,7.2,Cash,168,0.65,0.5499999999999999,3.3,45.83333333333333,18000,-6378.879999999992,0.645617777777778,🔴 Below Target,1630,3,3873.706666666669,0.14026186804714166,🔴 Low,Groceries,350,2.290714285714286,1
95,2024-06-16,6,Sunday,8,Chalatenango,Chalatenango,7,Café salvadoreño,Beverages,1.5,0.15,1.27,11,13.97,Credit card,143,0.65,0.85,9.35,56.666666666666664,18000,-1665.6599999999962,0.907463333333334,🟢 On Track,1630,3,5444.780000000002,0.09978976805919307,🟢 High,Beverages,500,1.2037333333333333,2
96,2024-02-11,2,Sunday,5,Metrocentro,San Salvador,14,Frijoles rojos 1lb,Groceries,1.2,0.0,1.2,16,19.2,Debit card,27,0.65,0.5499999999999999,8.799999999999999,45.83333333333333,20400,-7248.4400000000005,0.64468431372549,🔴 Below Target,1630,3,4383.8533333333335,0.12393966951449106,🟡 Medium,Groceries,350,2.290714285714286,1
97,2024-11-28,11,Thursday,4,Soyapango,San Salvador,12,Canasta de palma,Handicrafts,12.0,0.15,10.2,3,30.6,Transfer,21,5.5,6.5,19.5,54.166666666666664,19200,-7206.970000000003,0.624636979166666,🔴 Below Target,1630,3,3997.676666666666,0.13591227571347694,🔴 Low,Handicrafts,2250,2.939564814814815,3
98,2024-04-12,4,Friday,4,Soyapango,San Salvador,1,Pupusas de queso,Traditional Food,0.5,0.05,0.47,1,0.47,Cash,65,0.25,0.25,0.25,50.0,19200,-7206.970000000003,0.624636979166666,🔴 Below Target,1630,3,3997.676666666666,0.13591227571347694,🔴 Low,Traditional Food,1950,0.531975128205128,3
99,2024-10-15,10,Tuesday,2,Santa Ana,Santa Ana,16,Crema salvadoreña,Dairy,1.5,0.0,1.5,7,10.5,Debit card,393,0.7,0.8,5.6000000000000005,53.333333333333336,19200,-5584.200000000003,0.70915625,🟡 At Risk,1630,3,4538.599999999999,0.11971386183698353,🟡 Medium,Dairy,550,1.1310733333333334,2
100,2024-11-06,11,Wednesday,3,San Miguel,San Miguel,12,Canasta de palma,Handicrafts,12.0,0.1,10.8,20,216.0,Debit card,399,5.5,6.5,130.0,54.166666666666664,18000,-6378.879999999992,0.645617777777778,🔴 Below Target,1630,3,3873.706666666669,0.14026186804714166,🔴 Low,Handicrafts,2250,2.939564814814815,3
101,2024-02-25,2,Sunday,5,Metrocentro,San Salvador,6,Kolachampán,Beverages,0.75,0.0,0.75,19,14.25,Bitcoin,295,0.35,0.4,7.6000000000000005,53.333333333333336,20400,-7248.4400000000005,0.64468431372549,🔴 Below Target,1630,3,4383.8533333333335,0.12393966951449106,🟡 Medium,Beverages,500,1.2037333333333333,2
102,2024-04-11,4,Thursday,7,La Libertad,La Libertad,13,Aceite vegetal 1L,Groceries,2.8,0.05,2.66,3,7.98,Debit card,322,1.8,0.9999999999999998,2.999999999999999,35.71428571428571,16800,-6134.490000000002,0.634851785714286,🔴 Below Target,1630,3,3555.1699999999996,0.15282907240253868,🔴 Low,Groceries,350,2.290714285714286,1
103,2024-12-22,12,Sunday,2,Santa Ana,Santa Ana,8,Fresco de tamarindo,Beverages,0.75,0.15,0.64,10,6.4,Debit card,413,0.3,0.45,4.5,60.0,19200,-5584.200000000003,0.70915625,🟡 At Risk,1630,3,4538.599999999999,0.11971386183698353,🟡 Medium,Beverages,500,1.2037333333333333,2
104,2024-06-26,6,Wednesday,1,San Salvador Centro,San Salvador,4,Yuca frita,Traditional Food,2.5,0.0,2.5,18,45.0,Debit card,36,1.2,1.3,23.400000000000002,52.0,21600,-7478.849999999997,0.653756944444444,🔴 Below Target,1630,3,4707.050000000001,0.11542969234092122,🟡 Medium,Traditional Food,1950,0.531975128205128,3
105,2024-01-07,1,Sunday,6,Usulután,Usulután,17,Queso duro blando,Dairy,3.5,0.15,2.98,14,41.72,Cash,222,1.8,1.7,23.8,48.57142857142857,16800,-4396.6900000000005,0.738292261904762,🟡 At Risk,1630,3,4134.4366666666665,0.13141653316735613,🟡 Medium,Dairy,550,1.1310733333333334,2
106,2024-12-28,12,Saturday,8,Chalatenango,Chalatenango,12,Canasta de palma,Handicrafts,12.0,0.0,12.0,5,60.0,Cash,268,5.5,6.5,32.5,54.166666666666664,18000,-1665.6599999999962,0.907463333333334,🟢 On Track,1630,3,5444.780000000002,0.09978976805919307,🟢 High,Handicrafts,2250,2.939564814814815,3
107,2024-08-26,8,Monday,8,Chalatenango,Chalatenango,9,Camisa guayabera,Clothing,18.0,0.15,15.3,14,214.2,Debit card,138,9.0,9.0,126.0,50.0,18000,-1665.6599999999962,0.907463333333334,🟢 On Track,1630,3,5444.780000000002,0.09978976805919307,🟢 High,Clothing,400,0.89325,1
108,2024-02-14,2,Wednesday,4,Soyapango,San Salvador,11,Jarrito de barro,Handicrafts,8.0,0.0,8.0,9,72.0,Cash,238,3.5,4.5,40.5,56.25,19200,-7206.970000000003,0.624636979166666,🔴 Below Target,1630,3,3997.676666666666,0.13591227571347694,🔴 Low,Handicrafts,2250,2.939564814814815,3
109,2024-01-15,1,Monday,6,Usulután,Usulután,13,Aceite vegetal 1L,Groceries,2.8,0.15,2.38,16,38.08,Cash,250,1.8,0.9999999999999998,15.999999999999996,35.71428571428571,16800,-4396.6900000000005,0.738292261904762,🟡 At Risk,1630,3,4134.4366666666665,0.13141653316735613,🟡 Medium,Groceries,350,2.290714285714286,1
110,2024-05-12,5,Sunday,6,Usulután,Usulután,7,Café salvadoreño,Beverages,1.5,0.0,1.5,11,16.5,Credit card,360,0.65,0.85,9.35,56.666666666666664,16800,-4396.6900000000005,0.738292261904762,🟡 At Risk,1630,3,4134.4366666666665,0.13141653316735613,🟡 Medium,Beverages,500,1.2037333333333333,2
111,2024-09-21,9,Saturday,1,San Salvador Centro,San Salvador,9,Camisa guayabera,Clothing,18.0,0.0,18.0,7,126.0,Cash,209,9.0,9.0,63.0,50.0,21600,-7478.849999999997,0.653756944444444,🔴 Below Target,1630,3,4707.050000000001,0.11542969234092122,🟡 Medium,Clothing,400,0.89325,1
112,2024-12-19,12,Thursday,4,Soyapango,San Salvador,16,Crema salvadoreña,Dairy,1.5,0.1,1.35,16,21.6,Debit card,230,0.7,0.8,12.8,53.333333333333336,19200,-7206.970000000003,0.624636979166666,🔴 Below Target,1630,3,3997.676666666666,0.13591227571347694,🔴 Low,Dairy,550,1.1310733333333334,2
113,2024-05-30,5,Thursday,2,Santa Ana,Santa Ana,1,Pupusas de queso,Traditional Food,0.5,0.0,0.5,8,4.0,Debit card,157,0.25,0.25,2.0,50.0,19200,-5584.200000000003,0.70915625,🟡 At Risk,1630,3,4538.599999999999,0.11971386183698353,🟡 Medium,Traditional Food,1950,0.531975128205128,3
114,2024-10-10,10,Thursday,8,Chalatenango,Chalatenango,12,Canasta de palma,Handicrafts,12.0,0.0,12.0,17,204.0,Cash,382,5.5,6.5,110.5,54.166666666666664,18000,-1665.6599999999962,0.907463333333334,🟢 On Track,1630,3,5444.780000000002,0.09978976805919307,🟢 High,Handicrafts,2250,2.939564814814815,3
115,2024-06-29,6,Saturday,6,Usulután,Usulután,18,Curtido en frasco,Groceries,2.0,0.0,2.0,15,30.0,Cash,119,0.9,1.1,16.5,55.00000000000001,16800,-4396.6900000000005,0.738292261904762,🟡 At Risk,1630,3,4134.4366666666665,0.13141653316735613,🟡 Medium,Groceries,350,2.290714285714286,1
116,2024-06-10,6,Monday,4,Soyapango,San Salvador,4,Yuca frita,Traditional Food,2.5,0.1,2.25,4,9.0,Debit card,391,1.2,1.3,5.2,52.0,19200,-7206.970000000003,0.624636979166666,🔴 Below Target,1630,3,3997.676666666666,0.13591227571347694,🔴 Low,Traditional Food,1950,0.531975128205128,3
117,2024-04-20,4,Saturday,4,Soyapango,San Salvador,6,Kolachampán,Beverages,0.75,0.0,0.75,16,12.0,Debit card,390,0.35,0.4,6.4,53.333333333333336,19200,-7206.970000000003,0.624636979166666,🔴 Below Target,1630,3,3997.676666666666,0.13591227571347694,🔴 Low,Beverages,500,1.2037333333333333,2
118,2024-02-21,2,Wednesday,5,Metrocentro,San Salvador,17,Queso duro blando,Dairy,3.5,0.0,3.5,7,24.5,Cash,92,1.8,1.7,11.9,48.57142857142857,20400,-7248.4400000000005,0.64468431372549,🔴 Below Target,1630,3,4383.8533333333335,0.12393966951449106,🟡 Medium,Dairy,550,1.1310733333333334,2
119,2024-12-28,12,Saturday,1,San Salvador Centro,San Salvador,10,Hamaca artesanal,Handicrafts,35.0,0.0,35.0,18,630.0,Cash,499,18.0,17.0,306.0,48.57142857142857,21600,-7478.849999999997,0.653756944444444,🔴 Below Target,1630,3,4707.050000000001,0.11542969234092122,🟡 Medium,Handicrafts,2250,2.939564814814815,3
120,2024-12-23,12,Monday,5,Metrocentro,San Salvador,2,Pupusas de frijol,Traditional Food,0.5,0.1,0.45,5,2.25,Credit card,252,0.2,0.3,1.5,60.0,20400,-7248.4400000000005,0.64468431372549,🔴 Below Target,1630,3,4383.8533333333335,0.12393966951449106,🟡 Medium,Traditional Food,1950,0.531975128205128,3
121,2024-10-20,10,Sunday,1,San Salvador Centro,San Salvador,4,Yuca frita,Traditional Food,2.5,0.0,2.5,10,25.0,Cash,175,1.2,1.3,13.0,52.0,21600,-7478.849999999997,0.653756944444444,🔴 Below Target,1630,3,4707.050000000001,0.11542969234092122,🟡 Medium,Traditional Food,1950,0.531975128205128,3
122,2024-05-09,5,Thursday,1,San Salvador Centro,San Salvador,6,Kolachampán,Beverages,0.75,0.0,0.75,16,12.0,Credit card,206,0.35,0.4,6.4,53.333333333333336,21600,-7478.849999999997,0.653756944444444,🔴 Below Target,1630,3,4707.050000000001,0.11542969234092122,🟡 Medium,Beverages,500,1.2037333333333333,2
123,2024-10-22,10,Tuesday,2,Santa Ana,Santa Ana,16,Crema salvadoreña,Dairy,1.5,0.0,1.5,2,3.0,Cash,289,0.7,0.8,1.6,53.333333333333336,19200,-5584.200000000003,0.70915625,🟡 At Risk,1630,3,4538.599999999999,0.11971386183698353,🟡 Medium,Dairy,550,1.1310733333333334,2
124,2024-05-07,5,Tuesday,2,Santa Ana,Santa Ana,10,Hamaca artesanal,Handicrafts,35.0,0.05,33.25,4,133.0,Credit card,311,18.0,17.0,68.0,48.57142857142857,19200,-5584.200000000003,0.70915625,🟡 At Risk,1630,3,4538.599999999999,0.11971386183698353,🟡 Medium,Handicrafts,2250,2.939564814814815,3
125,2024-08-18,8,Sunday,7,La Libertad,La Libertad,8,Fresco de tamarindo,Beverages,0.75,0.0,0.75,15,11.25,Credit card,220,0.3,0.45,6.75,60.0,16800,-6134.490000000002,0.634851785714286,🔴 Below Target,1630,3,3555.1699999999996,0.15282907240253868,🔴 Low,Beverages,500,1.2037333333333333,2
126,2024-11-08,11,Friday,1,San Salvador Centro,San Salvador,10,Hamaca artesanal,Handicrafts,35.0,0.15,29.75,4,119.0,Cash,109,18.0,17.0,68.0,48.57142857142857,21600,-7478.849999999997,0.653756944444444,🔴 Below Target,1630,3,4707.050000000001,0.11542969234092122,🟡 Medium,Handicrafts,2250,2.939564814814815,3
127,2024-03-21,3,Thursday,2,Santa Ana,Santa Ana,9,Camisa guayabera,Clothing,18.0,0.0,18.0,8,144.0,Debit card,81,9.0,9.0,72.0,50.0,19200,-5584.200000000003,0.70915625,🟡 At Risk,1630,3,4538.599999999999,0.11971386183698353,🟡 Medium,Clothing,400,0.89325,1
128,2024-08-18,8,Sunday,7,La Libertad,La Libertad,1,Pupusas de queso,Traditional Food,0.5,0.0,0.5,20,10.0,Cash,119,0.25,0.25,5.0,50.0,16800,-6134.490000000002,0.634851785714286,🔴 Below Target,1630,3,3555.1699999999996,0.15282907240253868,🔴 Low,Traditional Food,1950,0.531975128205128,3
129,2024-12-25,12,Wednesday,5,Metrocentro,San Salvador,10,Hamaca artesanal,Handicrafts,35.0,0.0,35.0,15,525.0,Debit card,474,18.0,17.0,255.0,48.57142857142857,20400,-7248.4400000000005,0.64468431372549,🔴 Below Target,1630,3,4383.8533333333335,0.12393966951449106,🟡 Medium,Handicrafts,2250,2.939564814814815,3
130,2024-08-05,8,Monday,4,Soyapango,San Salvador,9,Camisa guayabera,Clothing,18.0,0.05,17.1,4,68.4,Cash,77,9.0,9.0,36.0,50.0,19200,-7206.970000000003,0.624636979166666,🔴 Below Target,1630,3,3997.676666666666,0.13591227571347694,🔴 Low,Clothing,400,0.89325,1
131,2024-02-06,2,Tuesday,3,San Miguel,San Miguel,9,Camisa guayabera,Clothing,18.0,0.0,18.0,2,36.0,Credit card,305,9.0,9.0,18.0,50.0,18000,-6378.879999999992,0.645617777777778,🔴 Below Target,1630,3,3873.706666666669,0.14026186804714166,🔴 Low,Clothing,400,0.89325,1
132,2024-03-04,3,Monday,8,Chalatenango,Chalatenango,10,Hamaca artesanal,Handicrafts,35.0,0.1,31.5,15,472.5,Cash,207,18.0,17.0,255.0,48.57142857142857,18000,-1665.6599999999962,0.907463333333334,🟢 On Track,1630,3,5444.780000000002,0.09978976805919307,🟢 High,Handicrafts,2250,2.939564814814815,3
133,2024-08-12,8,Monday,8,Chalatenango,Chalatenango,9,Camisa guayabera,Clothing,18.0,0.05,17.1,3,51.3,Cash,222,9.0,9.0,27.0,50.0,18000,-1665.6599999999962,0.907463333333334,🟢 On Track,1630,3,5444.780000000002,0.09978976805919307,🟢 High,Clothing,400,0.89325,1
134,2024-01-14,1,Sunday,5,Metrocentro,San Salvador,11,Jarrito de barro,Handicrafts,8.0,0.0,8.0,3,24.0,Transfer,429,3.5,4.5,13.5,56.25,20400,-7248.4400000000005,0.64468431372549,🔴 Below Target,1630,3,4383.8533333333335,0.12393966951449106,🟡 Medium,Handicrafts,2250,2.939564814814815,3
135,2024-10-22,10,Tuesday,5,Metrocentro,San Salvador,1,Pupusas de queso,Traditional Food,0.5,0.15,0.42,2,0.84,Credit card,241,0.25,0.25,0.5,50.0,20400,-7248.4400000000005,0.64468431372549,🔴 Below Target,1630,3,4383.8533333333335,0.12393966951449106,🟡 Medium,Traditional Food,1950,0.531975128205128,3
136,2024-05-22,5,Wednesday,8,Chalatenango,Chalatenango,17,Queso duro blando,Dairy,3.5,0.05,3.32,6,19.92,Cash,417,1.8,1.7,10.2,48.57142857142857,18000,-1665.6599999999962,0.907463333333334,🟢 On Track,1630,3,5444.780000000002,0.09978976805919307,🟢 High,Dairy,550,1.1310733333333334,2
137,2024-08-28,8,Wednesday,2,Santa Ana,Santa Ana,16,Crema salvadoreña,Dairy,1.5,0.0,1.5,12,18.0,Cash,344,0.7,0.8,9.600000000000001,53.333333333333336,19200,-5584.200000000003,0.70915625,🟡 At Risk,1630,3,4538.599999999999,0.11971386183698353,🟡 Medium,Dairy,550,1.1310733333333334,2
138,2024-06-17,6,Monday,3,San Miguel,San Miguel,4,Yuca frita,Traditional Food,2.5,0.1,2.25,14,31.5,Cash,340,1.2,1.3,18.2,52.0,18000,-6378.879999999992,0.645617777777778,🔴 Below Target,1630,3,3873.706666666669,0.14026186804714166,🔴 Low,Traditional Food,1950,0.531975128205128,3
139,2024-08-20,8,Tuesday,1,San Salvador Centro,San Salvador,13,Aceite vegetal 1L,Groceries,2.8,0.0,2.8,3,8.4,Cash,60,1.8,0.9999999999999998,2.999999999999999,35.71428571428571,21600,-7478.849999999997,0.653756944444444,🔴 Below Target,1630,3,4707.050000000001,0.11542969234092122,🟡 Medium,Groceries,350,2.290714285714286,1
140,2024-12-02,12,Monday,1,San Salvador Centro,San Salvador,13,Aceite vegetal 1L,Groceries,2.8,0.0,2.8,18,50.4,Cash,97,1.8,0.9999999999999998,17.999999999999996,35.71428571428571,21600,-7478.849999999997,0.653756944444444,🔴 Below Target,1630,3,4707.050000000001,0.11542969234092122,🟡 Medium,Groceries,350,2.290714285714286,1
141,2024-11-14,11,Thursday,6,Usulután,Usulután,17,Queso duro blando,Dairy,3.5,0.1,3.15,16,50.4,Cash,27,1.8,1.7,27.2,48.57142857142857,16800,-4396.6900000000005,0.738292261904762,🟡 At Risk,1630,3,4134.4366666666665,0.13141653316735613,🟡 Medium,Dairy,550,1.1310733333333334,2
142,2024-10-08,10,Tuesday,5,Metrocentro,San Salvador,7,Café salvadoreño,Beverages,1.5,0.0,1.5,5,7.5,Cash,358,0.65,0.85,4.25,56.666666666666664,20400,-7248.4400000000005,0.64468431372549,🔴 Below Target,1630,3,4383.8533333333335,0.12393966951449106,🟡 Medium,Beverages,500,1.2037333333333333,2
143,2024-01-15,1,Monday,2,Santa Ana,Santa Ana,16,Crema salvadoreña,Dairy,1.5,0.15,1.27,20,25.4,Cash,82,0.7,0.8,16.0,53.333333333333336,19200,-5584.200000000003,0.70915625,🟡 At Risk,1630,3,4538.599999999999,0.11971386183698353,🟡 Medium,Dairy,550,1.1310733333333334,2
144,2024-10-09,10,Wednesday,1,San Salvador Centro,San Salvador,10,Hamaca artesanal,Handicrafts,35.0,0.0,35.0,14,490.0,Cash,431,18.0,17.0,238.0,48.57142857142857,21600,-7478.849999999997,0.653756944444444,🔴 Below Target,1630,3,4707.050000000001,0.11542969234092122,🟡 Medium,Handicrafts,2250,2.939564814814815,3
145,2024-03-01,3,Friday,8,Chalatenango,Chalatenango,4,Yuca frita,Traditional Food,2.5,0.0,2.5,5,12.5,Bitcoin,150,1.2,1.3,6.5,52.0,18000,-1665.6599999999962,0.907463333333334,🟢 On Track,1630,3,5444.780000000002,0.09978976805919307,🟢 High,Traditional Food,1950,0.531975128205128,3
146,2024-07-31,7,Wednesday,5,Metrocentro,San Salvador,17,Queso duro blando,Dairy,3.5,0.0,3.5,16,56.0,Cash,283,1.8,1.7,27.2,48.57142857142857,20400,-7248.4400000000005,0.64468431372549,🔴 Below Target,1630,3,4383.8533333333335,0.12393966951449106,🟡 Medium,Dairy,550,1.1310733333333334,2
147,2024-04-07,4,Sunday,7,La Libertad,La Libertad,5,Atol de elote,Beverages,1.0,0.05,0.95,20,19.0,Debit card,70,0.45,0.55,11.0,55.00000000000001,16800,-6134.490000000002,0.634851785714286,🔴 Below Target,1630,3,3555.1699999999996,0.15282907240253868,🔴 Low,Beverages,500,1.2037333333333333,2
148,2024-07-31,7,Wednesday,5,Metrocentro,San Salvador,3,Tamales de elote,Traditional Food,1.0,0.15,0.85,11,9.35,Debit card,421,0.55,0.44999999999999996,4.949999999999999,44.99999999999999,20400,-7248.4400000000005,0.64468431372549,🔴 Below Target,1630,3,4383.8533333333335,0.12393966951449106,🟡 Medium,Traditional Food,1950,0.531975128205128,3
149,2024-06-01,6,Saturday,5,Metrocentro,San Salvador,1,Pupusas de queso,Traditional Food,0.5,0.05,0.47,19,8.93,Transfer,251,0.25,0.25,4.75,50.0,20400,-7248.4400000000005,0.64468431372549,🔴 Below Target,1630,3,4383.8533333333335,0.12393966951449106,🟡 Medium,Traditional Food,1950,0.531975128205128,3
150,2024-10-02,10,Wednesday,8,Chalatenango,Chalatenango,5,Atol de elote,Beverages,1.0,0.0,1.0,16,16.0,Cash,391,0.45,0.55,8.8,55.00000000000001,18000,-1665.6599999999962,0.907463333333334,🟢 On Track,1630,3,5444.780000000002,0.09978976805919307,🟢 High,Beverages,500,1.2037333333333333,2
151,2024-08-21,8,Wednesday,7,La Libertad,La Libertad,18,Curtido en frasco,Groceries,2.0,0.15,1.7,11,18.7,Cash,358,0.9,1.1,12.100000000000001,55.00000000000001,16800,-6134.490000000002,0.634851785714286,🔴 Below Target,1630,3,3555.1699999999996,0.15282907240253868,🔴 Low,Groceries,350,2.290714285714286,1
152,2024-04-29,4,Monday,7,La Libertad,La Libertad,8,Fresco de tamarindo,Beverages,0.75,0.0,0.75,14,10.5,Cash,243,0.3,0.45,6.3,60.0,16800,-6134.490000000002,0.634851785714286,🔴 Below Target,1630,3,3555.1699999999996,0.15282907240253868,🔴 Low,Beverages,500,1.2037333333333333,2
153,2024-12-05,12,Thursday,7,La Libertad,La Libertad,13,Aceite vegetal 1L,Groceries,2.8,0.0,2.8,5,14.0,Transfer,65,1.8,0.9999999999999998,4.999999999999999,35.71428571428571,16800,-6134.490000000002,0.634851785714286,🔴 Below Target,1630,3,3555.1699999999996,0.15282907240253868,🔴 Low,Groceries,350,2.290714285714286,1
154,2024-02-21,2,Wednesday,6,Usulután,Usulután,17,Queso duro blando,Dairy,3.5,0.0,3.5,15,52.5,Debit card,234,1.8,1.7,25.5,48.57142857142857,16800,-4396.6900000000005,0.738292261904762,🟡 At Risk,1630,3,4134.4366666666665,0.13141653316735613,🟡 Medium,Dairy,550,1.1310733333333334,2
155,2024-07-28,7,Sunday,3,San Miguel,San Miguel,1,Pupusas de queso,Traditional Food,0.5,0.0,0.5,5,2.5,Cash,497,0.25,0.25,1.25,50.0,18000,-6378.879999999992,0.645617777777778,🔴 Below Target,1630,3,3873.706666666669,0.14026186804714166,🔴 Low,Traditional Food,1950,0.531975128205128,3
156,2024-11-15,11,Friday,6,Usulután,Usulután,9,Camisa guayabera,Clothing,18.0,0.1,16.2,13,210.6,Cash,169,9.0,9.0,117.0,50.0,16800,-4396.6900000000005,0.738292261904762,🟡 At Risk,1630,3,4134.4366666666665,0.13141653316735613,🟡 Medium,Clothing,400,0.89325,1
157,2024-06-11,6,Tuesday,7,La Libertad,La Libertad,18,Curtido en frasco,Groceries,2.0,0.15,1.7,16,27.2,Debit card,317,0.9,1.1,17.6,55.00000000000001,16800,-6134.490000000002,0.634851785714286,🔴 Below Target,1630,3,3555.1699999999996,0.15282907240253868,🔴 Low,Groceries,350,2.290714285714286,1
158,2024-11-19,11,Tuesday,4,Soyapango,San Salvador,3,Tamales de elote,Traditional Food,1.0,0.0,1.0,10,10.0,Debit card,223,0.55,0.44999999999999996,4.5,44.99999999999999,19200,-7206.970000000003,0.624636979166666,🔴 Below Target,1630,3,3997.676666666666,0.13591227571347694,🔴 Low,Traditional Food,1950,0.531975128205128,3
159,2024-08-15,8,Thursday,2,Santa Ana,Santa Ana,4,Yuca frita,Traditional Food,2.5,0.1,2.25,6,13.5,Cash,15,1.2,1.3,7.800000000000001,52.0,19200,-5584.200000000003,0.70915625,🟡 At Risk,1630,3,4538.599999999999,0.11971386183698353,🟡 Medium,Traditional Food,1950,0.531975128205128,3
160,2024-01-29,1,Monday,6,Usulután,Usulután,2,Pupusas de frijol,Traditional Food,0.5,0.0,0.5,10,5.0,Cash,75,0.2,0.3,3.0,60.0,16800,-4396.6900000000005,0.738292261904762,🟡 At Risk,1630,3,4134.4366666666665,0.13141653316735613,🟡 Medium,Traditional Food,1950,0.531975128205128,3
161,2024-10-16,10,Wednesday,7,La Libertad,La Libertad,8,Fresco de tamarindo,Beverages,0.75,0.0,0.75,6,4.5,Cash,313,0.3,0.45,2.7,60.0,16800,-6134.490000000002,0.634851785714286,🔴 Below Target,1630,3,3555.1699999999996,0.15282907240253868,🔴 Low,Beverages,500,1.2037333333333333,2
162,2024-09-11,9,Wednesday,4,Soyapango,San Salvador,13,Aceite vegetal 1L,Groceries,2.8,0.0,2.8,19,53.2,Cash,327,1.8,0.9999999999999998,18.999999999999996,35.71428571428571,19200,-7206.970000000003,0.624636979166666,🔴 Below Target,1630,3,3997.676666666666,0.13591227571347694,🔴 Low,Groceries,350,2.290714285714286,1
163,2024-05-10,5,Friday,8,Chalatenango,Chalatenango,9,Camisa guayabera,Clothing,18.0,0.15,15.3,1,15.3,Cash,148,9.0,9.0,9.0,50.0,18000,-1665.6599999999962,0.907463333333334,🟢 On Track,1630,3,5444.780000000002,0.09978976805919307,🟢 High,Clothing,400,0.89325,1
164,2024-02-07,2,Wednesday,3,San Miguel,San Miguel,18,Curtido en frasco,Groceries,2.0,0.0,2.0,15,30.0,Transfer,154,0.9,1.1,16.5,55.00000000000001,18000,-6378.879999999992,0.645617777777778,🔴 Below Target,1630,3,3873.706666666669,0.14026186804714166,🔴 Low,Groceries,350,2.290714285714286,1
165,2024-08-21,8,Wednesday,5,Metrocentro,San Salvador,14,Frijoles rojos 1lb,Groceries,1.2,0.0,1.2,10,12.0,Transfer,437,0.65,0.5499999999999999,5.499999999999999,45.83333333333333,20400,-7248.4400000000005,0.64468431372549,🔴 Below Target,1630,3,4383.8533333333335,0.12393966951449106,🟡 Medium,Groceries,350,2.290714285714286,1
166,2024-05-01,5,Wednesday,2,Santa Ana,Santa Ana,16,Crema salvadoreña,Dairy,1.5,0.05,1.42,13,18.46,Cash,152,0.7,0.8,10.4,53.333333333333336,19200,-5584.200000000003,0.70915625,🟡 At Risk,1630,3,4538.599999999999,0.11971386183698353,🟡 Medium,Dairy,550,1.1310733333333334,2
167,2024-12-03,12,Tuesday,1,San Salvador Centro,San Salvador,10,Hamaca artesanal,Handicrafts,35.0,0.0,35.0,13,455.0,Cash,443,18.0,17.0,221.0,48.57142857142857,21600,-7478.849999999997,0.653756944444444,🔴 Below Target,1630,3,4707.050000000001,0.11542969234092122,🟡 Medium,Handicrafts,2250,2.939564814814815,3
168,2024-05-26,5,Sunday,8,Chalatenango,Chalatenango,2,Pupusas de frijol,Traditional Food,0.5,0.05,0.47,8,3.76,Credit card,113,0.2,0.3,2.4,60.0,18000,-1665.6599999999962,0.907463333333334,🟢 On Track,1630,3,5444.780000000002,0.09978976805919307,🟢 High,Traditional Food,1950,0.531975128205128,3
169,2024-12-13,12,Friday,5,Metrocentro,San Salvador,7,Café salvadoreño,Beverages,1.5,0.1,1.35,5,6.75,Cash,322,0.65,0.85,4.25,56.666666666666664,20400,-7248.4400000000005,0.64468431372549,🔴 Below Target,1630,3,4383.8533333333335,0.12393966951449106,🟡 Medium,Beverages,500,1.2037333333333333,2
170,2024-08-13,8,Tuesday,5,Metrocentro,San Salvador,2,Pupusas de frijol,Traditional Food,0.5,0.05,0.47,2,0.94,Cash,68,0.2,0.3,0.6,60.0,20400,-7248.4400000000005,0.64468431372549,🔴 Below Target,1630,3,4383.8533333333335,0.12393966951449106,🟡 Medium,Traditional Food,1950,0.531975128205128,3
171,2024-06-16,6,Sunday,5,Metrocentro,San Salvador,3,Tamales de elote,Traditional Food,1.0,0.0,1.0,14,14.0,Cash,403,0.55,0.44999999999999996,6.299999999999999,44.99999999999999,20400,-7248.4400000000005,0.64468431372549,🔴 Below Target,1630,3,4383.8533333333335,0.12393966951449106,🟡 Medium,Traditional Food,1950,0.531975128205128,3
172,2024-09-28,9,Saturday,6,Usulután,Usulután,18,Curtido en frasco,Groceries,2.0,0.0,2.0,17,34.0,Credit card,132,0.9,1.1,18.700000000000003,55.00000000000001,16800,-4396.6900000000005,0.738292261904762,🟡 At Risk,1630,3,4134.4366666666665,0.13141653316735613,🟡 Medium,Groceries,350,2.290714285714286,1
173,2024-06-22,6,Saturday,5,Metrocentro,San Salvador,16,Crema salvadoreña,Dairy,1.5,0.0,1.5,4,6.0,Transfer,73,0.7,0.8,3.2,53.333333333333336,20400,-7248.4400000000005,0.64468431372549,🔴 Below Target,1630,3,4383.8533333333335,0.12393966951449106,🟡 Medium,Dairy,550,1.1310733333333334,2
174,2024-10-12,10,Saturday,7,La Libertad,La Libertad,8,Fresco de tamarindo,Beverages,0.75,0.0,0.75,12,9.0,Credit card,8,0.3,0.45,5.4,60.0,16800,-6134.490000000002,0.634851785714286,🔴 Below Target,1630,3,3555.1699999999996,0.15282907240253868,🔴 Low,Beverages,500,1.2037333333333333,2
175,2024-08-20,8,Tuesday,2,Santa Ana,Santa Ana,9,Camisa guayabera,Clothing,18.0,0.1,16.2,12,194.4,Debit card,135,9.0,9.0,108.0,50.0,19200,-5584.200000000003,0.70915625,🟡 At Risk,1630,3,4538.599999999999,0.11971386183698353,🟡 Medium,Clothing,400,0.89325,1
176,2024-02-25,2,Sunday,6,Usulután,Usulután,13,Aceite vegetal 1L,Groceries,2.8,0.0,2.8,8,22.4,Cash,453,1.8,0.9999999999999998,7.999999999999998,35.71428571428571,16800,-4396.6900000000005,0.738292261904762,🟡 At Risk,1630,3,4134.4366666666665,0.13141653316735613,🟡 Medium,Groceries,350,2.290714285714286,1
177,2024-11-08,11,Friday,6,Usulután,Usulután,18,Curtido en frasco,Groceries,2.0,0.1,1.8,8,14.4,Cash,422,0.9,1.1,8.8,55.00000000000001,16800,-4396.6900000000005,0.738292261904762,🟡 At Risk,1630,3,4134.4366666666665,0.13141653316735613,🟡 Medium,Groceries,350,2.290714285714286,1
178,2024-11-28,11,Thursday,5,Metrocentro,San Salvador,15,Arroz blanco 1lb,Groceries,0.9,0.0,0.9,14,12.6,Cash,485,0.45,0.45,6.3,50.0,20400,-7248.4400000000005,0.64468431372549,🔴 Below Target,1630,3,4383.8533333333335,0.12393966951449106,🟡 Medium,Groceries,350,2.290714285714286,1
179,2024-09-09,9,Monday,5,Metrocentro,San Salvador,2,Pupusas de frijol,Traditional Food,0.5,0.0,0.5,4,2.0,Cash,276,0.2,0.3,1.2,60.0,20400,-7248.4400000000005,0.64468431372549,🔴 Below Target,1630,3,4383.8533333333335,0.12393966951449106,🟡 Medium,Traditional Food,1950,0.531975128205128,3
180,2024-08-20,8,Tuesday,7,La Libertad,La Libertad,5,Atol de elote,Beverages,1.0,0.1,0.9,12,10.8,Bitcoin,357,0.45,0.55,6.6000000000000005,55.00000000000001,16800,-6134.490000000002,0.634851785714286,🔴 Below Target,1630,3,3555.1699999999996,0.15282907240253868,🔴 Low,Beverages,500,1.2037333333333333,2
181,2024-10-27,10,Sunday,7,La Libertad,La Libertad,18,Curtido en frasco,Groceries,2.0,0.0,2.0,5,10.0,Debit card,427,0.9,1.1,5.5,55.00000000000001,16800,-6134.490000000002,0.634851785714286,🔴 Below Target,1630,3,3555.1699999999996,0.15282907240253868,🔴 Low,Groceries,350,2.290714285714286,1
182,2024-05-23,5,Thursday,7,La Libertad,La Libertad,16,Crema salvadoreña,Dairy,1.5,0.1,1.35,2,2.7,Cash,228,0.7,0.8,1.6,53.333333333333336,16800,-6134.490000000002,0.634851785714286,🔴 Below Target,1630,3,3555.1699999999996,0.15282907240253868,🔴 Low,Dairy,550,1.1310733333333334,2
183,2024-07-04,7,Thursday,4,Soyapango,San Salvador,15,Arroz blanco 1lb,Groceries,0.9,0.1,0.81,4,3.24,Cash,462,0.45,0.45,1.8,50.0,19200,-7206.970000000003,0.624636979166666,🔴 Below Target,1630,3,3997.676666666666,0.13591227571347694,🔴 Low,Groceries,350,2.290714285714286,1
184,2024-07-22,7,Monday,1,San Salvador Centro,San Salvador,12,Canasta de palma,Handicrafts,12.0,0.0,12.0,9,108.0,Transfer,486,5.5,6.5,58.5,54.166666666666664,21600,-7478.849999999997,0.653756944444444,🔴 Below Target,1630,3,4707.050000000001,0.11542969234092122,🟡 Medium,Handicrafts,2250,2.939564814814815,3
185,2024-12-05,12,Thursday,2,Santa Ana,Santa Ana,15,Arroz blanco 1lb,Groceries,0.9,0.1,0.81,7,5.67,Debit card,498,0.45,0.45,3.15,50.0,19200,-5584.200000000003,0.70915625,🟡 At Risk,1630,3,4538.599999999999,0.11971386183698353,🟡 Medium,Groceries,350,2.290714285714286,1
186,2024-06-19,6,Wednesday,1,San Salvador Centro,San Salvador,1,Pupusas de queso,Traditional Food,0.5,0.0,0.5,8,4.0,Credit card,106,0.25,0.25,2.0,50.0,21600,-7478.849999999997,0.653756944444444,🔴 Below Target,1630,3,4707.050000000001,0.11542969234092122,🟡 Medium,Traditional Food,1950,0.531975128205128,3
187,2024-10-27,10,Sunday,4,Soyapango,San Salvador,3,Tamales de elote,Traditional Food,1.0,0.15,0.85,7,5.95,Credit card,169,0.55,0.44999999999999996,3.1499999999999995,44.99999999999999,19200,-7206.970000000003,0.624636979166666,🔴 Below Target,1630,3,3997.676666666666,0.13591227571347694,🔴 Low,Traditional Food,1950,0.531975128205128,3
188,2024-05-21,5,Tuesday,1,San Salvador Centro,San Salvador,5,Atol de elote,Beverages,1.0,0.0,1.0,5,5.0,Debit card,409,0.45,0.55,2.75,55.00000000000001,21600,-7478.849999999997,0.653756944444444,🔴 Below Target,1630,3,4707.050000000001,0.11542969234092122,🟡 Medium,Beverages,500,1.2037333333333333,2
189,2024-12-04,12,Wednesday,2,Santa Ana,Santa Ana,6,Kolachampán,Beverages,0.75,0.0,0.75,1,0.75,Cash,405,0.35,0.4,0.4,53.333333333333336,19200,-5584.200000000003,0.70915625,🟡 At Risk,1630,3,4538.599999999999,0.11971386183698353,🟡 Medium,Beverages,500,1.2037333333333333,2
190,2024-01-09,1,Tuesday,6,Usulután,Usulután,8,Fresco de tamarindo,Beverages,0.75,0.0,0.75,6,4.5,Cash,380,0.3,0.45,2.7,60.0,16800,-4396.6900000000005,0.738292261904762,🟡 At Risk,1630,3,4134.4366666666665,0.13141653316735613,🟡 Medium,Beverages,500,1.2037333333333333,2
191,2024-02-02,2,Friday,2,Santa Ana,Santa Ana,14,Frijoles rojos 1lb,Groceries,1.2,0.0,1.2,16,19.2,Credit card,263,0.65,0.5499999999999999,8.799999999999999,45.83333333333333,19200,-5584.200000000003,0.70915625,🟡 At Risk,1630,3,4538.599999999999,0.11971386183698353,🟡 Medium,Groceries,350,2.290714285714286,1
192,2024-09-14,9,Saturday,8,Chalatenango,Chalatenango,4,Yuca frita,Traditional Food,2.5,0.05,2.38,8,19.04,Cash,402,1.2,1.3,10.4,52.0,18000,-1665.6599999999962,0.907463333333334,🟢 On Track,1630,3,5444.780000000002,0.09978976805919307,🟢 High,Traditional Food,1950,0.531975128205128,3
193,2024-08-22,8,Thursday,5,Metrocentro,San Salvador,17,Queso duro blando,Dairy,3.5,0.0,3.5,1,3.5,Transfer,434,1.8,1.7,1.7,48.57142857142857,20400,-7248.4400000000005,0.64468431372549,🔴 Below Target,1630,3,4383.8533333333335,0.12393966951449106,🟡 Medium,Dairy,550,1.1310733333333334,2
194,2024-12-17,12,Tuesday,7,La Libertad,La Libertad,13,Aceite vegetal 1L,Groceries,2.8,0.0,2.8,4,11.2,Debit card,228,1.8,0.9999999999999998,3.999999999999999,35.71428571428571,16800,-6134.490000000002,0.634851785714286,🔴 Below Target,1630,3,3555.1699999999996,0.15282907240253868,🔴 Low,Groceries,350,2.290714285714286,1
195,2024-06-13,6,Thursday,2,Santa Ana,Santa Ana,3,Tamales de elote,Traditional Food,1.0,0.0,1.0,20,20.0,Cash,141,0.55,0.44999999999999996,9.0,44.99999999999999,19200,-5584.200000000003,0.70915625,🟡 At Risk,1630,3,4538.599999999999,0.11971386183698353,🟡 Medium,Traditional Food,1950,0.531975128205128,3
196,2024-07-14,7,Sunday,6,Usulután,Usulután,18,Curtido en frasco,Groceries,2.0,0.05,1.9,20,38.0,Cash,259,0.9,1.1,22.0,55.00000000000001,16800,-4396.6900000000005,0.738292261904762,🟡 At Risk,1630,3,4134.4366666666665,0.13141653316735613,🟡 Medium,Groceries,350,2.290714285714286,1
197,2024-12-25,12,Wednesday,2,Santa Ana,Santa Ana,14,Frijoles rojos 1lb,Groceries,1.2,0.15,1.02,4,4.08,Debit card,450,0.65,0.5499999999999999,2.1999999999999997,45.83333333333333,19200,-5584.200000000003,0.70915625,🟡 At Risk,1630,3,4538.599999999999,0.11971386183698353,🟡 Medium,Groceries,350,2.290714285714286,1
198,2024-08-08,8,Thursday,4,Soyapango,San Salvador,18,Curtido en frasco,Groceries,2.0,0.0,2.0,15,30.0,Cash,424,0.9,1.1,16.5,55.00000000000001,19200,-7206.970000000003,0.624636979166666,🔴 Below Target,1630,3,3997.676666666666,0.13591227571347694,🔴 Low,Groceries,350,2.290714285714286,1
199,2024-07-31,7,Wednesday,7,La Libertad,La Libertad,15,Arroz blanco 1lb,Groceries,0.9,0.0,0.9,4,3.6,Cash,341,0.45,0.45,1.8,50.0,16800,-6134.490000000002,0.634851785714286,🔴 Below Target,1630,3,3555.1699999999996,0.15282907240253868,🔴 Low,Groceries,350,2.290714285714286,1
200,2024-03-19,3,Tuesday,6,Usulután,Usulután,9,Camisa guayabera,Clothing,18.0,0.0,18.0,16,288.0,Cash,44,9.0,9.0,144.0,50.0,16800,-4396.6900000000005,0.738292261904762,🟡 At Risk,1630,3,4134.4366666666665,0.13141653316735613,🟡 Medium,Clothing,400,0.89325,1
201,2024-02-19,2,Monday,7,La Libertad,La Libertad,3,Tamales de elote,Traditional Food,1.0,0.15,0.85,12,10.2,Cash,31,0.55,0.44999999999999996,5.3999999999999995,44.99999999999999,16800,-6134.490000000002,0.634851785714286,🔴 Below Target,1630,3,3555.1699999999996,0.15282907240253868,🔴 Low,Traditional Food,1950,0.531975128205128,3
202,2024-12-09,12,Monday,6,Usulután,Usulután,18,Curtido en frasco,Groceries,2.0,0.0,2.0,4,8.0,Cash,341,0.9,1.1,4.4,55.00000000000001,16800,-4396.6900000000005,0.738292261904762,🟡 At Risk,1630,3,4134.4366666666665,0.13141653316735613,🟡 Medium,Groceries,350,2.290714285714286,1
203,2024-05-27,5,Monday,1,San Salvador Centro,San Salvador,14,Frijoles rojos 1lb,Groceries,1.2,0.0,1.2,20,24.0,Cash,296,0.65,0.5499999999999999,10.999999999999998,45.83333333333333,21600,-7478.849999999997,0.653756944444444,🔴 Below Target,1630,3,4707.050000000001,0.11542969234092122,🟡 Medium,Groceries,350,2.290714285714286,1
204,2024-03-20,3,Wednesday,4,Soyapango,San Salvador,17,Queso duro blando,Dairy,3.5,0.0,3.5,16,56.0,Credit card,180,1.8,1.7,27.2,48.57142857142857,19200,-7206.970000000003,0.624636979166666,🔴 Below Target,1630,3,3997.676666666666,0.13591227571347694,🔴 Low,Dairy,550,1.1310733333333334,2
205,2024-02-28,2,Wednesday,6,Usulután,Usulután,18,Curtido en frasco,Groceries,2.0,0.05,1.9,9,17.1,Cash,220,0.9,1.1,9.9,55.00000000000001,16800,-4396.6900000000005,0.738292261904762,🟡 At Risk,1630,3,4134.4366666666665,0.13141653316735613,🟡 Medium,Groceries,350,2.290714285714286,1
206,2024-11-07,11,Thursday,1,San Salvador Centro,San Salvador,18,Curtido en frasco,Groceries,2.0,0.0,2.0,9,18.0,Cash,360,0.9,1.1,9.9,55.00000000000001,21600,-7478.849999999997,0.653756944444444,🔴 Below Target,1630,3,4707.050000000001,0.11542969234092122,🟡 Medium,Groceries,350,2.290714285714286,1
207,2024-06-28,6,Friday,6,Usulután,Usulután,10,Hamaca artesanal,Handicrafts,35.0,0.0,35.0,1,35.0,Credit card,290,18.0,17.0,17.0,48.57142857142857,16800,-4396.6900000000005,0.738292261904762,🟡 At Risk,1630,3,4134.4366666666665,0.13141653316735613,🟡 Medium,Handicrafts,2250,2.939564814814815,3
208,2024-03-13,3,Wednesday,2,Santa Ana,Santa Ana,13,Aceite vegetal 1L,Groceries,2.8,0.0,2.8,1,2.8,Debit card,111,1.8,0.9999999999999998,0.9999999999999998,35.71428571428571,19200,-5584.200000000003,0.70915625,🟡 At Risk,1630,3,4538.599999999999,0.11971386183698353,🟡 Medium,Groceries,350,2.290714285714286,1
209,2024-08-20,8,Tuesday,7,La Libertad,La Libertad,13,Aceite vegetal 1L,Groceries,2.8,0.0,2.8,11,30.8,Cash,370,1.8,0.9999999999999998,10.999999999999998,35.71428571428571,16800,-6134.490000000002,0.634851785714286,🔴 Below Target,1630,3,3555.1699999999996,0.15282907240253868,🔴 Low,Groceries,350,2.290714285714286,1
210,2024-01-27,1,Saturday,2,Santa Ana,Santa Ana,11,Jarrito de barro,Handicrafts,8.0,0.0,8.0,5,40.0,Credit card,26,3.5,4.5,22.5,56.25,19200,-5584.200000000003,0.70915625,🟡 At Risk,1630,3,4538.599999999999,0.11971386183698353,🟡 Medium,Handicrafts,2250,2.939564814814815,3
211,2024-08-14,8,Wednesday,5,Metrocentro,San Salvador,3,Tamales de elote,Traditional Food,1.0,0.0,1.0,14,14.0,Debit card,213,0.55,0.44999999999999996,6.299999999999999,44.99999999999999,20400,-7248.4400000000005,0.64468431372549,🔴 Below Target,1630,3,4383.8533333333335,0.12393966951449106,🟡 Medium,Traditional Food,1950,0.531975128205128,3
212,2024-09-19,9,Thursday,4,Soyapango,San Salvador,9,Camisa guayabera,Clothing,18.0,0.0,18.0,4,72.0,Cash,146,9.0,9.0,36.0,50.0,19200,-7206.970000000003,0.624636979166666,🔴 Below Target,1630,3,3997.676666666666,0.13591227571347694,🔴 Low,Clothing,400,0.89325,1
213,2024-01-24,1,Wednesday,5,Metrocentro,San Salvador,16,Crema salvadoreña,Dairy,1.5,0.0,1.5,8,12.0,Transfer,29,0.7,0.8,6.4,53.333333333333336,20400,-7248.4400000000005,0.64468431372549,🔴 Below Target,1630,3,4383.8533333333335,0.12393966951449106,🟡 Medium,Dairy,550,1.1310733333333334,2
214,2024-06-03,6,Monday,4,Soyapango,San Salvador,1,Pupusas de queso,Traditional Food,0.5,0.15,0.42,7,2.94,Cash,131,0.25,0.25,1.75,50.0,19200,-7206.970000000003,0.624636979166666,🔴 Below Target,1630,3,3997.676666666666,0.13591227571347694,🔴 Low,Traditional Food,1950,0.531975128205128,3
215,2024-03-02,3,Saturday,6,Usulután,Usulután,10,Hamaca artesanal,Handicrafts,35.0,0.0,35.0,1,35.0,Debit card,90,18.0,17.0,17.0,48.57142857142857,16800,-4396.6900000000005,0.738292261904762,🟡 At Risk,1630,3,4134.4366666666665,0.13141653316735613,🟡 Medium,Handicrafts,2250,2.939564814814815,3
216,2024-09-29,9,Sunday,7,La Libertad,La Libertad,5,Atol de elote,Beverages,1.0,0.05,0.95,8,7.6,Debit card,343,0.45,0.55,4.4,55.00000000000001,16800,-6134.490000000002,0.634851785714286,🔴 Below Target,1630,3,3555.1699999999996,0.15282907240253868,🔴 Low,Beverages,500,1.2037333333333333,2
217,2024-07-22,7,Monday,2,Santa Ana,Santa Ana,12,Canasta de palma,Handicrafts,12.0,0.0,12.0,2,24.0,Cash,472,5.5,6.5,13.0,54.166666666666664,19200,-5584.200000000003,0.70915625,🟡 At Risk,1630,3,4538.599999999999,0.11971386183698353,🟡 Medium,Handicrafts,2250,2.939564814814815,3
218,2024-10-21,10,Monday,6,Usulután,Usulután,3,Tamales de elote,Traditional Food,1.0,0.05,0.95,14,13.3,Cash,328,0.55,0.44999999999999996,6.299999999999999,44.99999999999999,16800,-4396.6900000000005,0.738292261904762,🟡 At Risk,1630,3,4134.4366666666665,0.13141653316735613,🟡 Medium,Traditional Food,1950,0.531975128205128,3
219,2024-02-28,2,Wednesday,5,Metrocentro,San Salvador,14,Frijoles rojos 1lb,Groceries,1.2,0.0,1.2,13,15.6,Transfer,88,0.65,0.5499999999999999,7.1499999999999995,45.83333333333333,20400,-7248.4400000000005,0.64468431372549,🔴 Below Target,1630,3,4383.8533333333335,0.12393966951449106,🟡 Medium,Groceries,350,2.290714285714286,1
220,2024-02-15,2,Thursday,6,Usulután,Usulután,15,Arroz blanco 1lb,Groceries,0.9,0.15,0.77,14,10.78,Cash,224,0.45,0.45,6.3,50.0,16800,-4396.6900000000005,0.738292261904762,🟡 At Risk,1630,3,4134.4366666666665,0.13141653316735613,🟡 Medium,Groceries,350,2.290714285714286,1
221,2024-07-21,7,Sunday,2,Santa Ana,Santa Ana,13,Aceite vegetal 1L,Groceries,2.8,0.1,2.52,10,25.2,Cash,171,1.8,0.9999999999999998,9.999999999999998,35.71428571428571,19200,-5584.200000000003,0.70915625,🟡 At Risk,1630,3,4538.599999999999,0.11971386183698353,🟡 Medium,Groceries,350,2.290714285714286,1
222,2024-09-18,9,Wednesday,2,Santa Ana,Santa Ana,6,Kolachampán,Beverages,0.75,0.05,0.71,4,2.84,Debit card,464,0.35,0.4,1.6,53.333333333333336,19200,-5584.200000000003,0.70915625,🟡 At Risk,1630,3,4538.599999999999,0.11971386183698353,🟡 Medium,Beverages,500,1.2037333333333333,2
223,2024-11-26,11,Tuesday,6,Usulután,Usulután,12,Canasta de palma,Handicrafts,12.0,0.0,12.0,5,60.0,Cash,132,5.5,6.5,32.5,54.166666666666664,16800,-4396.6900000000005,0.738292261904762,🟡 At Risk,1630,3,4134.4366666666665,0.13141653316735613,🟡 Medium,Handicrafts,2250,2.939564814814815,3
224,2024-11-04,11,Monday,3,San Miguel,San Miguel,7,Café salvadoreño,Beverages,1.5,0.15,1.27,5,6.35,Credit card,39,0.65,0.85,4.25,56.666666666666664,18000,-6378.879999999992,0.645617777777778,🔴 Below Target,1630,3,3873.706666666669,0.14026186804714166,🔴 Low,Beverages,500,1.2037333333333333,2
225,2024-08-25,8,Sunday,8,Chalatenango,Chalatenango,6,Kolachampán,Beverages,0.75,0.15,0.64,19,12.16,Debit card,349,0.35,0.4,7.6000000000000005,53.333333333333336,18000,-1665.6599999999962,0.907463333333334,🟢 On Track,1630,3,5444.780000000002,0.09978976805919307,🟢 High,Beverages,500,1.2037333333333333,2
226,2024-03-18,3,Monday,6,Usulután,Usulután,11,Jarrito de barro,Handicrafts,8.0,0.0,8.0,15,120.0,Cash,324,3.5,4.5,67.5,56.25,16800,-4396.6900000000005,0.738292261904762,🟡 At Risk,1630,3,4134.4366666666665,0.13141653316735613,🟡 Medium,Handicrafts,2250,2.939564814814815,3
227,2024-10-29,10,Tuesday,5,Metrocentro,San Salvador,10,Hamaca artesanal,Handicrafts,35.0,0.0,35.0,2,70.0,Debit card,159,18.0,17.0,34.0,48.57142857142857,20400,-7248.4400000000005,0.64468431372549,🔴 Below Target,1630,3,4383.8533333333335,0.12393966951449106,🟡 Medium,Handicrafts,2250,2.939564814814815,3
228,2024-01-20,1,Saturday,8,Chalatenango,Chalatenango,15,Arroz blanco 1lb,Groceries,0.9,0.0,0.9,2,1.8,Credit card,40,0.45,0.45,0.9,50.0,18000,-1665.6599999999962,0.907463333333334,🟢 On Track,1630,3,5444.780000000002,0.09978976805919307,🟢 High,Groceries,350,2.290714285714286,1
229,2024-08-24,8,Saturday,7,La Libertad,La Libertad,3,Tamales de elote,Traditional Food,1.0,0.05,0.95,19,18.05,Transfer,379,0.55,0.44999999999999996,8.549999999999999,44.99999999999999,16800,-6134.490000000002,0.634851785714286,🔴 Below Target,1630,3,3555.1699999999996,0.15282907240253868,🔴 Low,Traditional Food,1950,0.531975128205128,3
230,2024-10-19,10,Saturday,8,Chalatenango,Chalatenango,2,Pupusas de frijol,Traditional Food,0.5,0.0,0.5,7,3.5,Debit card,257,0.2,0.3,2.1,60.0,18000,-1665.6599999999962,0.907463333333334,🟢 On Track,1630,3,5444.780000000002,0.09978976805919307,🟢 High,Traditional Food,1950,0.531975128205128,3
231,2024-08-18,8,Sunday,1,San Salvador Centro,San Salvador,5,Atol de elote,Beverages,1.0,0.15,0.85,4,3.4,Credit card,176,0.45,0.55,2.2,55.00000000000001,21600,-7478.849999999997,0.653756944444444,🔴 Below Target,1630,3,4707.050000000001,0.11542969234092122,🟡 Medium,Beverages,500,1.2037333333333333,2
232,2024-01-21,1,Sunday,3,San Miguel,San Miguel,3,Tamales de elote,Traditional Food,1.0,0.1,0.9,8,7.2,Cash,225,0.55,0.44999999999999996,3.5999999999999996,44.99999999999999,18000,-6378.879999999992,0.645617777777778,🔴 Below Target,1630,3,3873.706666666669,0.14026186804714166,🔴 Low,Traditional Food,1950,0.531975128205128,3
233,2024-07-05,7,Friday,3,San Miguel,San Miguel,17,Queso duro blando,Dairy,3.5,0.0,3.5,12,42.0,Cash,397,1.8,1.7,20.4,48.57142857142857,18000,-6378.879999999992,0.645617777777778,🔴 Below Target,1630,3,3873.706666666669,0.14026186804714166,🔴 Low,Dairy,550,1.1310733333333334,2
234,2024-11-19,11,Tuesday,1,San Salvador Centro,San Salvador,11,Jarrito de barro,Handicrafts,8.0,0.0,8.0,11,88.0,Cash,286,3.5,4.5,49.5,56.25,21600,-7478.849999999997,0.653756944444444,🔴 Below Target,1630,3,4707.050000000001,0.11542969234092122,🟡 Medium,Handicrafts,2250,2.939564814814815,3
235,2024-05-09,5,Thursday,5,Metrocentro,San Salvador,13,Aceite vegetal 1L,Groceries,2.8,0.15,2.38,20,47.6,Cash,42,1.8,0.9999999999999998,19.999999999999996,35.71428571428571,20400,-7248.4400000000005,0.64468431372549,🔴 Below Target,1630,3,4383.8533333333335,0.12393966951449106,🟡 Medium,Groceries,350,2.290714285714286,1
236,2024-06-07,6,Friday,6,Usulután,Usulután,5,Atol de elote,Beverages,1.0,0.0,1.0,13,13.0,Debit card,481,0.45,0.55,7.15,55.00000000000001,16800,-4396.6900000000005,0.738292261904762,🟡 At Risk,1630,3,4134.4366666666665,0.13141653316735613,🟡 Medium,Beverages,500,1.2037333333333333,2
237,2024-10-13,10,Sunday,5,Metrocentro,San Salvador,3,Tamales de elote,Traditional Food,1.0,0.1,0.9,13,11.7,Credit card,417,0.55,0.44999999999999996,5.85,44.99999999999999,20400,-7248.4400000000005,0.64468431372549,🔴 Below Target,1630,3,4383.8533333333335,0.12393966951449106,🟡 Medium,Traditional Food,1950,0.531975128205128,3
238,2024-11-26,11,Tuesday,2,Santa Ana,Santa Ana,5,Atol de elote,Beverages,1.0,0.05,0.95,14,13.3,Cash,186,0.45,0.55,7.700000000000001,55.00000000000001,19200,-5584.200000000003,0.70915625,🟡 At Risk,1630,3,4538.599999999999,0.11971386183698353,🟡 Medium,Beverages,500,1.2037333333333333,2
239,2024-04-19,4,Friday,3,San Miguel,San Miguel,10,Hamaca artesanal,Handicrafts,35.0,0.15,29.75,11,327.25,Cash,116,18.0,17.0,187.0,48.57142857142857,18000,-6378.879999999992,0.645617777777778,🔴 Below Target,1630,3,3873.706666666669,0.14026186804714166,🔴 Low,Handicrafts,2250,2.939564814814815,3
240,2024-02-09,2,Friday,3,San Miguel,San Miguel,5,Atol de elote,Beverages,1.0,0.15,0.85,10,8.5,Credit card,260,0.45,0.55,5.5,55.00000000000001,18000,-6378.879999999992,0.645617777777778,🔴 Below Target,1630,3,3873.706666666669,0.14026186804714166,🔴 Low,Beverages,500,1.2037333333333333,2
241,2024-12-04,12,Wednesday,1,San Salvador Centro,San Salvador,18,Curtido en frasco,Groceries,2.0,0.15,1.7,11,18.7,Debit card,306,0.9,1.1,12.100000000000001,55.00000000000001,21600,-7478.849999999997,0.653756944444444,🔴 Below Target,1630,3,4707.050000000001,0.11542969234092122,🟡 Medium,Groceries,350,2.290714285714286,1
242,2024-03-24,3,Sunday,3,San Miguel,San Miguel,13,Aceite vegetal 1L,Groceries,2.8,0.15,2.38,6,14.28,Debit card,320,1.8,0.9999999999999998,5.999999999999998,35.71428571428571,18000,-6378.879999999992,0.645617777777778,🔴 Below Target,1630,3,3873.706666666669,0.14026186804714166,🔴 Low,Groceries,350,2.290714285714286,1
243,2024-01-23,1,Tuesday,8,Chalatenango,Chalatenango,6,Kolachampán,Beverages,0.75,0.0,0.75,14,10.5,Debit card,122,0.35,0.4,5.6000000000000005,53.333333333333336,18000,-1665.6599999999962,0.907463333333334,🟢 On Track,1630,3,5444.780000000002,0.09978976805919307,🟢 High,Beverages,500,1.2037333333333333,2
244,2024-08-17,8,Saturday,5,Metrocentro,San Salvador,15,Arroz blanco 1lb,Groceries,0.9,0.05,0.85,8,6.8,Cash,495,0.45,0.45,3.6,50.0,20400,-7248.4400000000005,0.64468431372549,🔴 Below Target,1630,3,4383.8533333333335,0.12393966951449106,🟡 Medium,Groceries,350,2.290714285714286,1
245,2024-07-07,7,Sunday,4,Soyapango,San Salvador,16,Crema salvadoreña,Dairy,1.5,0.0,1.5,19,28.5,Cash,145,0.7,0.8,15.200000000000001,53.333333333333336,19200,-7206.970000000003,0.624636979166666,🔴 Below Target,1630,3,3997.676666666666,0.13591227571347694,🔴 Low,Dairy,550,1.1310733333333334,2
246,2024-03-23,3,Saturday,7,La Libertad,La Libertad,13,Aceite vegetal 1L,Groceries,2.8,0.15,2.38,7,16.66,Debit card,447,1.8,0.9999999999999998,6.999999999999998,35.71428571428571,16800,-6134.490000000002,0.634851785714286,🔴 Below Target,1630,3,3555.1699999999996,0.15282907240253868,🔴 Low,Groceries,350,2.290714285714286,1
247,2024-11-24,11,Sunday,1,San Salvador Centro,San Salvador,9,Camisa guayabera,Clothing,18.0,0.15,15.3,16,244.8,Cash,479,9.0,9.0,144.0,50.0,21600,-7478.849999999997,0.653756944444444,🔴 Below Target,1630,3,4707.050000000001,0.11542969234092122,🟡 Medium,Clothing,400,0.89325,1
248,2024-05-25,5,Saturday,2,Santa Ana,Santa Ana,4,Yuca frita,Traditional Food,2.5,0.15,2.12,3,6.36,Cash,231,1.2,1.3,3.9000000000000004,52.0,19200,-5584.200000000003,0.70915625,🟡 At Risk,1630,3,4538.599999999999,0.11971386183698353,🟡 Medium,Traditional Food,1950,0.531975128205128,3
249,2024-08-11,8,Sunday,3,San Miguel,San Miguel,17,Queso duro blando,Dairy,3.5,0.0,3.5,3,10.5,Credit card,453,1.8,1.7,5.1,48.57142857142857,18000,-6378.879999999992,0.645617777777778,🔴 Below Target,1630,3,3873.706666666669,0.14026186804714166,🔴 Low,Dairy,550,1.1310733333333334,2
250,2024-07-31,7,Wednesday,1,San Salvador Centro,San Salvador,12,Canasta de palma,Handicrafts,12.0,0.0,12.0,2,24.0,Debit card,121,5.5,6.5,13.0,54.166666666666664,21600,-7478.849999999997,0.653756944444444,🔴 Below Target,1630,3,4707.050000000001,0.11542969234092122,🟡 Medium,Handicrafts,2250,2.939564814814815,3
251,2024-07-10,7,Wednesday,2,Santa Ana,Santa Ana,13,Aceite vegetal 1L,Groceries,2.8,0.0,2.8,8,22.4,Cash,51,1.8,0.9999999999999998,7.999999999999998,35.71428571428571,19200,-5584.200000000003,0.70915625,🟡 At Risk,1630,3,4538.599999999999,0.11971386183698353,🟡 Medium,Groceries,350,2.290714285714286,1
252,2024-03-11,3,Monday,3,San Miguel,San Miguel,11,Jarrito de barro,Handicrafts,8.0,0.0,8.0,2,16.0,Bitcoin,242,3.5,4.5,9.0,56.25,18000,-6378.879999999992,0.645617777777778,🔴 Below Target,1630,3,3873.706666666669,0.14026186804714166,🔴 Low,Handicrafts,2250,2.939564814814815,3
253,2024-08-17,8,Saturday,8,Chalatenango,Chalatenango,5,Atol de elote,Beverages,1.0,0.0,1.0,20,20.0,Bitcoin,10,0.45,0.55,11.0,55.00000000000001,18000,-1665.6599999999962,0.907463333333334,🟢 On Track,1630,3,5444.780000000002,0.09978976805919307,🟢 High,Beverages,500,1.2037333333333333,2
254,2024-03-17,3,Sunday,4,Soyapango,San Salvador,9,Camisa guayabera,Clothing,18.0,0.1,16.2,18,291.6,Debit card,217,9.0,9.0,162.0,50.0,19200,-7206.970000000003,0.624636979166666,🔴 Below Target,1630,3,3997.676666666666,0.13591227571347694,🔴 Low,Clothing,400,0.89325,1
255,2024-05-01,5,Wednesday,5,Metrocentro,San Salvador,4,Yuca frita,Traditional Food,2.5,0.0,2.5,10,25.0,Cash,215,1.2,1.3,13.0,52.0,20400,-7248.4400000000005,0.64468431372549,🔴 Below Target,1630,3,4383.8533333333335,0.12393966951449106,🟡 Medium,Traditional Food,1950,0.531975128205128,3
256,2024-02-26,2,Monday,2,Santa Ana,Santa Ana,15,Arroz blanco 1lb,Groceries,0.9,0.05,0.85,16,13.6,Debit card,324,0.45,0.45,7.2,50.0,19200,-5584.200000000003,0.70915625,🟡 At Risk,1630,3,4538.599999999999,0.11971386183698353,🟡 Medium,Groceries,350,2.290714285714286,1
257,2024-03-14,3,Thursday,4,Soyapango,San Salvador,17,Queso duro blando,Dairy,3.5,0.0,3.5,10,35.0,Cash,181,1.8,1.7,17.0,48.57142857142857,19200,-7206.970000000003,0.624636979166666,🔴 Below Target,1630,3,3997.676666666666,0.13591227571347694,🔴 Low,Dairy,550,1.1310733333333334,2
258,2024-04-05,4,Friday,7,La Libertad,La Libertad,8,Fresco de tamarindo,Beverages,0.75,0.05,0.71,3,2.13,Transfer,35,0.3,0.45,1.35,60.0,16800,-6134.490000000002,0.634851785714286,🔴 Below Target,1630,3,3555.1699999999996,0.15282907240253868,🔴 Low,Beverages,500,1.2037333333333333,2
259,2024-07-18,7,Thursday,1,San Salvador Centro,San Salvador,17,Queso duro blando,Dairy,3.5,0.0,3.5,16,56.0,Debit card,192,1.8,1.7,27.2,48.57142857142857,21600,-7478.849999999997,0.653756944444444,🔴 Below Target,1630,3,4707.050000000001,0.11542969234092122,🟡 Medium,Dairy,550,1.1310733333333334,2
260,2024-07-01,7,Monday,1,San Salvador Centro,San Salvador,9,Camisa guayabera,Clothing,18.0,0.0,18.0,3,54.0,Cash,337,9.0,9.0,27.0,50.0,21600,-7478.849999999997,0.653756944444444,🔴 Below Target,1630,3,4707.050000000001,0.11542969234092122,🟡 Medium,Clothing,400,0.89325,1
261,2024-03-09,3,Saturday,6,Usulután,Usulután,4,Yuca frita,Traditional Food,2.5,0.0,2.5,2,5.0,Debit card,417,1.2,1.3,2.6,52.0,16800,-4396.6900000000005,0.738292261904762,🟡 At Risk,1630,3,4134.4366666666665,0.13141653316735613,🟡 Medium,Traditional Food,1950,0.531975128205128,3
262,2024-12-22,12,Sunday,8,Chalatenango,Chalatenango,6,Kolachampán,Beverages,0.75,0.1,0.68,16,10.88,Cash,70,0.35,0.4,6.4,53.333333333333336,18000,-1665.6599999999962,0.907463333333334,🟢 On Track,1630,3,5444.780000000002,0.09978976805919307,🟢 High,Beverages,500,1.2037333333333333,2
263,2024-01-19,1,Friday,8,Chalatenango,Chalatenango,3,Tamales de elote,Traditional Food,1.0,0.0,1.0,10,10.0,Cash,103,0.55,0.44999999999999996,4.5,44.99999999999999,18000,-1665.6599999999962,0.907463333333334,🟢 On Track,1630,3,5444.780000000002,0.09978976805919307,🟢 High,Traditional Food,1950,0.531975128205128,3
264,2024-06-07,6,Friday,6,Usulután,Usulután,2,Pupusas de frijol,Traditional Food,0.5,0.0,0.5,17,8.5,Transfer,279,0.2,0.3,5.1,60.0,16800,-4396.6900000000005,0.738292261904762,🟡 At Risk,1630,3,4134.4366666666665,0.13141653316735613,🟡 Medium,Traditional Food,1950,0.531975128205128,3
265,2024-01-19,1,Friday,5,Metrocentro,San Salvador,16,Crema salvadoreña,Dairy,1.5,0.0,1.5,7,10.5,Cash,400,0.7,0.8,5.6000000000000005,53.333333333333336,20400,-7248.4400000000005,0.64468431372549,🔴 Below Target,1630,3,4383.8533333333335,0.12393966951449106,🟡 Medium,Dairy,550,1.1310733333333334,2
266,2024-05-19,5,Sunday,6,Usulután,Usulután,2,Pupusas de frijol,Traditional Food,0.5,0.15,0.42,4,1.68,Cash,456,0.2,0.3,1.2,60.0,16800,-4396.6900000000005,0.738292261904762,🟡 At Risk,1630,3,4134.4366666666665,0.13141653316735613,🟡 Medium,Traditional Food,1950,0.531975128205128,3
267,2024-07-16,7,Tuesday,8,Chalatenango,Chalatenango,13,Aceite vegetal 1L,Groceries,2.8,0.0,2.8,11,30.8,Cash,255,1.8,0.9999999999999998,10.999999999999998,35.71428571428571,18000,-1665.6599999999962,0.907463333333334,🟢 On Track,1630,3,5444.780000000002,0.09978976805919307,🟢 High,Groceries,350,2.290714285714286,1
268,2024-02-12,2,Monday,5,Metrocentro,San Salvador,12,Canasta de palma,Handicrafts,12.0,0.0,12.0,14,168.0,Cash,422,5.5,6.5,91.0,54.166666666666664,20400,-7248.4400000000005,0.64468431372549,🔴 Below Target,1630,3,4383.8533333333335,0.12393966951449106,🟡 Medium,Handicrafts,2250,2.939564814814815,3
269,2024-06-13,6,Thursday,5,Metrocentro,San Salvador,6,Kolachampán,Beverages,0.75,0.0,0.75,4,3.0,Cash,152,0.35,0.4,1.6,53.333333333333336,20400,-7248.4400000000005,0.64468431372549,🔴 Below Target,1630,3,4383.8533333333335,0.12393966951449106,🟡 Medium,Beverages,500,1.2037333333333333,2
270,2024-11-04,11,Monday,8,Chalatenango,Chalatenango,10,Hamaca artesanal,Handicrafts,35.0,0.0,35.0,14,490.0,Debit card,180,18.0,17.0,238.0,48.57142857142857,18000,-1665.6599999999962,0.907463333333334,🟢 On Track,1630,3,5444.780000000002,0.09978976805919307,🟢 High,Handicrafts,2250,2.939564814814815,3
271,2024-06-29,6,Saturday,1,San Salvador Centro,San Salvador,15,Arroz blanco 1lb,Groceries,0.9,0.0,0.9,20,18.0,Cash,406,0.45,0.45,9.0,50.0,21600,-7478.849999999997,0.653756944444444,🔴 Below Target,1630,3,4707.050000000001,0.11542969234092122,🟡 Medium,Groceries,350,2.290714285714286,1
272,2024-12-09,12,Monday,2,Santa Ana,Santa Ana,2,Pupusas de frijol,Traditional Food,0.5,0.0,0.5,13,6.5,Debit card,384,0.2,0.3,3.9,60.0,19200,-5584.200000000003,0.70915625,🟡 At Risk,1630,3,4538.599999999999,0.11971386183698353,🟡 Medium,Traditional Food,1950,0.531975128205128,3
273,2024-03-14,3,Thursday,1,San Salvador Centro,San Salvador,6,Kolachampán,Beverages,0.75,0.1,0.68,20,13.6,Credit card,18,0.35,0.4,8.0,53.333333333333336,21600,-7478.849999999997,0.653756944444444,🔴 Below Target,1630,3,4707.050000000001,0.11542969234092122,🟡 Medium,Beverages,500,1.2037333333333333,2
274,2024-04-30,4,Tuesday,2,Santa Ana,Santa Ana,5,Atol de elote,Beverages,1.0,0.0,1.0,12,12.0,Cash,291,0.45,0.55,6.6000000000000005,55.00000000000001,19200,-5584.200000000003,0.70915625,🟡 At Risk,1630,3,4538.599999999999,0.11971386183698353,🟡 Medium,Beverages,500,1.2037333333333333,2
275,2024-12-13,12,Friday,3,San Miguel,San Miguel,2,Pupusas de frijol,Traditional Food,0.5,0.0,0.5,15,7.5,Cash,391,0.2,0.3,4.5,60.0,18000,-6378.879999999992,0.645617777777778,🔴 Below Target,1630,3,3873.706666666669,0.14026186804714166,🔴 Low,Traditional Food,1950,0.531975128205128,3
276,2024-09-28,9,Saturday,3,San Miguel,San Miguel,3,Tamales de elote,Traditional Food,1.0,0.0,1.0,12,12.0,Cash,143,0.55,0.44999999999999996,5.3999999999999995,44.99999999999999,18000,-6378.879999999992,0.645617777777778,🔴 Below Target,1630,3,3873.706666666669,0.14026186804714166,🔴 Low,Traditional Food,1950,0.531975128205128,3
277,2024-01-14,1,Sunday,2,Santa Ana,Santa Ana,8,Fresco de tamarindo,Beverages,0.75,0.0,0.75,6,4.5,Debit card,468,0.3,0.45,2.7,60.0,19200,-5584.200000000003,0.70915625,🟡 At Risk,1630,3,4538.599999999999,0.11971386183698353,🟡 Medium,Beverages,500,1.2037333333333333,2
278,2024-05-14,5,Tuesday,2,Santa Ana,Santa Ana,18,Curtido en frasco,Groceries,2.0,0.1,1.8,9,16.2,Cash,314,0.9,1.1,9.9,55.00000000000001,19200,-5584.200000000003,0.70915625,🟡 At Risk,1630,3,4538.599999999999,0.11971386183698353,🟡 Medium,Groceries,350,2.290714285714286,1
279,2024-04-12,4,Friday,8,Chalatenango,Chalatenango,10,Hamaca artesanal,Handicrafts,35.0,0.0,35.0,4,140.0,Credit card,232,18.0,17.0,68.0,48.57142857142857,18000,-1665.6599999999962,0.907463333333334,🟢 On Track,1630,3,5444.780000000002,0.09978976805919307,🟢 High,Handicrafts,2250,2.939564814814815,3
280,2024-02-14,2,Wednesday,8,Chalatenango,Chalatenango,6,Kolachampán,Beverages,0.75,0.1,0.68,11,7.48,Cash,34,0.35,0.4,4.4,53.333333333333336,18000,-1665.6599999999962,0.907463333333334,🟢 On Track,1630,3,5444.780000000002,0.09978976805919307,🟢 High,Beverages,500,1.2037333333333333,2
281,2024-06-02,6,Sunday,5,Metrocentro,San Salvador,18,Curtido en frasco,Groceries,2.0,0.1,1.8,6,10.8,Debit card,359,0.9,1.1,6.6000000000000005,55.00000000000001,20400,-7248.4400000000005,0.64468431372549,🔴 Below Target,1630,3,4383.8533333333335,0.12393966951449106,🟡 Medium,Groceries,350,2.290714285714286,1
282,2024-09-17,9,Tuesday,6,Usulután,Usulután,6,Kolachampán,Beverages,0.75,0.0,0.75,8,6.0,Transfer,406,0.35,0.4,3.2,53.333333333333336,16800,-4396.6900000000005,0.738292261904762,🟡 At Risk,1630,3,4134.4366666666665,0.13141653316735613,🟡 Medium,Beverages,500,1.2037333333333333,2
283,2024-09-09,9,Monday,4,Soyapango,San Salvador,5,Atol de elote,Beverages,1.0,0.0,1.0,1,1.0,Debit card,189,0.45,0.55,0.55,55.00000000000001,19200,-7206.970000000003,0.624636979166666,🔴 Below Target,1630,3,3997.676666666666,0.13591227571347694,🔴 Low,Beverages,500,1.2037333333333333,2
284,2024-11-09,11,Saturday,3,San Miguel,San Miguel,15,Arroz blanco 1lb,Groceries,0.9,0.0,0.9,3,2.7,Cash,368,0.45,0.45,1.35,50.0,18000,-6378.879999999992,0.645617777777778,🔴 Below Target,1630,3,3873.706666666669,0.14026186804714166,🔴 Low,Groceries,350,2.290714285714286,1
285,2024-07-28,7,Sunday,7,La Libertad,La Libertad,16,Crema salvadoreña,Dairy,1.5,0.0,1.5,19,28.5,Cash,163,0.7,0.8,15.200000000000001,53.333333333333336,16800,-6134.490000000002,0.634851785714286,🔴 Below Target,1630,3,3555.1699999999996,0.15282907240253868,🔴 Low,Dairy,550,1.1310733333333334,2
286,2024-08-26,8,Monday,8,Chalatenango,Chalatenango,3,Tamales de elote,Traditional Food,1.0,0.0,1.0,17,17.0,Cash,425,0.55,0.44999999999999996,7.6499999999999995,44.99999999999999,18000,-1665.6599999999962,0.907463333333334,🟢 On Track,1630,3,5444.780000000002,0.09978976805919307,🟢 High,Traditional Food,1950,0.531975128205128,3
287,2024-03-07,3,Thursday,3,San Miguel,San Miguel,18,Curtido en frasco,Groceries,2.0,0.05,1.9,14,26.6,Bitcoin,29,0.9,1.1,15.400000000000002,55.00000000000001,18000,-6378.879999999992,0.645617777777778,🔴 Below Target,1630,3,3873.706666666669,0.14026186804714166,🔴 Low,Groceries,350,2.290714285714286,1
288,2024-06-04,6,Tuesday,3,San Miguel,San Miguel,4,Yuca frita,Traditional Food,2.5,0.0,2.5,6,15.0,Cash,364,1.2,1.3,7.800000000000001,52.0,18000,-6378.879999999992,0.645617777777778,🔴 Below Target,1630,3,3873.706666666669,0.14026186804714166,🔴 Low,Traditional Food,1950,0.531975128205128,3
289,2024-09-22,9,Sunday,6,Usulután,Usulután,8,Fresco de tamarindo,Beverages,0.75,0.15,0.64,10,6.4,Cash,101,0.3,0.45,4.5,60.0,16800,-4396.6900000000005,0.738292261904762,🟡 At Risk,1630,3,4134.4366666666665,0.13141653316735613,🟡 Medium,Beverages,500,1.2037333333333333,2
290,2024-03-05,3,Tuesday,5,Metrocentro,San Salvador,18,Curtido en frasco,Groceries,2.0,0.05,1.9,10,19.0,Debit card,258,0.9,1.1,11.0,55.00000000000001,20400,-7248.4400000000005,0.64468431372549,🔴 Below Target,1630,3,4383.8533333333335,0.12393966951449106,🟡 Medium,Groceries,350,2.290714285714286,1
291,2024-03-28,3,Thursday,3,San Miguel,San Miguel,6,Kolachampán,Beverages,0.75,0.1,0.68,20,13.6,Bitcoin,173,0.35,0.4,8.0,53.333333333333336,18000,-6378.879999999992,0.645617777777778,🔴 Below Target,1630,3,3873.706666666669,0.14026186804714166,🔴 Low,Beverages,500,1.2037333333333333,2
292,2024-02-11,2,Sunday,1,San Salvador Centro,San Salvador,2,Pupusas de frijol,Traditional Food,0.5,0.1,0.45,2,0.9,Credit card,136,0.2,0.3,0.6,60.0,21600,-7478.849999999997,0.653756944444444,🔴 Below Target,1630,3,4707.050000000001,0.11542969234092122,🟡 Medium,Traditional Food,1950,0.531975128205128,3
293,2024-11-12,11,Tuesday,7,La Libertad,La Libertad,7,Café salvadoreño,Beverages,1.5,0.0,1.5,1,1.5,Credit card,280,0.65,0.85,0.85,56.666666666666664,16800,-6134.490000000002,0.634851785714286,🔴 Below Target,1630,3,3555.1699999999996,0.15282907240253868,🔴 Low,Beverages,500,1.2037333333333333,2
294,2024-09-04,9,Wednesday,5,Metrocentro,San Salvador,10,Hamaca artesanal,Handicrafts,35.0,0.15,29.75,8,238.0,Credit card,208,18.0,17.0,136.0,48.57142857142857,20400,-7248.4400000000005,0.64468431372549,🔴 Below Target,1630,3,4383.8533333333335,0.12393966951449106,🟡 Medium,Handicrafts,2250,2.939564814814815,3
295,2024-02-07,2,Wednesday,8,Chalatenango,Chalatenango,10,Hamaca artesanal,Handicrafts,35.0,0.0,35.0,2,70.0,Cash,248,18.0,17.0,34.0,48.57142857142857,18000,-1665.6599999999962,0.907463333333334,🟢 On Track,1630,3,5444.780000000002,0.09978976805919307,🟢 High,Handicrafts,2250,2.939564814814815,3
296,2024-06-23,6,Sunday,4,Soyapango,San Salvador,15,Arroz blanco 1lb,Groceries,0.9,0.0,0.9,20,18.0,Cash,368,0.45,0.45,9.0,50.0,19200,-7206.970000000003,0.624636979166666,🔴 Below Target,1630,3,3997.676666666666,0.13591227571347694,🔴 Low,Groceries,350,2.290714285714286,1
297,2024-07-23,7,Tuesday,6,Usulután,Usulután,11,Jarrito de barro,Handicrafts,8.0,0.15,6.8,5,34.0,Cash,288,3.5,4.5,22.5,56.25,16800,-4396.6900000000005,0.738292261904762,🟡 At Risk,1630,3,4134.4366666666665,0.13141653316735613,🟡 Medium,Handicrafts,2250,2.939564814814815,3
298,2024-05-03,5,Friday,6,Usulután,Usulután,4,Yuca frita,Traditional Food,2.5,0.0,2.5,15,37.5,Cash,127,1.2,1.3,19.5,52.0,16800,-4396.6900000000005,0.738292261904762,🟡 At Risk,1630,3,4134.4366666666665,0.13141653316735613,🟡 Medium,Traditional Food,1950,0.531975128205128,3
299,2024-01-26,1,Friday,2,Santa Ana,Santa Ana,5,Atol de elote,Beverages,1.0,0.0,1.0,10,10.0,Credit card,215,0.45,0.55,5.5,55.00000000000001,19200,-5584.200000000003,0.70915625,🟡 At Risk,1630,3,4538.599999999999,0.11971386183698353,🟡 Medium,Beverages,500,1.2037333333333333,2
300,2024-06-16,6,Sunday,3,San Miguel,San Miguel,8,Fresco de tamarindo,Beverages,0.75,0.1,0.68,19,12.92,Cash,391,0.3,0.45,8.55,60.0,18000,-6378.879999999992,0.645617777777778,🔴 Below Target,1630,3,3873.706666666669,0.14026186804714166,🔴 Low,Beverages,500,1.2037333333333333,2
301,2024-09-20,9,Friday,8,Chalatenango,Chalatenango,6,Kolachampán,Beverages,0.75,0.0,0.75,15,11.25,Credit card,255,0.35,0.4,6.0,53.333333333333336,18000,-1665.6599999999962,0.907463333333334,🟢 On Track,1630,3,5444.780000000002,0.09978976805919307,🟢 High,Beverages,500,1.2037333333333333,2
302,2024-07-20,7,Saturday,2,Santa Ana,Santa Ana,1,Pupusas de queso,Traditional Food,0.5,0.0,0.5,17,8.5,Transfer,111,0.25,0.25,4.25,50.0,19200,-5584.200000000003,0.70915625,🟡 At Risk,1630,3,4538.599999999999,0.11971386183698353,🟡 Medium,Traditional Food,1950,0.531975128205128,3
303,2024-01-26,1,Friday,1,San Salvador Centro,San Salvador,12,Canasta de palma,Handicrafts,12.0,0.0,12.0,10,120.0,Debit card,432,5.5,6.5,65.0,54.166666666666664,21600,-7478.849999999997,0.653756944444444,🔴 Below Target,1630,3,4707.050000000001,0.11542969234092122,🟡 Medium,Handicrafts,2250,2.939564814814815,3
304,2024-10-01,10,Tuesday,5,Metrocentro,San Salvador,16,Crema salvadoreña,Dairy,1.5,0.15,1.27,1,1.27,Cash,69,0.7,0.8,0.8,53.333333333333336,20400,-7248.4400000000005,0.64468431372549,🔴 Below Target,1630,3,4383.8533333333335,0.12393966951449106,🟡 Medium,Dairy,550,1.1310733333333334,2
305,2024-07-25,7,Thursday,6,Usulután,Usulután,9,Camisa guayabera,Clothing,18.0,0.0,18.0,12,216.0,Cash,292,9.0,9.0,108.0,50.0,16800,-4396.6900000000005,0.738292261904762,🟡 At Risk,1630,3,4134.4366666666665,0.13141653316735613,🟡 Medium,Clothing,400,0.89325,1
306,2024-07-04,7,Thursday,4,Soyapango,San Salvador,18,Curtido en frasco,Groceries,2.0,0.0,2.0,18,36.0,Cash,259,0.9,1.1,19.8,55.00000000000001,19200,-7206.970000000003,0.624636979166666,🔴 Below Target,1630,3,3997.676666666666,0.13591227571347694,🔴 Low,Groceries,350,2.290714285714286,1
307,2024-11-15,11,Friday,5,Metrocentro,San Salvador,15,Arroz blanco 1lb,Groceries,0.9,0.0,0.9,20,18.0,Cash,50,0.45,0.45,9.0,50.0,20400,-7248.4400000000005,0.64468431372549,🔴 Below Target,1630,3,4383.8533333333335,0.12393966951449106,🟡 Medium,Groceries,350,2.290714285714286,1
308,2024-06-22,6,Saturday,6,Usulután,Usulután,13,Aceite vegetal 1L,Groceries,2.8,0.0,2.8,18,50.4,Credit card,102,1.8,0.9999999999999998,17.999999999999996,35.71428571428571,16800,-4396.6900000000005,0.738292261904762,🟡 At Risk,1630,3,4134.4366666666665,0.13141653316735613,🟡 Medium,Groceries,350,2.290714285714286,1
309,2024-09-13,9,Friday,7,La Libertad,La Libertad,17,Queso duro blando,Dairy,3.5,0.0,3.5,2,7.0,Cash,366,1.8,1.7,3.4,48.57142857142857,16800,-6134.490000000002,0.634851785714286,🔴 Below Target,1630,3,3555.1699999999996,0.15282907240253868,🔴 Low,Dairy,550,1.1310733333333334,2
310,2024-09-22,9,Sunday,8,Chalatenango,Chalatenango,11,Jarrito de barro,Handicrafts,8.0,0.0,8.0,15,120.0,Debit card,264,3.5,4.5,67.5,56.25,18000,-1665.6599999999962,0.907463333333334,🟢 On Track,1630,3,5444.780000000002,0.09978976805919307,🟢 High,Handicrafts,2250,2.939564814814815,3
311,2024-11-09,11,Saturday,6,Usulután,Usulután,5,Atol de elote,Beverages,1.0,0.0,1.0,11,11.0,Cash,316,0.45,0.55,6.050000000000001,55.00000000000001,16800,-4396.6900000000005,0.738292261904762,🟡 At Risk,1630,3,4134.4366666666665,0.13141653316735613,🟡 Medium,Beverages,500,1.2037333333333333,2
312,2024-09-16,9,Monday,6,Usulután,Usulután,10,Hamaca artesanal,Handicrafts,35.0,0.05,33.25,17,565.25,Cash,289,18.0,17.0,289.0,48.57142857142857,16800,-4396.6900000000005,0.738292261904762,🟡 At Risk,1630,3,4134.4366666666665,0.13141653316735613,🟡 Medium,Handicrafts,2250,2.939564814814815,3
313,2024-01-09,1,Tuesday,8,Chalatenango,Chalatenango,10,Hamaca artesanal,Handicrafts,35.0,0.0,35.0,12,420.0,Debit card,214,18.0,17.0,204.0,48.57142857142857,18000,-1665.6599999999962,0.907463333333334,🟢 On Track,1630,3,5444.780000000002,0.09978976805919307,🟢 High,Handicrafts,2250,2.939564814814815,3
314,2024-11-01,11,Friday,1,San Salvador Centro,San Salvador,10,Hamaca artesanal,Handicrafts,35.0,0.0,35.0,16,560.0,Transfer,401,18.0,17.0,272.0,48.57142857142857,21600,-7478.849999999997,0.653756944444444,🔴 Below Target,1630,3,4707.050000000001,0.11542969234092122,🟡 Medium,Handicrafts,2250,2.939564814814815,3
315,2024-10-25,10,Friday,1,San Salvador Centro,San Salvador,8,Fresco de tamarindo,Beverages,0.75,0.0,0.75,16,12.0,Debit card,370,0.3,0.45,7.2,60.0,21600,-7478.849999999997,0.653756944444444,🔴 Below Target,1630,3,4707.050000000001,0.11542969234092122,🟡 Medium,Beverages,500,1.2037333333333333,2
316,2024-12-14,12,Saturday,3,San Miguel,San Miguel,13,Aceite vegetal 1L,Groceries,2.8,0.0,2.8,8,22.4,Debit card,359,1.8,0.9999999999999998,7.999999999999998,35.71428571428571,18000,-6378.879999999992,0.645617777777778,🔴 Below Target,1630,3,3873.706666666669,0.14026186804714166,🔴 Low,Groceries,350,2.290714285714286,1
317,2024-01-10,1,Wednesday,4,Soyapango,San Salvador,4,Yuca frita,Traditional Food,2.5,0.0,2.5,15,37.5,Cash,212,1.2,1.3,19.5,52.0,19200,-7206.970000000003,0.624636979166666,🔴 Below Target,1630,3,3997.676666666666,0.13591227571347694,🔴 Low,Traditional Food,1950,0.531975128205128,3
318,2024-09-13,9,Friday,7,La Libertad,La Libertad,7,Café salvadoreño,Beverages,1.5,0.0,1.5,20,30.0,Credit card,377,0.65,0.85,17.0,56.666666666666664,16800,-6134.490000000002,0.634851785714286,🔴 Below Target,1630,3,3555.1699999999996,0.15282907240253868,🔴 Low,Beverages,500,1.2037333333333333,2
319,2024-09-22,9,Sunday,3,San Miguel,San Miguel,2,Pupusas de frijol,Traditional Food,0.5,0.05,0.47,7,3.29,Cash,340,0.2,0.3,2.1,60.0,18000,-6378.879999999992,0.645617777777778,🔴 Below Target,1630,3,3873.706666666669,0.14026186804714166,🔴 Low,Traditional Food,1950,0.531975128205128,3
320,2024-06-09,6,Sunday,7,La Libertad,La Libertad,16,Crema salvadoreña,Dairy,1.5,0.0,1.5,6,9.0,Bitcoin,176,0.7,0.8,4.800000000000001,53.333333333333336,16800,-6134.490000000002,0.634851785714286,🔴 Below Target,1630,3,3555.1699999999996,0.15282907240253868,🔴 Low,Dairy,550,1.1310733333333334,2
321,2024-12-12,12,Thursday,6,Usulután,Usulután,18,Curtido en frasco,Groceries,2.0,0.05,1.9,9,17.1,Cash,491,0.9,1.1,9.9,55.00000000000001,16800,-4396.6900000000005,0.738292261904762,🟡 At Risk,1630,3,4134.4366666666665,0.13141653316735613,🟡 Medium,Groceries,350,2.290714285714286,1
322,2024-10-12,10,Saturday,5,Metrocentro,San Salvador,8,Fresco de tamarindo,Beverages,0.75,0.0,0.75,10,7.5,Bitcoin,153,0.3,0.45,4.5,60.0,20400,-7248.4400000000005,0.64468431372549,🔴 Below Target,1630,3,4383.8533333333335,0.12393966951449106,🟡 Medium,Beverages,500,1.2037333333333333,2
323,2024-12-19,12,Thursday,4,Soyapango,San Salvador,10,Hamaca artesanal,Handicrafts,35.0,0.0,35.0,16,560.0,Cash,287,18.0,17.0,272.0,48.57142857142857,19200,-7206.970000000003,0.624636979166666,🔴 Below Target,1630,3,3997.676666666666,0.13591227571347694,🔴 Low,Handicrafts,2250,2.939564814814815,3
324,2024-03-03,3,Sunday,5,Metrocentro,San Salvador,9,Camisa guayabera,Clothing,18.0,0.1,16.2,19,307.8,Debit card,459,9.0,9.0,171.0,50.0,20400,-7248.4400000000005,0.64468431372549,🔴 Below Target,1630,3,4383.8533333333335,0.12393966951449106,🟡 Medium,Clothing,400,0.89325,1
325,2024-03-15,3,Friday,6,Usulután,Usulután,13,Aceite vegetal 1L,Groceries,2.8,0.0,2.8,10,28.0,Cash,366,1.8,0.9999999999999998,9.999999999999998,35.71428571428571,16800,-4396.6900000000005,0.738292261904762,🟡 At Risk,1630,3,4134.4366666666665,0.13141653316735613,🟡 Medium,Groceries,350,2.290714285714286,1
326,2024-08-14,8,Wednesday,6,Usulután,Usulután,3,Tamales de elote,Traditional Food,1.0,0.1,0.9,9,8.1,Cash,104,0.55,0.44999999999999996,4.05,44.99999999999999,16800,-4396.6900000000005,0.738292261904762,🟡 At Risk,1630,3,4134.4366666666665,0.13141653316735613,🟡 Medium,Traditional Food,1950,0.531975128205128,3
327,2024-10-14,10,Monday,5,Metrocentro,San Salvador,18,Curtido en frasco,Groceries,2.0,0.0,2.0,9,18.0,Cash,380,0.9,1.1,9.9,55.00000000000001,20400,-7248.4400000000005,0.64468431372549,🔴 Below Target,1630,3,4383.8533333333335,0.12393966951449106,🟡 Medium,Groceries,350,2.290714285714286,1
328,2024-01-26,1,Friday,4,Soyapango,San Salvador,8,Fresco de tamarindo,Beverages,0.75,0.0,0.75,17,12.75,Debit card,27,0.3,0.45,7.65,60.0,19200,-7206.970000000003,0.624636979166666,🔴 Below Target,1630,3,3997.676666666666,0.13591227571347694,🔴 Low,Beverages,500,1.2037333333333333,2
329,2024-06-18,6,Tuesday,7,La Libertad,La Libertad,4,Yuca frita,Traditional Food,2.5,0.0,2.5,16,40.0,Debit card,71,1.2,1.3,20.8,52.0,16800,-6134.490000000002,0.634851785714286,🔴 Below Target,1630,3,3555.1699999999996,0.15282907240253868,🔴 Low,Traditional Food,1950,0.531975128205128,3
330,2024-07-27,7,Saturday,3,San Miguel,San Miguel,1,Pupusas de queso,Traditional Food,0.5,0.0,0.5,16,8.0,Debit card,388,0.25,0.25,4.0,50.0,18000,-6378.879999999992,0.645617777777778,🔴 Below Target,1630,3,3873.706666666669,0.14026186804714166,🔴 Low,Traditional Food,1950,0.531975128205128,3
331,2024-05-26,5,Sunday,6,Usulután,Usulután,10,Hamaca artesanal,Handicrafts,35.0,0.15,29.75,2,59.5,Cash,294,18.0,17.0,34.0,48.57142857142857,16800,-4396.6900000000005,0.738292261904762,🟡 At Risk,1630,3,4134.4366666666665,0.13141653316735613,🟡 Medium,Handicrafts,2250,2.939564814814815,3
332,2024-03-30,3,Saturday,1,San Salvador Centro,San Salvador,8,Fresco de tamarindo,Beverages,0.75,0.15,0.64,14,8.96,Cash,471,0.3,0.45,6.3,60.0,21600,-7478.849999999997,0.653756944444444,🔴 Below Target,1630,3,4707.050000000001,0.11542969234092122,🟡 Medium,Beverages,500,1.2037333333333333,2
333,2024-09-10,9,Tuesday,7,La Libertad,La Libertad,2,Pupusas de frijol,Traditional Food,0.5,0.1,0.45,6,2.7,Transfer,475,0.2,0.3,1.7999999999999998,60.0,16800,-6134.490000000002,0.634851785714286,🔴 Below Target,1630,3,3555.1699999999996,0.15282907240253868,🔴 Low,Traditional Food,1950,0.531975128205128,3
334,2024-01-05,1,Friday,1,San Salvador Centro,San Salvador,10,Hamaca artesanal,Handicrafts,35.0,0.05,33.25,10,332.5,Debit card,476,18.0,17.0,170.0,48.57142857142857,21600,-7478.849999999997,0.653756944444444,🔴 Below Target,1630,3,4707.050000000001,0.11542969234092122,🟡 Medium,Handicrafts,2250,2.939564814814815,3
335,2024-08-20,8,Tuesday,5,Metrocentro,San Salvador,11,Jarrito de barro,Handicrafts,8.0,0.05,7.6,18,136.8,Cash,481,3.5,4.5,81.0,56.25,20400,-7248.4400000000005,0.64468431372549,🔴 Below Target,1630,3,4383.8533333333335,0.12393966951449106,🟡 Medium,Handicrafts,2250,2.939564814814815,3
336,2024-05-19,5,Sunday,8,Chalatenango,Chalatenango,5,Atol de elote,Beverages,1.0,0.15,0.85,7,5.95,Cash,84,0.45,0.55,3.8500000000000005,55.00000000000001,18000,-1665.6599999999962,0.907463333333334,🟢 On Track,1630,3,5444.780000000002,0.09978976805919307,🟢 High,Beverages,500,1.2037333333333333,2
337,2024-04-05,4,Friday,5,Metrocentro,San Salvador,15,Arroz blanco 1lb,Groceries,0.9,0.1,0.81,1,0.81,Cash,152,0.45,0.45,0.45,50.0,20400,-7248.4400000000005,0.64468431372549,🔴 Below Target,1630,3,4383.8533333333335,0.12393966951449106,🟡 Medium,Groceries,350,2.290714285714286,1
338,2024-11-08,11,Friday,3,San Miguel,San Miguel,7,Café salvadoreño,Beverages,1.5,0.15,1.27,13,16.51,Cash,168,0.65,0.85,11.049999999999999,56.666666666666664,18000,-6378.879999999992,0.645617777777778,🔴 Below Target,1630,3,3873.706666666669,0.14026186804714166,🔴 Low,Beverages,500,1.2037333333333333,2
339,2024-12-08,12,Sunday,7,La Libertad,La Libertad,3,Tamales de elote,Traditional Food,1.0,0.0,1.0,4,4.0,Transfer,245,0.55,0.44999999999999996,1.7999999999999998,44.99999999999999,16800,-6134.490000000002,0.634851785714286,🔴 Below Target,1630,3,3555.1699999999996,0.15282907240253868,🔴 Low,Traditional Food,1950,0.531975128205128,3
340,2024-01-04,1,Thursday,4,Soyapango,San Salvador,11,Jarrito de barro,Handicrafts,8.0,0.0,8.0,9,72.0,Cash,386,3.5,4.5,40.5,56.25,19200,-7206.970000000003,0.624636979166666,🔴 Below Target,1630,3,3997.676666666666,0.13591227571347694,🔴 Low,Handicrafts,2250,2.939564814814815,3
341,2024-06-03,6,Monday,6,Usulután,Usulután,9,Camisa guayabera,Clothing,18.0,0.1,16.2,19,307.8,Debit card,134,9.0,9.0,171.0,50.0,16800,-4396.6900000000005,0.738292261904762,🟡 At Risk,1630,3,4134.4366666666665,0.13141653316735613,🟡 Medium,Clothing,400,0.89325,1
342,2024-02-01,2,Thursday,4,Soyapango,San Salvador,12,Canasta de palma,Handicrafts,12.0,0.0,12.0,4,48.0,Cash,208,5.5,6.5,26.0,54.166666666666664,19200,-7206.970000000003,0.624636979166666,🔴 Below Target,1630,3,3997.676666666666,0.13591227571347694,🔴 Low,Handicrafts,2250,2.939564814814815,3
343,2024-12-19,12,Thursday,5,Metrocentro,San Salvador,17,Queso duro blando,Dairy,3.5,0.1,3.15,4,12.6,Bitcoin,152,1.8,1.7,6.8,48.57142857142857,20400,-7248.4400000000005,0.64468431372549,🔴 Below Target,1630,3,4383.8533333333335,0.12393966951449106,🟡 Medium,Dairy,550,1.1310733333333334,2
344,2024-04-22,4,Monday,4,Soyapango,San Salvador,12,Canasta de palma,Handicrafts,12.0,0.0,12.0,5,60.0,Cash,383,5.5,6.5,32.5,54.166666666666664,19200,-7206.970000000003,0.624636979166666,🔴 Below Target,1630,3,3997.676666666666,0.13591227571347694,🔴 Low,Handicrafts,2250,2.939564814814815,3
345,2024-12-25,12,Wednesday,7,La Libertad,La Libertad,12,Canasta de palma,Handicrafts,12.0,0.0,12.0,18,216.0,Credit card,411,5.5,6.5,117.0,54.166666666666664,16800,-6134.490000000002,0.634851785714286,🔴 Below Target,1630,3,3555.1699999999996,0.15282907240253868,🔴 Low,Handicrafts,2250,2.939564814814815,3
346,2024-12-14,12,Saturday,4,Soyapango,San Salvador,7,Café salvadoreño,Beverages,1.5,0.15,1.27,20,25.4,Credit card,270,0.65,0.85,17.0,56.666666666666664,19200,-7206.970000000003,0.624636979166666,🔴 Below Target,1630,3,3997.676666666666,0.13591227571347694,🔴 Low,Beverages,500,1.2037333333333333,2
347,2024-02-09,2,Friday,6,Usulután,Usulután,15,Arroz blanco 1lb,Groceries,0.9,0.0,0.9,19,17.1,Cash,281,0.45,0.45,8.55,50.0,16800,-4396.6900000000005,0.738292261904762,🟡 At Risk,1630,3,4134.4366666666665,0.13141653316735613,🟡 Medium,Groceries,350,2.290714285714286,1
348,2024-10-20,10,Sunday,4,Soyapango,San Salvador,17,Queso duro blando,Dairy,3.5,0.0,3.5,18,63.0,Cash,438,1.8,1.7,30.599999999999998,48.57142857142857,19200,-7206.970000000003,0.624636979166666,🔴 Below Target,1630,3,3997.676666666666,0.13591227571347694,🔴 Low,Dairy,550,1.1310733333333334,2
349,2024-02-29,2,Thursday,8,Chalatenango,Chalatenango,17,Queso duro blando,Dairy,3.5,0.1,3.15,7,22.05,Debit card,47,1.8,1.7,11.9,48.57142857142857,18000,-1665.6599999999962,0.907463333333334,🟢 On Track,1630,3,5444.780000000002,0.09978976805919307,🟢 High,Dairy,550,1.1310733333333334,2
350,2024-01-29,1,Monday,8,Chalatenango,Chalatenango,17,Queso duro blando,Dairy,3.5,0.0,3.5,15,52.5,Debit card,234,1.8,1.7,25.5,48.57142857142857,18000,-1665.6599999999962,0.907463333333334,🟢 On Track,1630,3,5444.780000000002,0.09978976805919307,🟢 High,Dairy,550,1.1310733333333334,2
351,2024-12-10,12,Tuesday,8,Chalatenango,Chalatenango,2,Pupusas de frijol,Traditional Food,0.5,0.1,0.45,10,4.5,Cash,131,0.2,0.3,3.0,60.0,18000,-1665.6599999999962,0.907463333333334,🟢 On Track,1630,3,5444.780000000002,0.09978976805919307,🟢 High,Traditional Food,1950,0.531975128205128,3
352,2024-10-23,10,Wednesday,4,Soyapango,San Salvador,1,Pupusas de queso,Traditional Food,0.5,0.0,0.5,3,1.5,Cash,359,0.25,0.25,0.75,50.0,19200,-7206.970000000003,0.624636979166666,🔴 Below Target,1630,3,3997.676666666666,0.13591227571347694,🔴 Low,Traditional Food,1950,0.531975128205128,3
353,2024-02-05,2,Monday,1,San Salvador Centro,San Salvador,3,Tamales de elote,Traditional Food,1.0,0.0,1.0,16,16.0,Cash,93,0.55,0.44999999999999996,7.199999999999999,44.99999999999999,21600,-7478.849999999997,0.653756944444444,🔴 Below Target,1630,3,4707.050000000001,0.11542969234092122,🟡 Medium,Traditional Food,1950,0.531975128205128,3
354,2024-07-10,7,Wednesday,7,La Libertad,La Libertad,5,Atol de elote,Beverages,1.0,0.0,1.0,13,13.0,Credit card,465,0.45,0.55,7.15,55.00000000000001,16800,-6134.490000000002,0.634851785714286,🔴 Below Target,1630,3,3555.1699999999996,0.15282907240253868,🔴 Low,Beverages,500,1.2037333333333333,2
355,2024-02-11,2,Sunday,7,La Libertad,La Libertad,13,Aceite vegetal 1L,Groceries,2.8,0.0,2.8,18,50.4,Debit card,179,1.8,0.9999999999999998,17.999999999999996,35.71428571428571,16800,-6134.490000000002,0.634851785714286,🔴 Below Target,1630,3,3555.1699999999996,0.15282907240253868,🔴 Low,Groceries,350,2.290714285714286,1
356,2024-10-02,10,Wednesday,3,San Miguel,San Miguel,4,Yuca frita,Traditional Food,2.5,0.05,2.38,13,30.94,Cash,115,1.2,1.3,16.900000000000002,52.0,18000,-6378.879999999992,0.645617777777778,🔴 Below Target,1630,3,3873.706666666669,0.14026186804714166,🔴 Low,Traditional Food,1950,0.531975128205128,3
357,2024-06-01,6,Saturday,1,San Salvador Centro,San Salvador,1,Pupusas de queso,Traditional Food,0.5,0.1,0.45,15,6.75,Debit card,218,0.25,0.25,3.75,50.0,21600,-7478.849999999997,0.653756944444444,🔴 Below Target,1630,3,4707.050000000001,0.11542969234092122,🟡 Medium,Traditional Food,1950,0.531975128205128,3
358,2024-04-27,4,Saturday,7,La Libertad,La Libertad,18,Curtido en frasco,Groceries,2.0,0.0,2.0,8,16.0,Cash,142,0.9,1.1,8.8,55.00000000000001,16800,-6134.490000000002,0.634851785714286,🔴 Below Target,1630,3,3555.1699999999996,0.15282907240253868,🔴 Low,Groceries,350,2.290714285714286,1
359,2024-01-17,1,Wednesday,2,Santa Ana,Santa Ana,7,Café salvadoreño,Beverages,1.5,0.05,1.42,14,19.88,Credit card,453,0.65,0.85,11.9,56.666666666666664,19200,-5584.200000000003,0.70915625,🟡 At Risk,1630,3,4538.599999999999,0.11971386183698353,🟡 Medium,Beverages,500,1.2037333333333333,2
360,2024-04-15,4,Monday,4,Soyapango,San Salvador,1,Pupusas de queso,Traditional Food,0.5,0.0,0.5,3,1.5,Debit card,229,0.25,0.25,0.75,50.0,19200,-7206.970000000003,0.624636979166666,🔴 Below Target,1630,3,3997.676666666666,0.13591227571347694,🔴 Low,Traditional Food,1950,0.531975128205128,3
361,2024-01-23,1,Tuesday,4,Soyapango,San Salvador,2,Pupusas de frijol,Traditional Food,0.5,0.0,0.5,13,6.5,Cash,112,0.2,0.3,3.9,60.0,19200,-7206.970000000003,0.624636979166666,🔴 Below Target,1630,3,3997.676666666666,0.13591227571347694,🔴 Low,Traditional Food,1950,0.531975128205128,3
362,2024-09-14,9,Saturday,3,San Miguel,San Miguel,2,Pupusas de frijol,Traditional Food,0.5,0.0,0.5,10,5.0,Credit card,375,0.2,0.3,3.0,60.0,18000,-6378.879999999992,0.645617777777778,🔴 Below Target,1630,3,3873.706666666669,0.14026186804714166,🔴 Low,Traditional Food,1950,0.531975128205128,3
363,2024-05-01,5,Wednesday,6,Usulután,Usulután,11,Jarrito de barro,Handicrafts,8.0,0.0,8.0,10,80.0,Transfer,267,3.5,4.5,45.0,56.25,16800,-4396.6900000000005,0.738292261904762,🟡 At Risk,1630,3,4134.4366666666665,0.13141653316735613,🟡 Medium,Handicrafts,2250,2.939564814814815,3
364,2024-06-02,6,Sunday,7,La Libertad,La Libertad,8,Fresco de tamarindo,Beverages,0.75,0.0,0.75,9,6.75,Debit card,303,0.3,0.45,4.05,60.0,16800,-6134.490000000002,0.634851785714286,🔴 Below Target,1630,3,3555.1699999999996,0.15282907240253868,🔴 Low,Beverages,500,1.2037333333333333,2
365,2024-10-11,10,Friday,7,La Libertad,La Libertad,6,Kolachampán,Beverages,0.75,0.0,0.75,16,12.0,Transfer,483,0.35,0.4,6.4,53.333333333333336,16800,-6134.490000000002,0.634851785714286,🔴 Below Target,1630,3,3555.1699999999996,0.15282907240253868,🔴 Low,Beverages,500,1.2037333333333333,2
366,2024-12-22,12,Sunday,6,Usulután,Usulután,13,Aceite vegetal 1L,Groceries,2.8,0.0,2.8,14,39.2,Cash,193,1.8,0.9999999999999998,13.999999999999996,35.71428571428571,16800,-4396.6900000000005,0.738292261904762,🟡 At Risk,1630,3,4134.4366666666665,0.13141653316735613,🟡 Medium,Groceries,350,2.290714285714286,1
367,2024-05-03,5,Friday,8,Chalatenango,Chalatenango,6,Kolachampán,Beverages,0.75,0.0,0.75,8,6.0,Credit card,74,0.35,0.4,3.2,53.333333333333336,18000,-1665.6599999999962,0.907463333333334,🟢 On Track,1630,3,5444.780000000002,0.09978976805919307,🟢 High,Beverages,500,1.2037333333333333,2
368,2024-10-14,10,Monday,1,San Salvador Centro,San Salvador,15,Arroz blanco 1lb,Groceries,0.9,0.0,0.9,14,12.6,Debit card,69,0.45,0.45,6.3,50.0,21600,-7478.849999999997,0.653756944444444,🔴 Below Target,1630,3,4707.050000000001,0.11542969234092122,🟡 Medium,Groceries,350,2.290714285714286,1
369,2024-05-10,5,Friday,4,Soyapango,San Salvador,13,Aceite vegetal 1L,Groceries,2.8,0.0,2.8,7,19.6,Debit card,473,1.8,0.9999999999999998,6.999999999999998,35.71428571428571,19200,-7206.970000000003,0.624636979166666,🔴 Below Target,1630,3,3997.676666666666,0.13591227571347694,🔴 Low,Groceries,350,2.290714285714286,1
370,2024-02-17,2,Saturday,6,Usulután,Usulután,15,Arroz blanco 1lb,Groceries,0.9,0.1,0.81,18,14.58,Credit card,27,0.45,0.45,8.1,50.0,16800,-4396.6900000000005,0.738292261904762,🟡 At Risk,1630,3,4134.4366666666665,0.13141653316735613,🟡 Medium,Groceries,350,2.290714285714286,1
371,2024-12-10,12,Tuesday,7,La Libertad,La Libertad,9,Camisa guayabera,Clothing,18.0,0.05,17.1,20,342.0,Cash,38,9.0,9.0,180.0,50.0,16800,-6134.490000000002,0.634851785714286,🔴 Below Target,1630,3,3555.1699999999996,0.15282907240253868,🔴 Low,Clothing,400,0.89325,1
372,2024-09-02,9,Monday,4,Soyapango,San Salvador,7,Café salvadoreño,Beverages,1.5,0.15,1.27,7,8.89,Bitcoin,156,0.65,0.85,5.95,56.666666666666664,19200,-7206.970000000003,0.624636979166666,🔴 Below Target,1630,3,3997.676666666666,0.13591227571347694,🔴 Low,Beverages,500,1.2037333333333333,2
373,2024-04-07,4,Sunday,4,Soyapango,San Salvador,1,Pupusas de queso,Traditional Food,0.5,0.1,0.45,4,1.8,Transfer,246,0.25,0.25,1.0,50.0,19200,-7206.970000000003,0.624636979166666,🔴 Below Target,1630,3,3997.676666666666,0.13591227571347694,🔴 Low,Traditional Food,1950,0.531975128205128,3
374,2024-07-22,7,Monday,4,Soyapango,San Salvador,8,Fresco de tamarindo,Beverages,0.75,0.05,0.71,8,5.68,Cash,145,0.3,0.45,3.6,60.0,19200,-7206.970000000003,0.624636979166666,🔴 Below Target,1630,3,3997.676666666666,0.13591227571347694,🔴 Low,Beverages,500,1.2037333333333333,2
375,2024-09-30,9,Monday,8,Chalatenango,Chalatenango,13,Aceite vegetal 1L,Groceries,2.8,0.0,2.8,12,33.6,Cash,263,1.8,0.9999999999999998,11.999999999999996,35.71428571428571,18000,-1665.6599999999962,0.907463333333334,🟢 On Track,1630,3,5444.780000000002,0.09978976805919307,🟢 High,Groceries,350,2.290714285714286,1
376,2024-02-20,2,Tuesday,8,Chalatenango,Chalatenango,16,Crema salvadoreña,Dairy,1.5,0.15,1.27,16,20.32,Credit card,469,0.7,0.8,12.8,53.333333333333336,18000,-1665.6599999999962,0.907463333333334,🟢 On Track,1630,3,5444.780000000002,0.09978976805919307,🟢 High,Dairy,550,1.1310733333333334,2
377,2024-06-09,6,Sunday,6,Usulután,Usulután,7,Café salvadoreño,Beverages,1.5,0.0,1.5,14,21.0,Debit card,114,0.65,0.85,11.9,56.666666666666664,16800,-4396.6900000000005,0.738292261904762,🟡 At Risk,1630,3,4134.4366666666665,0.13141653316735613,🟡 Medium,Beverages,500,1.2037333333333333,2
378,2024-05-13,5,Monday,1,San Salvador Centro,San Salvador,5,Atol de elote,Beverages,1.0,0.05,0.95,18,17.1,Debit card,214,0.45,0.55,9.9,55.00000000000001,21600,-7478.849999999997,0.653756944444444,🔴 Below Target,1630,3,4707.050000000001,0.11542969234092122,🟡 Medium,Beverages,500,1.2037333333333333,2
379,2024-04-10,4,Wednesday,3,San Miguel,San Miguel,10,Hamaca artesanal,Handicrafts,35.0,0.0,35.0,11,385.0,Cash,427,18.0,17.0,187.0,48.57142857142857,18000,-6378.879999999992,0.645617777777778,🔴 Below Target,1630,3,3873.706666666669,0.14026186804714166,🔴 Low,Handicrafts,2250,2.939564814814815,3
380,2024-10-08,10,Tuesday,8,Chalatenango,Chalatenango,8,Fresco de tamarindo,Beverages,0.75,0.0,0.75,11,8.25,Credit card,251,0.3,0.45,4.95,60.0,18000,-1665.6599999999962,0.907463333333334,🟢 On Track,1630,3,5444.780000000002,0.09978976805919307,🟢 High,Beverages,500,1.2037333333333333,2
381,2024-03-27,3,Wednesday,8,Chalatenango,Chalatenango,16,Crema salvadoreña,Dairy,1.5,0.0,1.5,12,18.0,Cash,280,0.7,0.8,9.600000000000001,53.333333333333336,18000,-1665.6599999999962,0.907463333333334,🟢 On Track,1630,3,5444.780000000002,0.09978976805919307,🟢 High,Dairy,550,1.1310733333333334,2
382,2024-10-04,10,Friday,3,San Miguel,San Miguel,16,Crema salvadoreña,Dairy,1.5,0.05,1.42,2,2.84,Cash,434,0.7,0.8,1.6,53.333333333333336,18000,-6378.879999999992,0.645617777777778,🔴 Below Target,1630,3,3873.706666666669,0.14026186804714166,🔴 Low,Dairy,550,1.1310733333333334,2
383,2024-01-04,1,Thursday,1,San Salvador Centro,San Salvador,3,Tamales de elote,Traditional Food,1.0,0.0,1.0,14,14.0,Credit card,119,0.55,0.44999999999999996,6.299999999999999,44.99999999999999,21600,-7478.849999999997,0.653756944444444,🔴 Below Target,1630,3,4707.050000000001,0.11542969234092122,🟡 Medium,Traditional Food,1950,0.531975128205128,3
384,2024-01-05,1,Friday,3,San Miguel,San Miguel,3,Tamales de elote,Traditional Food,1.0,0.05,0.95,7,6.65,Cash,31,0.55,0.44999999999999996,3.1499999999999995,44.99999999999999,18000,-6378.879999999992,0.645617777777778,🔴 Below Target,1630,3,3873.706666666669,0.14026186804714166,🔴 Low,Traditional Food,1950,0.531975128205128,3
385,2024-01-09,1,Tuesday,8,Chalatenango,Chalatenango,16,Crema salvadoreña,Dairy,1.5,0.05,1.42,1,1.42,Debit card,7,0.7,0.8,0.8,53.333333333333336,18000,-1665.6599999999962,0.907463333333334,🟢 On Track,1630,3,5444.780000000002,0.09978976805919307,🟢 High,Dairy,550,1.1310733333333334,2
386,2024-10-01,10,Tuesday,5,Metrocentro,San Salvador,1,Pupusas de queso,Traditional Food,0.5,0.0,0.5,10,5.0,Debit card,358,0.25,0.25,2.5,50.0,20400,-7248.4400000000005,0.64468431372549,🔴 Below Target,1630,3,4383.8533333333335,0.12393966951449106,🟡 Medium,Traditional Food,1950,0.531975128205128,3
387,2024-02-24,2,Saturday,3,San Miguel,San Miguel,14,Frijoles rojos 1lb,Groceries,1.2,0.05,1.14,4,4.56,Cash,99,0.65,0.5499999999999999,2.1999999999999997,45.83333333333333,18000,-6378.879999999992,0.645617777777778,🔴 Below Target,1630,3,3873.706666666669,0.14026186804714166,🔴 Low,Groceries,350,2.290714285714286,1
388,2024-06-30,6,Sunday,5,Metrocentro,San Salvador,17,Queso duro blando,Dairy,3.5,0.15,2.98,9,26.82,Cash,192,1.8,1.7,15.299999999999999,48.57142857142857,20400,-7248.4400000000005,0.64468431372549,🔴 Below Target,1630,3,4383.8533333333335,0.12393966951449106,🟡 Medium,Dairy,550,1.1310733333333334,2
389,2024-10-16,10,Wednesday,8,Chalatenango,Chalatenango,13,Aceite vegetal 1L,Groceries,2.8,0.1,2.52,8,20.16,Cash,351,1.8,0.9999999999999998,7.999999999999998,35.71428571428571,18000,-1665.6599999999962,0.907463333333334,🟢 On Track,1630,3,5444.780000000002,0.09978976805919307,🟢 High,Groceries,350,2.290714285714286,1
390,2024-02-17,2,Saturday,1,San Salvador Centro,San Salvador,3,Tamales de elote,Traditional Food,1.0,0.0,1.0,13,13.0,Cash,244,0.55,0.44999999999999996,5.85,44.99999999999999,21600,-7478.849999999997,0.653756944444444,🔴 Below Target,1630,3,4707.050000000001,0.11542969234092122,🟡 Medium,Traditional Food,1950,0.531975128205128,3
391,2024-12-25,12,Wednesday,1,San Salvador Centro,San Salvador,2,Pupusas de frijol,Traditional Food,0.5,0.0,0.5,6,3.0,Cash,223,0.2,0.3,1.7999999999999998,60.0,21600,-7478.849999999997,0.653756944444444,🔴 Below Target,1630,3,4707.050000000001,0.11542969234092122,🟡 Medium,Traditional Food,1950,0.531975128205128,3
392,2024-09-27,9,Friday,2,Santa Ana,Santa Ana,11,Jarrito de barro,Handicrafts,8.0,0.0,8.0,2,16.0,Cash,445,3.5,4.5,9.0,56.25,19200,-5584.200000000003,0.70915625,🟡 At Risk,1630,3,4538.599999999999,0.11971386183698353,🟡 Medium,Handicrafts,2250,2.939564814814815,3
393,2024-01-24,1,Wednesday,5,Metrocentro,San Salvador,16,Crema salvadoreña,Dairy,1.5,0.1,1.35,3,4.05,Bitcoin,461,0.7,0.8,2.4000000000000004,53.333333333333336,20400,-7248.4400000000005,0.64468431372549,🔴 Below Target,1630,3,4383.8533333333335,0.12393966951449106,🟡 Medium,Dairy,550,1.1310733333333334,2
394,2024-04-01,4,Monday,1,San Salvador Centro,San Salvador,18,Curtido en frasco,Groceries,2.0,0.0,2.0,11,22.0,Transfer,301,0.9,1.1,12.100000000000001,55.00000000000001,21600,-7478.849999999997,0.653756944444444,🔴 Below Target,1630,3,4707.050000000001,0.11542969234092122,🟡 Medium,Groceries,350,2.290714285714286,1
395,2024-02-09,2,Friday,7,La Libertad,La Libertad,5,Atol de elote,Beverages,1.0,0.0,1.0,10,10.0,Debit card,291,0.45,0.55,5.5,55.00000000000001,16800,-6134.490000000002,0.634851785714286,🔴 Below Target,1630,3,3555.1699999999996,0.15282907240253868,🔴 Low,Beverages,500,1.2037333333333333,2
396,2024-07-15,7,Monday,6,Usulután,Usulután,13,Aceite vegetal 1L,Groceries,2.8,0.15,2.38,5,11.9,Transfer,371,1.8,0.9999999999999998,4.999999999999999,35.71428571428571,16800,-4396.6900000000005,0.738292261904762,🟡 At Risk,1630,3,4134.4366666666665,0.13141653316735613,🟡 Medium,Groceries,350,2.290714285714286,1
397,2024-01-28,1,Sunday,6,Usulután,Usulután,3,Tamales de elote,Traditional Food,1.0,0.0,1.0,4,4.0,Cash,39,0.55,0.44999999999999996,1.7999999999999998,44.99999999999999,16800,-4396.6900000000005,0.738292261904762,🟡 At Risk,1630,3,4134.4366666666665,0.13141653316735613,🟡 Medium,Traditional Food,1950,0.531975128205128,3
398,2024-06-16,6,Sunday,7,La Libertad,La Libertad,11,Jarrito de barro,Handicrafts,8.0,0.1,7.2,1,7.2,Cash,231,3.5,4.5,4.5,56.25,16800,-6134.490000000002,0.634851785714286,🔴 Below Target,1630,3,3555.1699999999996,0.15282907240253868,🔴 Low,Handicrafts,2250,2.939564814814815,3
399,2024-07-01,7,Monday,4,Soyapango,San Salvador,16,Crema salvadoreña,Dairy,1.5,0.0,1.5,18,27.0,Cash,349,0.7,0.8,14.4,53.333333333333336,19200,-7206.970000000003,0.624636979166666,🔴 Below Target,1630,3,3997.676666666666,0.13591227571347694,🔴 Low,Dairy,550,1.1310733333333334,2
400,2024-11-12,11,Tuesday,2,Santa Ana,Santa Ana,13,Aceite vegetal 1L,Groceries,2.8,0.15,2.38,10,23.8,Cash,38,1.8,0.9999999999999998,9.999999999999998,35.71428571428571,19200,-5584.200000000003,0.70915625,🟡 At Risk,1630,3,4538.599999999999,0.11971386183698353,🟡 Medium,Groceries,350,2.290714285714286,1
401,2024-03-19,3,Tuesday,5,Metrocentro,San Salvador,3,Tamales de elote,Traditional Food,1.0,0.1,0.9,13,11.7,Credit card,79,0.55,0.44999999999999996,5.85,44.99999999999999,20400,-7248.4400000000005,0.64468431372549,🔴 Below Target,1630,3,4383.8533333333335,0.12393966951449106,🟡 Medium,Traditional Food,1950,0.531975128205128,3
402,2024-07-03,7,Wednesday,6,Usulután,Usulután,13,Aceite vegetal 1L,Groceries,2.8,0.0,2.8,4,11.2,Cash,158,1.8,0.9999999999999998,3.999999999999999,35.71428571428571,16800,-4396.6900000000005,0.738292261904762,🟡 At Risk,1630,3,4134.4366666666665,0.13141653316735613,🟡 Medium,Groceries,350,2.290714285714286,1
403,2024-05-18,5,Saturday,6,Usulután,Usulután,15,Arroz blanco 1lb,Groceries,0.9,0.0,0.9,4,3.6,Cash,221,0.45,0.45,1.8,50.0,16800,-4396.6900000000005,0.738292261904762,🟡 At Risk,1630,3,4134.4366666666665,0.13141653316735613,🟡 Medium,Groceries,350,2.290714285714286,1
404,2024-02-22,2,Thursday,7,La Libertad,La Libertad,15,Arroz blanco 1lb,Groceries,0.9,0.0,0.9,1,0.9,Cash,48,0.45,0.45,0.45,50.0,16800,-6134.490000000002,0.634851785714286,🔴 Below Target,1630,3,3555.1699999999996,0.15282907240253868,🔴 Low,Groceries,350,2.290714285714286,1
405,2024-01-07,1,Sunday,7,La Libertad,La Libertad,11,Jarrito de barro,Handicrafts,8.0,0.0,8.0,10,80.0,Cash,44,3.5,4.5,45.0,56.25,16800,-6134.490000000002,0.634851785714286,🔴 Below Target,1630,3,3555.1699999999996,0.15282907240253868,🔴 Low,Handicrafts,2250,2.939564814814815,3
406,2024-10-19,10,Saturday,4,Soyapango,San Salvador,18,Curtido en frasco,Groceries,2.0,0.0,2.0,17,34.0,Debit card,87,0.9,1.1,18.700000000000003,55.00000000000001,19200,-7206.970000000003,0.624636979166666,🔴 Below Target,1630,3,3997.676666666666,0.13591227571347694,🔴 Low,Groceries,350,2.290714285714286,1
407,2024-06-03,6,Monday,5,Metrocentro,San Salvador,5,Atol de elote,Beverages,1.0,0.0,1.0,9,9.0,Cash,86,0.45,0.55,4.95,55.00000000000001,20400,-7248.4400000000005,0.64468431372549,🔴 Below Target,1630,3,4383.8533333333335,0.12393966951449106,🟡 Medium,Beverages,500,1.2037333333333333,2
408,2024-08-03,8,Saturday,5,Metrocentro,San Salvador,14,Frijoles rojos 1lb,Groceries,1.2,0.0,1.2,10,12.0,Credit card,185,0.65,0.5499999999999999,5.499999999999999,45.83333333333333,20400,-7248.4400000000005,0.64468431372549,🔴 Below Target,1630,3,4383.8533333333335,0.12393966951449106,🟡 Medium,Groceries,350,2.290714285714286,1
409,2024-11-16,11,Saturday,4,Soyapango,San Salvador,9,Camisa guayabera,Clothing,18.0,0.05,17.1,16,273.6,Debit card,235,9.0,9.0,144.0,50.0,19200,-7206.970000000003,0.624636979166666,🔴 Below Target,1630,3,3997.676666666666,0.13591227571347694,🔴 Low,Clothing,400,0.89325,1
410,2024-06-04,6,Tuesday,3,San Miguel,San Miguel,4,Yuca frita,Traditional Food,2.5,0.0,2.5,1,2.5,Cash,318,1.2,1.3,1.3,52.0,18000,-6378.879999999992,0.645617777777778,🔴 Below Target,1630,3,3873.706666666669,0.14026186804714166,🔴 Low,Traditional Food,1950,0.531975128205128,3
411,2024-08-13,8,Tuesday,6,Usulután,Usulután,13,Aceite vegetal 1L,Groceries,2.8,0.0,2.8,11,30.8,Credit card,441,1.8,0.9999999999999998,10.999999999999998,35.71428571428571,16800,-4396.6900000000005,0.738292261904762,🟡 At Risk,1630,3,4134.4366666666665,0.13141653316735613,🟡 Medium,Groceries,350,2.290714285714286,1
412,2024-06-13,6,Thursday,5,Metrocentro,San Salvador,5,Atol de elote,Beverages,1.0,0.1,0.9,20,18.0,Cash,161,0.45,0.55,11.0,55.00000000000001,20400,-7248.4400000000005,0.64468431372549,🔴 Below Target,1630,3,4383.8533333333335,0.12393966951449106,🟡 Medium,Beverages,500,1.2037333333333333,2
413,2024-06-12,6,Wednesday,7,La Libertad,La Libertad,6,Kolachampán,Beverages,0.75,0.1,0.68,10,6.8,Debit card,252,0.35,0.4,4.0,53.333333333333336,16800,-6134.490000000002,0.634851785714286,🔴 Below Target,1630,3,3555.1699999999996,0.15282907240253868,🔴 Low,Beverages,500,1.2037333333333333,2
414,2024-07-11,7,Thursday,6,Usulután,Usulután,8,Fresco de tamarindo,Beverages,0.75,0.15,0.64,9,5.76,Credit card,187,0.3,0.45,4.05,60.0,16800,-4396.6900000000005,0.738292261904762,🟡 At Risk,1630,3,4134.4366666666665,0.13141653316735613,🟡 Medium,Beverages,500,1.2037333333333333,2
415,2024-10-30,10,Wednesday,4,Soyapango,San Salvador,4,Yuca frita,Traditional Food,2.5,0.0,2.5,18,45.0,Debit card,282,1.2,1.3,23.400000000000002,52.0,19200,-7206.970000000003,0.624636979166666,🔴 Below Target,1630,3,3997.676666666666,0.13591227571347694,🔴 Low,Traditional Food,1950,0.531975128205128,3
416,2024-12-28,12,Saturday,8,Chalatenango,Chalatenango,1,Pupusas de queso,Traditional Food,0.5,0.0,0.5,7,3.5,Credit card,426,0.25,0.25,1.75,50.0,18000,-1665.6599999999962,0.907463333333334,🟢 On Track,1630,3,5444.780000000002,0.09978976805919307,🟢 High,Traditional Food,1950,0.531975128205128,3
417,2024-12-10,12,Tuesday,7,La Libertad,La Libertad,3,Tamales de elote,Traditional Food,1.0,0.0,1.0,16,16.0,Debit card,124,0.55,0.44999999999999996,7.199999999999999,44.99999999999999,16800,-6134.490000000002,0.634851785714286,🔴 Below Target,1630,3,3555.1699999999996,0.15282907240253868,🔴 Low,Traditional Food,1950,0.531975128205128,3
418,2024-08-04,8,Sunday,3,San Miguel,San Miguel,9,Camisa guayabera,Clothing,18.0,0.0,18.0,13,234.0,Cash,307,9.0,9.0,117.0,50.0,18000,-6378.879999999992,0.645617777777778,🔴 Below Target,1630,3,3873.706666666669,0.14026186804714166,🔴 Low,Clothing,400,0.89325,1
419,2024-09-30,9,Monday,7,La Libertad,La Libertad,16,Crema salvadoreña,Dairy,1.5,0.15,1.27,17,21.59,Debit card,279,0.7,0.8,13.600000000000001,53.333333333333336,16800,-6134.490000000002,0.634851785714286,🔴 Below Target,1630,3,3555.1699999999996,0.15282907240253868,🔴 Low,Dairy,550,1.1310733333333334,2
420,2024-12-25,12,Wednesday,6,Usulután,Usulután,2,Pupusas de frijol,Traditional Food,0.5,0.05,0.47,18,8.46,Debit card,44,0.2,0.3,5.3999999999999995,60.0,16800,-4396.6900000000005,0.738292261904762,🟡 At Risk,1630,3,4134.4366666666665,0.13141653316735613,🟡 Medium,Traditional Food,1950,0.531975128205128,3
421,2024-12-02,12,Monday,4,Soyapango,San Salvador,4,Yuca frita,Traditional Food,2.5,0.0,2.5,12,30.0,Debit card,23,1.2,1.3,15.600000000000001,52.0,19200,-7206.970000000003,0.624636979166666,🔴 Below Target,1630,3,3997.676666666666,0.13591227571347694,🔴 Low,Traditional Food,1950,0.531975128205128,3
422,2024-08-08,8,Thursday,6,Usulután,Usulután,13,Aceite vegetal 1L,Groceries,2.8,0.0,2.8,4,11.2,Cash,114,1.8,0.9999999999999998,3.999999999999999,35.71428571428571,16800,-4396.6900000000005,0.738292261904762,🟡 At Risk,1630,3,4134.4366666666665,0.13141653316735613,🟡 Medium,Groceries,350,2.290714285714286,1
423,2024-08-16,8,Friday,4,Soyapango,San Salvador,17,Queso duro blando,Dairy,3.5,0.0,3.5,12,42.0,Cash,348,1.8,1.7,20.4,48.57142857142857,19200,-7206.970000000003,0.624636979166666,🔴 Below Target,1630,3,3997.676666666666,0.13591227571347694,🔴 Low,Dairy,550,1.1310733333333334,2
424,2024-06-25,6,Tuesday,3,San Miguel,San Miguel,17,Queso duro blando,Dairy,3.5,0.0,3.5,1,3.5,Cash,213,1.8,1.7,1.7,48.57142857142857,18000,-6378.879999999992,0.645617777777778,🔴 Below Target,1630,3,3873.706666666669,0.14026186804714166,🔴 Low,Dairy,550,1.1310733333333334,2
425,2024-03-13,3,Wednesday,2,Santa Ana,Santa Ana,3,Tamales de elote,Traditional Food,1.0,0.0,1.0,12,12.0,Cash,402,0.55,0.44999999999999996,5.3999999999999995,44.99999999999999,19200,-5584.200000000003,0.70915625,🟡 At Risk,1630,3,4538.599999999999,0.11971386183698353,🟡 Medium,Traditional Food,1950,0.531975128205128,3
426,2024-06-27,6,Thursday,8,Chalatenango,Chalatenango,7,Café salvadoreño,Beverages,1.5,0.0,1.5,16,24.0,Cash,357,0.65,0.85,13.6,56.666666666666664,18000,-1665.6599999999962,0.907463333333334,🟢 On Track,1630,3,5444.780000000002,0.09978976805919307,🟢 High,Beverages,500,1.2037333333333333,2
427,2024-02-04,2,Sunday,6,Usulután,Usulután,15,Arroz blanco 1lb,Groceries,0.9,0.0,0.9,10,9.0,Credit card,59,0.45,0.45,4.5,50.0,16800,-4396.6900000000005,0.738292261904762,🟡 At Risk,1630,3,4134.4366666666665,0.13141653316735613,🟡 Medium,Groceries,350,2.290714285714286,1
428,2024-11-27,11,Wednesday,6,Usulután,Usulután,1,Pupusas de queso,Traditional Food,0.5,0.1,0.45,4,1.8,Credit card,477,0.25,0.25,1.0,50.0,16800,-4396.6900000000005,0.738292261904762,🟡 At Risk,1630,3,4134.4366666666665,0.13141653316735613,🟡 Medium,Traditional Food,1950,0.531975128205128,3
429,2024-10-09,10,Wednesday,3,San Miguel,San Miguel,8,Fresco de tamarindo,Beverages,0.75,0.0,0.75,6,4.5,Debit card,491,0.3,0.45,2.7,60.0,18000,-6378.879999999992,0.645617777777778,🔴 Below Target,1630,3,3873.706666666669,0.14026186804714166,🔴 Low,Beverages,500,1.2037333333333333,2
430,2024-07-26,7,Friday,4,Soyapango,San Salvador,15,Arroz blanco 1lb,Groceries,0.9,0.0,0.9,6,5.4,Debit card,222,0.45,0.45,2.7,50.0,19200,-7206.970000000003,0.624636979166666,🔴 Below Target,1630,3,3997.676666666666,0.13591227571347694,🔴 Low,Groceries,350,2.290714285714286,1
431,2024-11-10,11,Sunday,1,San Salvador Centro,San Salvador,13,Aceite vegetal 1L,Groceries,2.8,0.0,2.8,7,19.6,Debit card,200,1.8,0.9999999999999998,6.999999999999998,35.71428571428571,21600,-7478.849999999997,0.653756944444444,🔴 Below Target,1630,3,4707.050000000001,0.11542969234092122,🟡 Medium,Groceries,350,2.290714285714286,1
432,2024-04-15,4,Monday,4,Soyapango,San Salvador,1,Pupusas de queso,Traditional Food,0.5,0.15,0.42,9,3.78,Debit card,408,0.25,0.25,2.25,50.0,19200,-7206.970000000003,0.624636979166666,🔴 Below Target,1630,3,3997.676666666666,0.13591227571347694,🔴 Low,Traditional Food,1950,0.531975128205128,3
433,2024-10-01,10,Tuesday,2,Santa Ana,Santa Ana,3,Tamales de elote,Traditional Food,1.0,0.0,1.0,6,6.0,Cash,235,0.55,0.44999999999999996,2.6999999999999997,44.99999999999999,19200,-5584.200000000003,0.70915625,🟡 At Risk,1630,3,4538.599999999999,0.11971386183698353,🟡 Medium,Traditional Food,1950,0.531975128205128,3
434,2024-12-09,12,Monday,5,Metrocentro,San Salvador,4,Yuca frita,Traditional Food,2.5,0.05,2.38,16,38.08,Transfer,161,1.2,1.3,20.8,52.0,20400,-7248.4400000000005,0.64468431372549,🔴 Below Target,1630,3,4383.8533333333335,0.12393966951449106,🟡 Medium,Traditional Food,1950,0.531975128205128,3
435,2024-10-27,10,Sunday,7,La Libertad,La Libertad,13,Aceite vegetal 1L,Groceries,2.8,0.0,2.8,4,11.2,Cash,235,1.8,0.9999999999999998,3.999999999999999,35.71428571428571,16800,-6134.490000000002,0.634851785714286,🔴 Below Target,1630,3,3555.1699999999996,0.15282907240253868,🔴 Low,Groceries,350,2.290714285714286,1
436,2024-11-10,11,Sunday,5,Metrocentro,San Salvador,6,Kolachampán,Beverages,0.75,0.0,0.75,19,14.25,Debit card,161,0.35,0.4,7.6000000000000005,53.333333333333336,20400,-7248.4400000000005,0.64468431372549,🔴 Below Target,1630,3,4383.8533333333335,0.12393966951449106,🟡 Medium,Beverages,500,1.2037333333333333,2
437,2024-06-05,6,Wednesday,4,Soyapango,San Salvador,4,Yuca frita,Traditional Food,2.5,0.0,2.5,4,10.0,Cash,73,1.2,1.3,5.2,52.0,19200,-7206.970000000003,0.624636979166666,🔴 Below Target,1630,3,3997.676666666666,0.13591227571347694,🔴 Low,Traditional Food,1950,0.531975128205128,3
438,2024-08-02,8,Friday,7,La Libertad,La Libertad,17,Queso duro blando,Dairy,3.5,0.0,3.5,20,70.0,Debit card,217,1.8,1.7,34.0,48.57142857142857,16800,-6134.490000000002,0.634851785714286,🔴 Below Target,1630,3,3555.1699999999996,0.15282907240253868,🔴 Low,Dairy,550,1.1310733333333334,2
439,2024-11-21,11,Thursday,8,Chalatenango,Chalatenango,6,Kolachampán,Beverages,0.75,0.1,0.68,18,12.24,Bitcoin,477,0.35,0.4,7.2,53.333333333333336,18000,-1665.6599999999962,0.907463333333334,🟢 On Track,1630,3,5444.780000000002,0.09978976805919307,🟢 High,Beverages,500,1.2037333333333333,2
440,2024-09-07,9,Saturday,3,San Miguel,San Miguel,6,Kolachampán,Beverages,0.75,0.0,0.75,10,7.5,Cash,432,0.35,0.4,4.0,53.333333333333336,18000,-6378.879999999992,0.645617777777778,🔴 Below Target,1630,3,3873.706666666669,0.14026186804714166,🔴 Low,Beverages,500,1.2037333333333333,2
441,2024-07-02,7,Tuesday,1,San Salvador Centro,San Salvador,15,Arroz blanco 1lb,Groceries,0.9,0.0,0.9,1,0.9,Cash,418,0.45,0.45,0.45,50.0,21600,-7478.849999999997,0.653756944444444,🔴 Below Target,1630,3,4707.050000000001,0.11542969234092122,🟡 Medium,Groceries,350,2.290714285714286,1
442,2024-07-28,7,Sunday,8,Chalatenango,Chalatenango,13,Aceite vegetal 1L,Groceries,2.8,0.0,2.8,16,44.8,Debit card,228,1.8,0.9999999999999998,15.999999999999996,35.71428571428571,18000,-1665.6599999999962,0.907463333333334,🟢 On Track,1630,3,5444.780000000002,0.09978976805919307,🟢 High,Groceries,350,2.290714285714286,1
443,2024-02-12,2,Monday,3,San Miguel,San Miguel,16,Crema salvadoreña,Dairy,1.5,0.0,1.5,19,28.5,Credit card,113,0.7,0.8,15.200000000000001,53.333333333333336,18000,-6378.879999999992,0.645617777777778,🔴 Below Target,1630,3,3873.706666666669,0.14026186804714166,🔴 Low,Dairy,550,1.1310733333333334,2
444,2024-05-20,5,Monday,1,San Salvador Centro,San Salvador,10,Hamaca artesanal,Handicrafts,35.0,0.05,33.25,8,266.0,Cash,400,18.0,17.0,136.0,48.57142857142857,21600,-7478.849999999997,0.653756944444444,🔴 Below Target,1630,3,4707.050000000001,0.11542969234092122,🟡 Medium,Handicrafts,2250,2.939564814814815,3
445,2024-10-08,10,Tuesday,8,Chalatenango,Chalatenango,15,Arroz blanco 1lb,Groceries,0.9,0.0,0.9,17,15.3,Debit card,138,0.45,0.45,7.65,50.0,18000,-1665.6599999999962,0.907463333333334,🟢 On Track,1630,3,5444.780000000002,0.09978976805919307,🟢 High,Groceries,350,2.290714285714286,1
446,2024-10-04,10,Friday,6,Usulután,Usulután,18,Curtido en frasco,Groceries,2.0,0.15,1.7,2,3.4,Debit card,280,0.9,1.1,2.2,55.00000000000001,16800,-4396.6900000000005,0.738292261904762,🟡 At Risk,1630,3,4134.4366666666665,0.13141653316735613,🟡 Medium,Groceries,350,2.290714285714286,1
447,2024-02-22,2,Thursday,7,La Libertad,La Libertad,7,Café salvadoreño,Beverages,1.5,0.0,1.5,8,12.0,Credit card,17,0.65,0.85,6.8,56.666666666666664,16800,-6134.490000000002,0.634851785714286,🔴 Below Target,1630,3,3555.1699999999996,0.15282907240253868,🔴 Low,Beverages,500,1.2037333333333333,2
448,2024-06-27,6,Thursday,5,Metrocentro,San Salvador,15,Arroz blanco 1lb,Groceries,0.9,0.0,0.9,3,2.7,Credit card,61,0.45,0.45,1.35,50.0,20400,-7248.4400000000005,0.64468431372549,🔴 Below Target,1630,3,4383.8533333333335,0.12393966951449106,🟡 Medium,Groceries,350,2.290714285714286,1
449,2024-10-28,10,Monday,4,Soyapango,San Salvador,8,Fresco de tamarindo,Beverages,0.75,0.15,0.64,12,7.68,Debit card,324,0.3,0.45,5.4,60.0,19200,-7206.970000000003,0.624636979166666,🔴 Below Target,1630,3,3997.676666666666,0.13591227571347694,🔴 Low,Beverages,500,1.2037333333333333,2
450,2024-11-11,11,Monday,3,San Miguel,San Miguel,14,Frijoles rojos 1lb,Groceries,1.2,0.15,1.02,5,5.1,Cash,106,0.65,0.5499999999999999,2.7499999999999996,45.83333333333333,18000,-6378.879999999992,0.645617777777778,🔴 Below Target,1630,3,3873.706666666669,0.14026186804714166,🔴 Low,Groceries,350,2.290714285714286,1
451,2024-09-29,9,Sunday,6,Usulután,Usulután,2,Pupusas de frijol,Traditional Food,0.5,0.05,0.47,9,4.23,Debit card,166,0.2,0.3,2.6999999999999997,60.0,16800,-4396.6900000000005,0.738292261904762,🟡 At Risk,1630,3,4134.4366666666665,0.13141653316735613,🟡 Medium,Traditional Food,1950,0.531975128205128,3
452,2024-10-20,10,Sunday,5,Metrocentro,San Salvador,10,Hamaca artesanal,Handicrafts,35.0,0.15,29.75,9,267.75,Debit card,461,18.0,17.0,153.0,48.57142857142857,20400,-7248.4400000000005,0.64468431372549,🔴 Below Target,1630,3,4383.8533333333335,0.12393966951449106,🟡 Medium,Handicrafts,2250,2.939564814814815,3
453,2024-07-29,7,Monday,3,San Miguel,San Miguel,4,Yuca frita,Traditional Food,2.5,0.0,2.5,2,5.0,Credit card,65,1.2,1.3,2.6,52.0,18000,-6378.879999999992,0.645617777777778,🔴 Below Target,1630,3,3873.706666666669,0.14026186804714166,🔴 Low,Traditional Food,1950,0.531975128205128,3
454,2024-03-15,3,Friday,4,Soyapango,San Salvador,5,Atol de elote,Beverages,1.0,0.15,0.85,11,9.35,Cash,432,0.45,0.55,6.050000000000001,55.00000000000001,19200,-7206.970000000003,0.624636979166666,🔴 Below Target,1630,3,3997.676666666666,0.13591227571347694,🔴 Low,Beverages,500,1.2037333333333333,2
455,2024-03-13,3,Wednesday,8,Chalatenango,Chalatenango,13,Aceite vegetal 1L,Groceries,2.8,0.1,2.52,19,47.88,Cash,213,1.8,0.9999999999999998,18.999999999999996,35.71428571428571,18000,-1665.6599999999962,0.907463333333334,🟢 On Track,1630,3,5444.780000000002,0.09978976805919307,🟢 High,Groceries,350,2.290714285714286,1
456,2024-02-08,2,Thursday,8,Chalatenango,Chalatenango,13,Aceite vegetal 1L,Groceries,2.8,0.0,2.8,3,8.4,Debit card,143,1.8,0.9999999999999998,2.999999999999999,35.71428571428571,18000,-1665.6599999999962,0.907463333333334,🟢 On Track,1630,3,5444.780000000002,0.09978976805919307,🟢 High,Groceries,350,2.290714285714286,1
457,2024-09-06,9,Friday,8,Chalatenango,Chalatenango,12,Canasta de palma,Handicrafts,12.0,0.05,11.4,11,125.4,Cash,397,5.5,6.5,71.5,54.166666666666664,18000,-1665.6599999999962,0.907463333333334,🟢 On Track,1630,3,5444.780000000002,0.09978976805919307,🟢 High,Handicrafts,2250,2.939564814814815,3
458,2024-11-21,11,Thursday,8,Chalatenango,Chalatenango,3,Tamales de elote,Traditional Food,1.0,0.15,0.85,12,10.2,Cash,274,0.55,0.44999999999999996,5.3999999999999995,44.99999999999999,18000,-1665.6599999999962,0.907463333333334,🟢 On Track,1630,3,5444.780000000002,0.09978976805919307,🟢 High,Traditional Food,1950,0.531975128205128,3
459,2024-08-07,8,Wednesday,4,Soyapango,San Salvador,13,Aceite vegetal 1L,Groceries,2.8,0.0,2.8,7,19.6,Cash,425,1.8,0.9999999999999998,6.999999999999998,35.71428571428571,19200,-7206.970000000003,0.624636979166666,🔴 Below Target,1630,3,3997.676666666666,0.13591227571347694,🔴 Low,Groceries,350,2.290714285714286,1
460,2024-10-07,10,Monday,6,Usulután,Usulután,10,Hamaca artesanal,Handicrafts,35.0,0.0,35.0,19,665.0,Debit card,249,18.0,17.0,323.0,48.57142857142857,16800,-4396.6900000000005,0.738292261904762,🟡 At Risk,1630,3,4134.4366666666665,0.13141653316735613,🟡 Medium,Handicrafts,2250,2.939564814814815,3
461,2024-01-24,1,Wednesday,1,San Salvador Centro,San Salvador,11,Jarrito de barro,Handicrafts,8.0,0.1,7.2,4,28.8,Credit card,236,3.5,4.5,18.0,56.25,21600,-7478.849999999997,0.653756944444444,🔴 Below Target,1630,3,4707.050000000001,0.11542969234092122,🟡 Medium,Handicrafts,2250,2.939564814814815,3
462,2024-03-21,3,Thursday,2,Santa Ana,Santa Ana,1,Pupusas de queso,Traditional Food,0.5,0.0,0.5,15,7.5,Cash,491,0.25,0.25,3.75,50.0,19200,-5584.200000000003,0.70915625,🟡 At Risk,1630,3,4538.599999999999,0.11971386183698353,🟡 Medium,Traditional Food,1950,0.531975128205128,3
463,2024-12-18,12,Wednesday,4,Soyapango,San Salvador,14,Frijoles rojos 1lb,Groceries,1.2,0.1,1.08,5,5.4,Cash,448,0.65,0.5499999999999999,2.7499999999999996,45.83333333333333,19200,-7206.970000000003,0.624636979166666,🔴 Below Target,1630,3,3997.676666666666,0.13591227571347694,🔴 Low,Groceries,350,2.290714285714286,1
464,2024-12-01,12,Sunday,2,Santa Ana,Santa Ana,9,Camisa guayabera,Clothing,18.0,0.0,18.0,12,216.0,Cash,341,9.0,9.0,108.0,50.0,19200,-5584.200000000003,0.70915625,🟡 At Risk,1630,3,4538.599999999999,0.11971386183698353,🟡 Medium,Clothing,400,0.89325,1
465,2024-07-21,7,Sunday,1,San Salvador Centro,San Salvador,6,Kolachampán,Beverages,0.75,0.1,0.68,10,6.8,Debit card,120,0.35,0.4,4.0,53.333333333333336,21600,-7478.849999999997,0.653756944444444,🔴 Below Target,1630,3,4707.050000000001,0.11542969234092122,🟡 Medium,Beverages,500,1.2037333333333333,2
466,2024-12-26,12,Thursday,2,Santa Ana,Santa Ana,14,Frijoles rojos 1lb,Groceries,1.2,0.0,1.2,4,4.8,Cash,40,0.65,0.5499999999999999,2.1999999999999997,45.83333333333333,19200,-5584.200000000003,0.70915625,🟡 At Risk,1630,3,4538.599999999999,0.11971386183698353,🟡 Medium,Groceries,350,2.290714285714286,1
467,2024-09-22,9,Sunday,4,Soyapango,San Salvador,5,Atol de elote,Beverages,1.0,0.0,1.0,15,15.0,Cash,176,0.45,0.55,8.25,55.00000000000001,19200,-7206.970000000003,0.624636979166666,🔴 Below Target,1630,3,3997.676666666666,0.13591227571347694,🔴 Low,Beverages,500,1.2037333333333333,2
468,2024-12-21,12,Saturday,7,La Libertad,La Libertad,4,Yuca frita,Traditional Food,2.5,0.0,2.5,5,12.5,Cash,197,1.2,1.3,6.5,52.0,16800,-6134.490000000002,0.634851785714286,🔴 Below Target,1630,3,3555.1699999999996,0.15282907240253868,🔴 Low,Traditional Food,1950,0.531975128205128,3
469,2024-02-22,2,Thursday,2,Santa Ana,Santa Ana,3,Tamales de elote,Traditional Food,1.0,0.0,1.0,11,11.0,Credit card,71,0.55,0.44999999999999996,4.949999999999999,44.99999999999999,19200,-5584.200000000003,0.70915625,🟡 At Risk,1630,3,4538.599999999999,0.11971386183698353,🟡 Medium,Traditional Food,1950,0.531975128205128,3
470,2024-11-24,11,Sunday,3,San Miguel,San Miguel,13,Aceite vegetal 1L,Groceries,2.8,0.0,2.8,5,14.0,Debit card,5,1.8,0.9999999999999998,4.999999999999999,35.71428571428571,18000,-6378.879999999992,0.645617777777778,🔴 Below Target,1630,3,3873.706666666669,0.14026186804714166,🔴 Low,Groceries,350,2.290714285714286,1
471,2024-06-28,6,Friday,8,Chalatenango,Chalatenango,6,Kolachampán,Beverages,0.75,0.1,0.68,7,4.76,Debit card,471,0.35,0.4,2.8000000000000003,53.333333333333336,18000,-1665.6599999999962,0.907463333333334,🟢 On Track,1630,3,5444.780000000002,0.09978976805919307,🟢 High,Beverages,500,1.2037333333333333,2
472,2024-04-21,4,Sunday,8,Chalatenango,Chalatenango,14,Frijoles rojos 1lb,Groceries,1.2,0.0,1.2,3,3.6,Cash,64,0.65,0.5499999999999999,1.65,45.83333333333333,18000,-1665.6599999999962,0.907463333333334,🟢 On Track,1630,3,5444.780000000002,0.09978976805919307,🟢 High,Groceries,350,2.290714285714286,1
473,2024-08-07,8,Wednesday,6,Usulután,Usulután,13,Aceite vegetal 1L,Groceries,2.8,0.15,2.38,11,26.18,Cash,142,1.8,0.9999999999999998,10.999999999999998,35.71428571428571,16800,-4396.6900000000005,0.738292261904762,🟡 At Risk,1630,3,4134.4366666666665,0.13141653316735613,🟡 Medium,Groceries,350,2.290714285714286,1
474,2024-10-10,10,Thursday,4,Soyapango,San Salvador,3,Tamales de elote,Traditional Food,1.0,0.05,0.95,20,19.0,Debit card,146,0.55,0.44999999999999996,9.0,44.99999999999999,19200,-7206.970000000003,0.624636979166666,🔴 Below Target,1630,3,3997.676666666666,0.13591227571347694,🔴 Low,Traditional Food,1950,0.531975128205128,3
475,2024-04-15,4,Monday,5,Metrocentro,San Salvador,1,Pupusas de queso,Traditional Food,0.5,0.05,0.47,17,7.99,Debit card,383,0.25,0.25,4.25,50.0,20400,-7248.4400000000005,0.64468431372549,🔴 Below Target,1630,3,4383.8533333333335,0.12393966951449106,🟡 Medium,Traditional Food,1950,0.531975128205128,3
476,2024-11-26,11,Tuesday,5,Metrocentro,San Salvador,13,Aceite vegetal 1L,Groceries,2.8,0.15,2.38,2,4.76,Credit card,489,1.8,0.9999999999999998,1.9999999999999996,35.71428571428571,20400,-7248.4400000000005,0.64468431372549,🔴 Below Target,1630,3,4383.8533333333335,0.12393966951449106,🟡 Medium,Groceries,350,2.290714285714286,1
477,2024-07-16,7,Tuesday,8,Chalatenango,Chalatenango,8,Fresco de tamarindo,Beverages,0.75,0.0,0.75,4,3.0,Cash,305,0.3,0.45,1.8,60.0,18000,-1665.6599999999962,0.907463333333334,🟢 On Track,1630,3,5444.780000000002,0.09978976805919307,🟢 High,Beverages,500,1.2037333333333333,2
478,2024-07-03,7,Wednesday,1,San Salvador Centro,San Salvador,3,Tamales de elote,Traditional Food,1.0,0.0,1.0,11,11.0,Cash,430,0.55,0.44999999999999996,4.949999999999999,44.99999999999999,21600,-7478.849999999997,0.653756944444444,🔴 Below Target,1630,3,4707.050000000001,0.11542969234092122,🟡 Medium,Traditional Food,1950,0.531975128205128,3
479,2024-10-06,10,Sunday,6,Usulután,Usulután,14,Frijoles rojos 1lb,Groceries,1.2,0.15,1.02,6,6.12,Cash,395,0.65,0.5499999999999999,3.3,45.83333333333333,16800,-4396.6900000000005,0.738292261904762,🟡 At Risk,1630,3,4134.4366666666665,0.13141653316735613,🟡 Medium,Groceries,350,2.290714285714286,1
480,2024-10-27,10,Sunday,1,San Salvador Centro,San Salvador,3,Tamales de elote,Traditional Food,1.0,0.0,1.0,3,3.0,Cash,21,0.55,0.44999999999999996,1.3499999999999999,44.99999999999999,21600,-7478.849999999997,0.653756944444444,🔴 Below Target,1630,3,4707.050000000001,0.11542969234092122,🟡 Medium,Traditional Food,1950,0.531975128205128,3
481,2024-09-16,9,Monday,7,La Libertad,La Libertad,2,Pupusas de frijol,Traditional Food,0.5,0.1,0.45,10,4.5,Debit card,393,0.2,0.3,3.0,60.0,16800,-6134.490000000002,0.634851785714286,🔴 Below Target,1630,3,3555.1699999999996,0.15282907240253868,🔴 Low,Traditional Food,1950,0.531975128205128,3
482,2024-12-25,12,Wednesday,7,La Libertad,La Libertad,14,Frijoles rojos 1lb,Groceries,1.2,0.0,1.2,13,15.6,Debit card,276,0.65,0.5499999999999999,7.1499999999999995,45.83333333333333,16800,-6134.490000000002,0.634851785714286,🔴 Below Target,1630,3,3555.1699999999996,0.15282907240253868,🔴 Low,Groceries,350,2.290714285714286,1
483,2024-02-12,2,Monday,5,Metrocentro,San Salvador,5,Atol de elote,Beverages,1.0,0.0,1.0,10,10.0,Debit card,105,0.45,0.55,5.5,55.00000000000001,20400,-7248.4400000000005,0.64468431372549,🔴 Below Target,1630,3,4383.8533333333335,0.12393966951449106,🟡 Medium,Beverages,500,1.2037333333333333,2
484,2024-07-19,7,Friday,6,Usulután,Usulután,5,Atol de elote,Beverages,1.0,0.1,0.9,19,17.1,Credit card,333,0.45,0.55,10.450000000000001,55.00000000000001,16800,-4396.6900000000005,0.738292261904762,🟡 At Risk,1630,3,4134.4366666666665,0.13141653316735613,🟡 Medium,Beverages,500,1.2037333333333333,2
485,2024-12-23,12,Monday,5,Metrocentro,San Salvador,3,Tamales de elote,Traditional Food,1.0,0.1,0.9,14,12.6,Transfer,123,0.55,0.44999999999999996,6.299999999999999,44.99999999999999,20400,-7248.4400000000005,0.64468431372549,🔴 Below Target,1630,3,4383.8533333333335,0.12393966951449106,🟡 Medium,Traditional Food,1950,0.531975128205128,3
486,2024-02-14,2,Wednesday,4,Soyapango,San Salvador,2,Pupusas de frijol,Traditional Food,0.5,0.0,0.5,14,7.0,Cash,312,0.2,0.3,4.2,60.0,19200,-7206.970000000003,0.624636979166666,🔴 Below Target,1630,3,3997.676666666666,0.13591227571347694,🔴 Low,Traditional Food,1950,0.531975128205128,3
487,2024-12-07,12,Saturday,5,Metrocentro,San Salvador,2,Pupusas de frijol,Traditional Food,0.5,0.0,0.5,6,3.0,Cash,71,0.2,0.3,1.7999999999999998,60.0,20400,-7248.4400000000005,0.64468431372549,🔴 Below Target,1630,3,4383.8533333333335,0.12393966951449106,🟡 Medium,Traditional Food,1950,0.531975128205128,3
488,2024-09-11,9,Wednesday,3,San Miguel,San Miguel,1,Pupusas de queso,Traditional Food,0.5,0.05,0.47,12,5.64,Debit card,422,0.25,0.25,3.0,50.0,18000,-6378.879999999992,0.645617777777778,🔴 Below Target,1630,3,3873.706666666669,0.14026186804714166,🔴 Low,Traditional Food,1950,0.531975128205128,3
489,2024-07-09,7,Tuesday,3,San Miguel,San Miguel,9,Camisa guayabera,Clothing,18.0,0.1,16.2,5,81.0,Credit card,138,9.0,9.0,45.0,50.0,18000,-6378.879999999992,0.645617777777778,🔴 Below Target,1630,3,3873.706666666669,0.14026186804714166,🔴 Low,Clothing,400,0.89325,1
490,2024-06-20,6,Thursday,1,San Salvador Centro,San Salvador,4,Yuca frita,Traditional Food,2.5,0.0,2.5,14,35.0,Debit card,135,1.2,1.3,18.2,52.0,21600,-7478.849999999997,0.653756944444444,🔴 Below Target,1630,3,4707.050000000001,0.11542969234092122,🟡 Medium,Traditional Food,1950,0.531975128205128,3
491,2024-08-21,8,Wednesday,8,Chalatenango,Chalatenango,3,Tamales de elote,Traditional Food,1.0,0.0,1.0,17,17.0,Cash,440,0.55,0.44999999999999996,7.6499999999999995,44.99999999999999,18000,-1665.6599999999962,0.907463333333334,🟢 On Track,1630,3,5444.780000000002,0.09978976805919307,🟢 High,Traditional Food,1950,0.531975128205128,3
492,2024-03-21,3,Thursday,6,Usulután,Usulután,6,Kolachampán,Beverages,0.75,0.15,0.64,9,5.76,Cash,294,0.35,0.4,3.6,53.333333333333336,16800,-4396.6900000000005,0.738292261904762,🟡 At Risk,1630,3,4134.4366666666665,0.13141653316735613,🟡 Medium,Beverages,500,1.2037333333333333,2
493,2024-09-17,9,Tuesday,4,Soyapango,San Salvador,4,Yuca frita,Traditional Food,2.5,0.0,2.5,1,2.5,Credit card,7,1.2,1.3,1.3,52.0,19200,-7206.970000000003,0.624636979166666,🔴 Below Target,1630,3,3997.676666666666,0.13591227571347694,🔴 Low,Traditional Food,1950,0.531975128205128,3
494,2024-08-29,8,Thursday,1,San Salvador Centro,San Salvador,8,Fresco de tamarindo,Beverages,0.75,0.0,0.75,12,9.0,Bitcoin,92,0.3,0.45,5.4,60.0,21600,-7478.849999999997,0.653756944444444,🔴 Below Target,1630,3,4707.050000000001,0.11542969234092122,🟡 Medium,Beverages,500,1.2037333333333333,2
495,2024-04-24,4,Wednesday,7,La Libertad,La Libertad,2,Pupusas de frijol,Traditional Food,0.5,0.0,0.5,11,5.5,Cash,369,0.2,0.3,3.3,60.0,16800,-6134.490000000002,0.634851785714286,🔴 Below Target,1630,3,3555.1699999999996,0.15282907240253868,🔴 Low,Traditional Food,1950,0.531975128205128,3
496,2024-02-09,2,Friday,5,Metrocentro,San Salvador,11,Jarrito de barro,Handicrafts,8.0,0.0,8.0,19,152.0,Cash,345,3.5,4.5,85.5,56.25,20400,-7248.4400000000005,0.64468431372549,🔴 Below Target,1630,3,4383.8533333333335,0.12393966951449106,🟡 Medium,Handicrafts,2250,2.939564814814815,3
497,2024-04-24,4,Wednesday,3,San Miguel,San Miguel,2,Pupusas de frijol,Traditional Food,0.5,0.0,0.5,17,8.5,Transfer,36,0.2,0.3,5.1,60.0,18000,-6378.879999999992,0.645617777777778,🔴 Below Target,1630,3,3873.706666666669,0.14026186804714166,🔴 Low,Traditional Food,1950,0.531975128205128,3
498,2024-06-08,6,Saturday,5,Metrocentro,San Salvador,15,Arroz blanco 1lb,Groceries,0.9,0.0,0.9,11,9.9,Debit card,5,0.45,0.45,4.95,50.0,20400,-7248.4400000000005,0.64468431372549,🔴 Below Target,1630,3,4383.8533333333335,0.12393966951449106,🟡 Medium,Groceries,350,2.290714285714286,1
499,2024-05-29,5,Wednesday,4,Soyapango,San Salvador,12,Canasta de palma,Handicrafts,12.0,0.15,10.2,19,193.8,Cash,319,5.5,6.5,123.5,54.166666666666664,19200,-7206.970000000003,0.624636979166666,🔴 Below Target,1630,3,3997.676666666666,0.13591227571347694,🔴 Low,Handicrafts,2250,2.939564814814815,3
500,2024-07-07,7,Sunday,8,Chalatenango,Chalatenango,8,Fresco de tamarindo,Beverages,0.75,0.0,0.75,19,14.25,Transfer,398,0.3,0.45,8.55,60.0,18000,-1665.6599999999962,0.907463333333334,🟢 On Track,1630,3,5444.780000000002,0.09978976805919307,🟢 High,Beverages,500,1.2037333333333333,2
501,2024-03-18,3,Monday,4,Soyapango,San Salvador,7,Café salvadoreño,Beverages,1.5,0.0,1.5,1,1.5,Cash,278,0.65,0.85,0.85,56.666666666666664,19200,-7206.970000000003,0.624636979166666,🔴 Below Target,1630,3,3997.676666666666,0.13591227571347694,🔴 Low,Beverages,500,1.2037333333333333,2
502,2024-06-20,6,Thursday,1,San Salvador Centro,San Salvador,12,Canasta de palma,Handicrafts,12.0,0.15,10.2,1,10.2,Debit card,435,5.5,6.5,6.5,54.166666666666664,21600,-7478.849999999997,0.653756944444444,🔴 Below Target,1630,3,4707.050000000001,0.11542969234092122,🟡 Medium,Handicrafts,2250,2.939564814814815,3
503,2024-04-15,4,Monday,2,Santa Ana,Santa Ana,10,Hamaca artesanal,Handicrafts,35.0,0.0,35.0,17,595.0,Cash,493,18.0,17.0,289.0,48.57142857142857,19200,-5584.200000000003,0.70915625,🟡 At Risk,1630,3,4538.599999999999,0.11971386183698353,🟡 Medium,Handicrafts,2250,2.939564814814815,3
504,2024-12-30,12,Monday,3,San Miguel,San Miguel,2,Pupusas de frijol,Traditional Food,0.5,0.0,0.5,9,4.5,Cash,119,0.2,0.3,2.6999999999999997,60.0,18000,-6378.879999999992,0.645617777777778,🔴 Below Target,1630,3,3873.706666666669,0.14026186804714166,🔴 Low,Traditional Food,1950,0.531975128205128,3
505,2024-12-24,12,Tuesday,7,La Libertad,La Libertad,17,Queso duro blando,Dairy,3.5,0.0,3.5,12,42.0,Transfer,44,1.8,1.7,20.4,48.57142857142857,16800,-6134.490000000002,0.634851785714286,🔴 Below Target,1630,3,3555.1699999999996,0.15282907240253868,🔴 Low,Dairy,550,1.1310733333333334,2
506,2024-11-22,11,Friday,3,San Miguel,San Miguel,4,Yuca frita,Traditional Food,2.5,0.0,2.5,13,32.5,Debit card,32,1.2,1.3,16.900000000000002,52.0,18000,-6378.879999999992,0.645617777777778,🔴 Below Target,1630,3,3873.706666666669,0.14026186804714166,🔴 Low,Traditional Food,1950,0.531975128205128,3
507,2024-05-01,5,Wednesday,3,San Miguel,San Miguel,14,Frijoles rojos 1lb,Groceries,1.2,0.0,1.2,10,12.0,Credit card,475,0.65,0.5499999999999999,5.499999999999999,45.83333333333333,18000,-6378.879999999992,0.645617777777778,🔴 Below Target,1630,3,3873.706666666669,0.14026186804714166,🔴 Low,Groceries,350,2.290714285714286,1
508,2024-06-11,6,Tuesday,6,Usulután,Usulután,13,Aceite vegetal 1L,Groceries,2.8,0.0,2.8,15,42.0,Cash,484,1.8,0.9999999999999998,14.999999999999996,35.71428571428571,16800,-4396.6900000000005,0.738292261904762,🟡 At Risk,1630,3,4134.4366666666665,0.13141653316735613,🟡 Medium,Groceries,350,2.290714285714286,1
509,2024-10-26,10,Saturday,3,San Miguel,San Miguel,7,Café salvadoreño,Beverages,1.5,0.0,1.5,4,6.0,Cash,231,0.65,0.85,3.4,56.666666666666664,18000,-6378.879999999992,0.645617777777778,🔴 Below Target,1630,3,3873.706666666669,0.14026186804714166,🔴 Low,Beverages,500,1.2037333333333333,2
510,2024-07-27,7,Saturday,6,Usulután,Usulután,15,Arroz blanco 1lb,Groceries,0.9,0.05,0.85,4,3.4,Cash,395,0.45,0.45,1.8,50.0,16800,-4396.6900000000005,0.738292261904762,🟡 At Risk,1630,3,4134.4366666666665,0.13141653316735613,🟡 Medium,Groceries,350,2.290714285714286,1
511,2024-06-06,6,Thursday,8,Chalatenango,Chalatenango,7,Café salvadoreño,Beverages,1.5,0.0,1.5,15,22.5,Credit card,47,0.65,0.85,12.75,56.666666666666664,18000,-1665.6599999999962,0.907463333333334,🟢 On Track,1630,3,5444.780000000002,0.09978976805919307,🟢 High,Beverages,500,1.2037333333333333,2
512,2024-12-26,12,Thursday,5,Metrocentro,San Salvador,6,Kolachampán,Beverages,0.75,0.0,0.75,20,15.0,Cash,439,0.35,0.4,8.0,53.333333333333336,20400,-7248.4400000000005,0.64468431372549,🔴 Below Target,1630,3,4383.8533333333335,0.12393966951449106,🟡 Medium,Beverages,500,1.2037333333333333,2
513,2024-02-16,2,Friday,3,San Miguel,San Miguel,11,Jarrito de barro,Handicrafts,8.0,0.0,8.0,8,64.0,Cash,26,3.5,4.5,36.0,56.25,18000,-6378.879999999992,0.645617777777778,🔴 Below Target,1630,3,3873.706666666669,0.14026186804714166,🔴 Low,Handicrafts,2250,2.939564814814815,3
514,2024-03-30,3,Saturday,5,Metrocentro,San Salvador,10,Hamaca artesanal,Handicrafts,35.0,0.0,35.0,1,35.0,Credit card,285,18.0,17.0,17.0,48.57142857142857,20400,-7248.4400000000005,0.64468431372549,🔴 Below Target,1630,3,4383.8533333333335,0.12393966951449106,🟡 Medium,Handicrafts,2250,2.939564814814815,3
515,2024-02-18,2,Sunday,4,Soyapango,San Salvador,18,Curtido en frasco,Groceries,2.0,0.0,2.0,15,30.0,Credit card,72,0.9,1.1,16.5,55.00000000000001,19200,-7206.970000000003,0.624636979166666,🔴 Below Target,1630,3,3997.676666666666,0.13591227571347694,🔴 Low,Groceries,350,2.290714285714286,1
516,2024-02-01,2,Thursday,1,San Salvador Centro,San Salvador,4,Yuca frita,Traditional Food,2.5,0.0,2.5,8,20.0,Cash,206,1.2,1.3,10.4,52.0,21600,-7478.849999999997,0.653756944444444,🔴 Below Target,1630,3,4707.050000000001,0.11542969234092122,🟡 Medium,Traditional Food,1950,0.531975128205128,3
517,2024-10-25,10,Friday,2,Santa Ana,Santa Ana,12,Canasta de palma,Handicrafts,12.0,0.0,12.0,19,228.0,Bitcoin,39,5.5,6.5,123.5,54.166666666666664,19200,-5584.200000000003,0.70915625,🟡 At Risk,1630,3,4538.599999999999,0.11971386183698353,🟡 Medium,Handicrafts,2250,2.939564814814815,3
518,2024-04-11,4,Thursday,2,Santa Ana,Santa Ana,1,Pupusas de queso,Traditional Food,0.5,0.15,0.42,15,6.3,Cash,464,0.25,0.25,3.75,50.0,19200,-5584.200000000003,0.70915625,🟡 At Risk,1630,3,4538.599999999999,0.11971386183698353,🟡 Medium,Traditional Food,1950,0.531975128205128,3
519,2024-01-22,1,Monday,2,Santa Ana,Santa Ana,11,Jarrito de barro,Handicrafts,8.0,0.0,8.0,15,120.0,Cash,294,3.5,4.5,67.5,56.25,19200,-5584.200000000003,0.70915625,🟡 At Risk,1630,3,4538.599999999999,0.11971386183698353,🟡 Medium,Handicrafts,2250,2.939564814814815,3
520,2024-09-11,9,Wednesday,7,La Libertad,La Libertad,14,Frijoles rojos 1lb,Groceries,1.2,0.0,1.2,1,1.2,Debit card,89,0.65,0.5499999999999999,0.5499999999999999,45.83333333333333,16800,-6134.490000000002,0.634851785714286,🔴 Below Target,1630,3,3555.1699999999996,0.15282907240253868,🔴 Low,Groceries,350,2.290714285714286,1
521,2024-04-05,4,Friday,4,Soyapango,San Salvador,12,Canasta de palma,Handicrafts,12.0,0.0,12.0,9,108.0,Cash,77,5.5,6.5,58.5,54.166666666666664,19200,-7206.970000000003,0.624636979166666,🔴 Below Target,1630,3,3997.676666666666,0.13591227571347694,🔴 Low,Handicrafts,2250,2.939564814814815,3
522,2024-11-27,11,Wednesday,4,Soyapango,San Salvador,2,Pupusas de frijol,Traditional Food,0.5,0.0,0.5,10,5.0,Cash,282,0.2,0.3,3.0,60.0,19200,-7206.970000000003,0.624636979166666,🔴 Below Target,1630,3,3997.676666666666,0.13591227571347694,🔴 Low,Traditional Food,1950,0.531975128205128,3
523,2024-02-14,2,Wednesday,1,San Salvador Centro,San Salvador,16,Crema salvadoreña,Dairy,1.5,0.0,1.5,9,13.5,Cash,103,0.7,0.8,7.2,53.333333333333336,21600,-7478.849999999997,0.653756944444444,🔴 Below Target,1630,3,4707.050000000001,0.11542969234092122,🟡 Medium,Dairy,550,1.1310733333333334,2
524,2024-11-18,11,Monday,4,Soyapango,San Salvador,17,Queso duro blando,Dairy,3.5,0.15,2.98,18,53.64,Cash,196,1.8,1.7,30.599999999999998,48.57142857142857,19200,-7206.970000000003,0.624636979166666,🔴 Below Target,1630,3,3997.676666666666,0.13591227571347694,🔴 Low,Dairy,550,1.1310733333333334,2
525,2024-10-05,10,Saturday,8,Chalatenango,Chalatenango,12,Canasta de palma,Handicrafts,12.0,0.0,12.0,16,192.0,Bitcoin,258,5.5,6.5,104.0,54.166666666666664,18000,-1665.6599999999962,0.907463333333334,🟢 On Track,1630,3,5444.780000000002,0.09978976805919307,🟢 High,Handicrafts,2250,2.939564814814815,3
526,2024-05-18,5,Saturday,7,La Libertad,La Libertad,11,Jarrito de barro,Handicrafts,8.0,0.0,8.0,6,48.0,Cash,113,3.5,4.5,27.0,56.25,16800,-6134.490000000002,0.634851785714286,🔴 Below Target,1630,3,3555.1699999999996,0.15282907240253868,🔴 Low,Handicrafts,2250,2.939564814814815,3
527,2024-01-30,1,Tuesday,5,Metrocentro,San Salvador,1,Pupusas de queso,Traditional Food,0.5,0.05,0.47,16,7.52,Cash,300,0.25,0.25,4.0,50.0,20400,-7248.4400000000005,0.64468431372549,🔴 Below Target,1630,3,4383.8533333333335,0.12393966951449106,🟡 Medium,Traditional Food,1950,0.531975128205128,3
528,2024-02-21,2,Wednesday,3,San Miguel,San Miguel,8,Fresco de tamarindo,Beverages,0.75,0.1,0.68,8,5.44,Cash,274,0.3,0.45,3.6,60.0,18000,-6378.879999999992,0.645617777777778,🔴 Below Target,1630,3,3873.706666666669,0.14026186804714166,🔴 Low,Beverages,500,1.2037333333333333,2
529,2024-10-21,10,Monday,4,Soyapango,San Salvador,2,Pupusas de frijol,Traditional Food,0.5,0.0,0.5,13,6.5,Bitcoin,433,0.2,0.3,3.9,60.0,19200,-7206.970000000003,0.624636979166666,🔴 Below Target,1630,3,3997.676666666666,0.13591227571347694,🔴 Low,Traditional Food,1950,0.531975128205128,3
530,2024-05-01,5,Wednesday,3,San Miguel,San Miguel,6,Kolachampán,Beverages,0.75,0.0,0.75,19,14.25,Credit card,358,0.35,0.4,7.6000000000000005,53.333333333333336,18000,-6378.879999999992,0.645617777777778,🔴 Below Target,1630,3,3873.706666666669,0.14026186804714166,🔴 Low,Beverages,500,1.2037333333333333,2
531,2024-12-26,12,Thursday,1,San Salvador Centro,San Salvador,12,Canasta de palma,Handicrafts,12.0,0.05,11.4,12,136.8,Debit card,289,5.5,6.5,78.0,54.166666666666664,21600,-7478.849999999997,0.653756944444444,🔴 Below Target,1630,3,4707.050000000001,0.11542969234092122,🟡 Medium,Handicrafts,2250,2.939564814814815,3
532,2024-10-04,10,Friday,8,Chalatenango,Chalatenango,7,Café salvadoreño,Beverages,1.5,0.0,1.5,10,15.0,Cash,47,0.65,0.85,8.5,56.666666666666664,18000,-1665.6599999999962,0.907463333333334,🟢 On Track,1630,3,5444.780000000002,0.09978976805919307,🟢 High,Beverages,500,1.2037333333333333,2
533,2024-11-04,11,Monday,4,Soyapango,San Salvador,2,Pupusas de frijol,Traditional Food,0.5,0.0,0.5,8,4.0,Debit card,1,0.2,0.3,2.4,60.0,19200,-7206.970000000003,0.624636979166666,🔴 Below Target,1630,3,3997.676666666666,0.13591227571347694,🔴 Low,Traditional Food,1950,0.531975128205128,3
534,2024-03-07,3,Thursday,4,Soyapango,San Salvador,11,Jarrito de barro,Handicrafts,8.0,0.1,7.2,11,79.2,Cash,411,3.5,4.5,49.5,56.25,19200,-7206.970000000003,0.624636979166666,🔴 Below Target,1630,3,3997.676666666666,0.13591227571347694,🔴 Low,Handicrafts,2250,2.939564814814815,3
535,2024-01-12,1,Friday,1,San Salvador Centro,San Salvador,11,Jarrito de barro,Handicrafts,8.0,0.05,7.6,5,38.0,Debit card,73,3.5,4.5,22.5,56.25,21600,-7478.849999999997,0.653756944444444,🔴 Below Target,1630,3,4707.050000000001,0.11542969234092122,🟡 Medium,Handicrafts,2250,2.939564814814815,3
536,2024-02-07,2,Wednesday,6,Usulután,Usulután,4,Yuca frita,Traditional Food,2.5,0.1,2.25,12,27.0,Bitcoin,203,1.2,1.3,15.600000000000001,52.0,16800,-4396.6900000000005,0.738292261904762,🟡 At Risk,1630,3,4134.4366666666665,0.13141653316735613,🟡 Medium,Traditional Food,1950,0.531975128205128,3
537,2024-06-03,6,Monday,6,Usulután,Usulután,4,Yuca frita,Traditional Food,2.5,0.0,2.5,11,27.5,Transfer,375,1.2,1.3,14.3,52.0,16800,-4396.6900000000005,0.738292261904762,🟡 At Risk,1630,3,4134.4366666666665,0.13141653316735613,🟡 Medium,Traditional Food,1950,0.531975128205128,3
538,2024-11-28,11,Thursday,8,Chalatenango,Chalatenango,14,Frijoles rojos 1lb,Groceries,1.2,0.0,1.2,11,13.2,Debit card,288,0.65,0.5499999999999999,6.049999999999999,45.83333333333333,18000,-1665.6599999999962,0.907463333333334,🟢 On Track,1630,3,5444.780000000002,0.09978976805919307,🟢 High,Groceries,350,2.290714285714286,1
539,2024-12-06,12,Friday,4,Soyapango,San Salvador,12,Canasta de palma,Handicrafts,12.0,0.15,10.2,19,193.8,Cash,158,5.5,6.5,123.5,54.166666666666664,19200,-7206.970000000003,0.624636979166666,🔴 Below Target,1630,3,3997.676666666666,0.13591227571347694,🔴 Low,Handicrafts,2250,2.939564814814815,3
540,2024-03-31,3,Sunday,3,San Miguel,San Miguel,10,Hamaca artesanal,Handicrafts,35.0,0.1,31.5,1,31.5,Bitcoin,201,18.0,17.0,17.0,48.57142857142857,18000,-6378.879999999992,0.645617777777778,🔴 Below Target,1630,3,3873.706666666669,0.14026186804714166,🔴 Low,Handicrafts,2250,2.939564814814815,3
541,2024-11-04,11,Monday,3,San Miguel,San Miguel,2,Pupusas de frijol,Traditional Food,0.5,0.15,0.42,11,4.62,Transfer,114,0.2,0.3,3.3,60.0,18000,-6378.879999999992,0.645617777777778,🔴 Below Target,1630,3,3873.706666666669,0.14026186804714166,🔴 Low,Traditional Food,1950,0.531975128205128,3
542,2024-03-13,3,Wednesday,8,Chalatenango,Chalatenango,4,Yuca frita,Traditional Food,2.5,0.1,2.25,11,24.75,Cash,178,1.2,1.3,14.3,52.0,18000,-1665.6599999999962,0.907463333333334,🟢 On Track,1630,3,5444.780000000002,0.09978976805919307,🟢 High,Traditional Food,1950,0.531975128205128,3
543,2024-11-21,11,Thursday,3,San Miguel,San Miguel,11,Jarrito de barro,Handicrafts,8.0,0.15,6.8,3,20.4,Debit card,328,3.5,4.5,13.5,56.25,18000,-6378.879999999992,0.645617777777778,🔴 Below Target,1630,3,3873.706666666669,0.14026186804714166,🔴 Low,Handicrafts,2250,2.939564814814815,3
544,2024-01-06,1,Saturday,8,Chalatenango,Chalatenango,11,Jarrito de barro,Handicrafts,8.0,0.0,8.0,9,72.0,Cash,35,3.5,4.5,40.5,56.25,18000,-1665.6599999999962,0.907463333333334,🟢 On Track,1630,3,5444.780000000002,0.09978976805919307,🟢 High,Handicrafts,2250,2.939564814814815,3
545,2024-02-25,2,Sunday,5,Metrocentro,San Salvador,12,Canasta de palma,Handicrafts,12.0,0.0,12.0,1,12.0,Cash,376,5.5,6.5,6.5,54.166666666666664,20400,-7248.4400000000005,0.64468431372549,🔴 Below Target,1630,3,4383.8533333333335,0.12393966951449106,🟡 Medium,Handicrafts,2250,2.939564814814815,3
546,2024-07-30,7,Tuesday,3,San Miguel,San Miguel,14,Frijoles rojos 1lb,Groceries,1.2,0.0,1.2,16,19.2,Cash,193,0.65,0.5499999999999999,8.799999999999999,45.83333333333333,18000,-6378.879999999992,0.645617777777778,🔴 Below Target,1630,3,3873.706666666669,0.14026186804714166,🔴 Low,Groceries,350,2.290714285714286,1
547,2024-10-22,10,Tuesday,8,Chalatenango,Chalatenango,4,Yuca frita,Traditional Food,2.5,0.0,2.5,8,20.0,Cash,410,1.2,1.3,10.4,52.0,18000,-1665.6599999999962,0.907463333333334,🟢 On Track,1630,3,5444.780000000002,0.09978976805919307,🟢 High,Traditional Food,1950,0.531975128205128,3
548,2024-01-11,1,Thursday,5,Metrocentro,San Salvador,2,Pupusas de frijol,Traditional Food,0.5,0.0,0.5,11,5.5,Transfer,38,0.2,0.3,3.3,60.0,20400,-7248.4400000000005,0.64468431372549,🔴 Below Target,1630,3,4383.8533333333335,0.12393966951449106,🟡 Medium,Traditional Food,1950,0.531975128205128,3
549,2024-07-11,7,Thursday,3,San Miguel,San Miguel,11,Jarrito de barro,Handicrafts,8.0,0.1,7.2,6,43.2,Cash,483,3.5,4.5,27.0,56.25,18000,-6378.879999999992,0.645617777777778,🔴 Below Target,1630,3,3873.706666666669,0.14026186804714166,🔴 Low,Handicrafts,2250,2.939564814814815,3
550,2024-10-31,10,Thursday,6,Usulután,Usulután,3,Tamales de elote,Traditional Food,1.0,0.0,1.0,20,20.0,Debit card,221,0.55,0.44999999999999996,9.0,44.99999999999999,16800,-4396.6900000000005,0.738292261904762,🟡 At Risk,1630,3,4134.4366666666665,0.13141653316735613,🟡 Medium,Traditional Food,1950,0.531975128205128,3
551,2024-03-21,3,Thursday,7,La Libertad,La Libertad,6,Kolachampán,Beverages,0.75,0.0,0.75,2,1.5,Cash,499,0.35,0.4,0.8,53.333333333333336,16800,-6134.490000000002,0.634851785714286,🔴 Below Target,1630,3,3555.1699999999996,0.15282907240253868,🔴 Low,Beverages,500,1.2037333333333333,2
552,2024-12-22,12,Sunday,7,La Libertad,La Libertad,7,Café salvadoreño,Beverages,1.5,0.1,1.35,18,24.3,Bitcoin,277,0.65,0.85,15.299999999999999,56.666666666666664,16800,-6134.490000000002,0.634851785714286,🔴 Below Target,1630,3,3555.1699999999996,0.15282907240253868,🔴 Low,Beverages,500,1.2037333333333333,2
553,2024-06-01,6,Saturday,5,Metrocentro,San Salvador,9,Camisa guayabera,Clothing,18.0,0.0,18.0,8,144.0,Cash,293,9.0,9.0,72.0,50.0,20400,-7248.4400000000005,0.64468431372549,🔴 Below Target,1630,3,4383.8533333333335,0.12393966951449106,🟡 Medium,Clothing,400,0.89325,1
554,2024-03-19,3,Tuesday,8,Chalatenango,Chalatenango,18,Curtido en frasco,Groceries,2.0,0.0,2.0,2,4.0,Cash,45,0.9,1.1,2.2,55.00000000000001,18000,-1665.6599999999962,0.907463333333334,🟢 On Track,1630,3,5444.780000000002,0.09978976805919307,🟢 High,Groceries,350,2.290714285714286,1
555,2024-04-12,4,Friday,8,Chalatenango,Chalatenango,10,Hamaca artesanal,Handicrafts,35.0,0.0,35.0,4,140.0,Cash,327,18.0,17.0,68.0,48.57142857142857,18000,-1665.6599999999962,0.907463333333334,🟢 On Track,1630,3,5444.780000000002,0.09978976805919307,🟢 High,Handicrafts,2250,2.939564814814815,3
556,2024-08-30,8,Friday,2,Santa Ana,Santa Ana,10,Hamaca artesanal,Handicrafts,35.0,0.0,35.0,4,140.0,Credit card,242,18.0,17.0,68.0,48.57142857142857,19200,-5584.200000000003,0.70915625,🟡 At Risk,1630,3,4538.599999999999,0.11971386183698353,🟡 Medium,Handicrafts,2250,2.939564814814815,3
557,2024-02-16,2,Friday,5,Metrocentro,San Salvador,16,Crema salvadoreña,Dairy,1.5,0.0,1.5,18,27.0,Cash,454,0.7,0.8,14.4,53.333333333333336,20400,-7248.4400000000005,0.64468431372549,🔴 Below Target,1630,3,4383.8533333333335,0.12393966951449106,🟡 Medium,Dairy,550,1.1310733333333334,2
558,2024-04-05,4,Friday,6,Usulután,Usulután,13,Aceite vegetal 1L,Groceries,2.8,0.0,2.8,15,42.0,Cash,239,1.8,0.9999999999999998,14.999999999999996,35.71428571428571,16800,-4396.6900000000005,0.738292261904762,🟡 At Risk,1630,3,4134.4366666666665,0.13141653316735613,🟡 Medium,Groceries,350,2.290714285714286,1
559,2024-05-17,5,Friday,4,Soyapango,San Salvador,9,Camisa guayabera,Clothing,18.0,0.0,18.0,19,342.0,Cash,357,9.0,9.0,171.0,50.0,19200,-7206.970000000003,0.624636979166666,🔴 Below Target,1630,3,3997.676666666666,0.13591227571347694,🔴 Low,Clothing,400,0.89325,1
560,2024-12-08,12,Sunday,2,Santa Ana,Santa Ana,4,Yuca frita,Traditional Food,2.5,0.15,2.12,12,25.44,Debit card,498,1.2,1.3,15.600000000000001,52.0,19200,-5584.200000000003,0.70915625,🟡 At Risk,1630,3,4538.599999999999,0.11971386183698353,🟡 Medium,Traditional Food,1950,0.531975128205128,3
561,2024-07-17,7,Wednesday,1,San Salvador Centro,San Salvador,8,Fresco de tamarindo,Beverages,0.75,0.0,0.75,17,12.75,Transfer,352,0.3,0.45,7.65,60.0,21600,-7478.849999999997,0.653756944444444,🔴 Below Target,1630,3,4707.050000000001,0.11542969234092122,🟡 Medium,Beverages,500,1.2037333333333333,2
562,2024-08-31,8,Saturday,4,Soyapango,San Salvador,16,Crema salvadoreña,Dairy,1.5,0.0,1.5,10,15.0,Cash,438,0.7,0.8,8.0,53.333333333333336,19200,-7206.970000000003,0.624636979166666,🔴 Below Target,1630,3,3997.676666666666,0.13591227571347694,🔴 Low,Dairy,550,1.1310733333333334,2
563,2024-03-02,3,Saturday,3,San Miguel,San Miguel,2,Pupusas de frijol,Traditional Food,0.5,0.0,0.5,15,7.5,Bitcoin,86,0.2,0.3,4.5,60.0,18000,-6378.879999999992,0.645617777777778,🔴 Below Target,1630,3,3873.706666666669,0.14026186804714166,🔴 Low,Traditional Food,1950,0.531975128205128,3
564,2024-03-05,3,Tuesday,4,Soyapango,San Salvador,7,Café salvadoreño,Beverages,1.5,0.0,1.5,2,3.0,Cash,350,0.65,0.85,1.7,56.666666666666664,19200,-7206.970000000003,0.624636979166666,🔴 Below Target,1630,3,3997.676666666666,0.13591227571347694,🔴 Low,Beverages,500,1.2037333333333333,2
565,2024-11-17,11,Sunday,4,Soyapango,San Salvador,14,Frijoles rojos 1lb,Groceries,1.2,0.15,1.02,5,5.1,Debit card,164,0.65,0.5499999999999999,2.7499999999999996,45.83333333333333,19200,-7206.970000000003,0.624636979166666,🔴 Below Target,1630,3,3997.676666666666,0.13591227571347694,🔴 Low,Groceries,350,2.290714285714286,1
566,2024-07-17,7,Wednesday,2,Santa Ana,Santa Ana,3,Tamales de elote,Traditional Food,1.0,0.0,1.0,18,18.0,Debit card,439,0.55,0.44999999999999996,8.1,44.99999999999999,19200,-5584.200000000003,0.70915625,🟡 At Risk,1630,3,4538.599999999999,0.11971386183698353,🟡 Medium,Traditional Food,1950,0.531975128205128,3
567,2024-01-07,1,Sunday,8,Chalatenango,Chalatenango,9,Camisa guayabera,Clothing,18.0,0.05,17.1,20,342.0,Debit card,215,9.0,9.0,180.0,50.0,18000,-1665.6599999999962,0.907463333333334,🟢 On Track,1630,3,5444.780000000002,0.09978976805919307,🟢 High,Clothing,400,0.89325,1
568,2024-03-17,3,Sunday,7,La Libertad,La Libertad,4,Yuca frita,Traditional Food,2.5,0.05,2.38,5,11.9,Debit card,389,1.2,1.3,6.5,52.0,16800,-6134.490000000002,0.634851785714286,🔴 Below Target,1630,3,3555.1699999999996,0.15282907240253868,🔴 Low,Traditional Food,1950,0.531975128205128,3
569,2024-10-15,10,Tuesday,2,Santa Ana,Santa Ana,4,Yuca frita,Traditional Food,2.5,0.15,2.12,4,8.48,Cash,275,1.2,1.3,5.2,52.0,19200,-5584.200000000003,0.70915625,🟡 At Risk,1630,3,4538.599999999999,0.11971386183698353,🟡 Medium,Traditional Food,1950,0.531975128205128,3
570,2024-05-15,5,Wednesday,7,La Libertad,La Libertad,12,Canasta de palma,Handicrafts,12.0,0.1,10.8,13,140.4,Cash,312,5.5,6.5,84.5,54.166666666666664,16800,-6134.490000000002,0.634851785714286,🔴 Below Target,1630,3,3555.1699999999996,0.15282907240253868,🔴 Low,Handicrafts,2250,2.939564814814815,3
571,2024-03-29,3,Friday,1,San Salvador Centro,San Salvador,16,Crema salvadoreña,Dairy,1.5,0.0,1.5,9,13.5,Cash,312,0.7,0.8,7.2,53.333333333333336,21600,-7478.849999999997,0.653756944444444,🔴 Below Target,1630,3,4707.050000000001,0.11542969234092122,🟡 Medium,Dairy,550,1.1310733333333334,2
572,2024-07-21,7,Sunday,1,San Salvador Centro,San Salvador,13,Aceite vegetal 1L,Groceries,2.8,0.1,2.52,11,27.72,Cash,382,1.8,0.9999999999999998,10.999999999999998,35.71428571428571,21600,-7478.849999999997,0.653756944444444,🔴 Below Target,1630,3,4707.050000000001,0.11542969234092122,🟡 Medium,Groceries,350,2.290714285714286,1
573,2024-07-09,7,Tuesday,5,Metrocentro,San Salvador,16,Crema salvadoreña,Dairy,1.5,0.0,1.5,1,1.5,Credit card,156,0.7,0.8,0.8,53.333333333333336,20400,-7248.4400000000005,0.64468431372549,🔴 Below Target,1630,3,4383.8533333333335,0.12393966951449106,🟡 Medium,Dairy,550,1.1310733333333334,2
574,2024-09-08,9,Sunday,5,Metrocentro,San Salvador,10,Hamaca artesanal,Handicrafts,35.0,0.15,29.75,4,119.0,Cash,154,18.0,17.0,68.0,48.57142857142857,20400,-7248.4400000000005,0.64468431372549,🔴 Below Target,1630,3,4383.8533333333335,0.12393966951449106,🟡 Medium,Handicrafts,2250,2.939564814814815,3
575,2024-05-17,5,Friday,6,Usulután,Usulután,15,Arroz blanco 1lb,Groceries,0.9,0.05,0.85,14,11.9,Debit card,97,0.45,0.45,6.3,50.0,16800,-4396.6900000000005,0.738292261904762,🟡 At Risk,1630,3,4134.4366666666665,0.13141653316735613,🟡 Medium,Groceries,350,2.290714285714286,1
576,2024-07-27,7,Saturday,4,Soyapango,San Salvador,15,Arroz blanco 1lb,Groceries,0.9,0.15,0.77,16,12.32,Debit card,192,0.45,0.45,7.2,50.0,19200,-7206.970000000003,0.624636979166666,🔴 Below Target,1630,3,3997.676666666666,0.13591227571347694,🔴 Low,Groceries,350,2.290714285714286,1
577,2024-02-03,2,Saturday,3,San Miguel,San Miguel,2,Pupusas de frijol,Traditional Food,0.5,0.1,0.45,10,4.5,Debit card,70,0.2,0.3,3.0,60.0,18000,-6378.879999999992,0.645617777777778,🔴 Below Target,1630,3,3873.706666666669,0.14026186804714166,🔴 Low,Traditional Food,1950,0.531975128205128,3
578,2024-03-29,3,Friday,1,San Salvador Centro,San Salvador,17,Queso duro blando,Dairy,3.5,0.15,2.98,7,20.86,Cash,30,1.8,1.7,11.9,48.57142857142857,21600,-7478.849999999997,0.653756944444444,🔴 Below Target,1630,3,4707.050000000001,0.11542969234092122,🟡 Medium,Dairy,550,1.1310733333333334,2
579,2024-08-21,8,Wednesday,1,San Salvador Centro,San Salvador,8,Fresco de tamarindo,Beverages,0.75,0.0,0.75,2,1.5,Debit card,141,0.3,0.45,0.9,60.0,21600,-7478.849999999997,0.653756944444444,🔴 Below Target,1630,3,4707.050000000001,0.11542969234092122,🟡 Medium,Beverages,500,1.2037333333333333,2
580,2024-09-15,9,Sunday,8,Chalatenango,Chalatenango,12,Canasta de palma,Handicrafts,12.0,0.1,10.8,13,140.4,Bitcoin,349,5.5,6.5,84.5,54.166666666666664,18000,-1665.6599999999962,0.907463333333334,🟢 On Track,1630,3,5444.780000000002,0.09978976805919307,🟢 High,Handicrafts,2250,2.939564814814815,3
581,2024-07-09,7,Tuesday,4,Soyapango,San Salvador,1,Pupusas de queso,Traditional Food,0.5,0.05,0.47,16,7.52,Cash,492,0.25,0.25,4.0,50.0,19200,-7206.970000000003,0.624636979166666,🔴 Below Target,1630,3,3997.676666666666,0.13591227571347694,🔴 Low,Traditional Food,1950,0.531975128205128,3
582,2024-06-25,6,Tuesday,6,Usulután,Usulután,16,Crema salvadoreña,Dairy,1.5,0.15,1.27,6,7.62,Credit card,384,0.7,0.8,4.800000000000001,53.333333333333336,16800,-4396.6900000000005,0.738292261904762,🟡 At Risk,1630,3,4134.4366666666665,0.13141653316735613,🟡 Medium,Dairy,550,1.1310733333333334,2
583,2024-01-15,1,Monday,5,Metrocentro,San Salvador,3,Tamales de elote,Traditional Food,1.0,0.0,1.0,13,13.0,Cash,293,0.55,0.44999999999999996,5.85,44.99999999999999,20400,-7248.4400000000005,0.64468431372549,🔴 Below Target,1630,3,4383.8533333333335,0.12393966951449106,🟡 Medium,Traditional Food,1950,0.531975128205128,3
584,2024-11-27,11,Wednesday,4,Soyapango,San Salvador,7,Café salvadoreño,Beverages,1.5,0.1,1.35,8,10.8,Cash,334,0.65,0.85,6.8,56.666666666666664,19200,-7206.970000000003,0.624636979166666,🔴 Below Target,1630,3,3997.676666666666,0.13591227571347694,🔴 Low,Beverages,500,1.2037333333333333,2
585,2024-12-15,12,Sunday,1,San Salvador Centro,San Salvador,14,Frijoles rojos 1lb,Groceries,1.2,0.0,1.2,1,1.2,Bitcoin,332,0.65,0.5499999999999999,0.5499999999999999,45.83333333333333,21600,-7478.849999999997,0.653756944444444,🔴 Below Target,1630,3,4707.050000000001,0.11542969234092122,🟡 Medium,Groceries,350,2.290714285714286,1
586,2024-04-24,4,Wednesday,1,San Salvador Centro,San Salvador,6,Kolachampán,Beverages,0.75,0.05,0.71,9,6.39,Credit card,157,0.35,0.4,3.6,53.333333333333336,21600,-7478.849999999997,0.653756944444444,🔴 Below Target,1630,3,4707.050000000001,0.11542969234092122,🟡 Medium,Beverages,500,1.2037333333333333,2
587,2024-07-11,7,Thursday,7,La Libertad,La Libertad,9,Camisa guayabera,Clothing,18.0,0.0,18.0,12,216.0,Cash,239,9.0,9.0,108.0,50.0,16800,-6134.490000000002,0.634851785714286,🔴 Below Target,1630,3,3555.1699999999996,0.15282907240253868,🔴 Low,Clothing,400,0.89325,1
588,2024-10-26,10,Saturday,7,La Libertad,La Libertad,10,Hamaca artesanal,Handicrafts,35.0,0.0,35.0,4,140.0,Debit card,340,18.0,17.0,68.0,48.57142857142857,16800,-6134.490000000002,0.634851785714286,🔴 Below Target,1630,3,3555.1699999999996,0.15282907240253868,🔴 Low,Handicrafts,2250,2.939564814814815,3
589,2024-06-01,6,Saturday,5,Metrocentro,San Salvador,12,Canasta de palma,Handicrafts,12.0,0.0,12.0,4,48.0,Cash,142,5.5,6.5,26.0,54.166666666666664,20400,-7248.4400000000005,0.64468431372549,🔴 Below Target,1630,3,4383.8533333333335,0.12393966951449106,🟡 Medium,Handicrafts,2250,2.939564814814815,3
590,2024-05-13,5,Monday,5,Metrocentro,San Salvador,11,Jarrito de barro,Handicrafts,8.0,0.0,8.0,10,80.0,Cash,392,3.5,4.5,45.0,56.25,20400,-7248.4400000000005,0.64468431372549,🔴 Below Target,1630,3,4383.8533333333335,0.12393966951449106,🟡 Medium,Handicrafts,2250,2.939564814814815,3
591,2024-11-03,11,Sunday,1,San Salvador Centro,San Salvador,8,Fresco de tamarindo,Beverages,0.75,0.1,0.68,13,8.84,Cash,72,0.3,0.45,5.8500000000000005,60.0,21600,-7478.849999999997,0.653756944444444,🔴 Below Target,1630,3,4707.050000000001,0.11542969234092122,🟡 Medium,Beverages,500,1.2037333333333333,2
592,2024-05-31,5,Friday,8,Chalatenango,Chalatenango,1,Pupusas de queso,Traditional Food,0.5,0.0,0.5,9,4.5,Cash,378,0.25,0.25,2.25,50.0,18000,-1665.6599999999962,0.907463333333334,🟢 On Track,1630,3,5444.780000000002,0.09978976805919307,🟢 High,Traditional Food,1950,0.531975128205128,3
593,2024-06-24,6,Monday,4,Soyapango,San Salvador,2,Pupusas de frijol,Traditional Food,0.5,0.1,0.45,8,3.6,Debit card,402,0.2,0.3,2.4,60.0,19200,-7206.970000000003,0.624636979166666,🔴 Below Target,1630,3,3997.676666666666,0.13591227571347694,🔴 Low,Traditional Food,1950,0.531975128205128,3
594,2024-09-16,9,Monday,6,Usulután,Usulután,16,Crema salvadoreña,Dairy,1.5,0.15,1.27,10,12.7,Cash,337,0.7,0.8,8.0,53.333333333333336,16800,-4396.6900000000005,0.738292261904762,🟡 At Risk,1630,3,4134.4366666666665,0.13141653316735613,🟡 Medium,Dairy,550,1.1310733333333334,2
595,2024-05-30,5,Thursday,3,San Miguel,San Miguel,18,Curtido en frasco,Groceries,2.0,0.0,2.0,4,8.0,Cash,133,0.9,1.1,4.4,55.00000000000001,18000,-6378.879999999992,0.645617777777778,🔴 Below Target,1630,3,3873.706666666669,0.14026186804714166,🔴 Low,Groceries,350,2.290714285714286,1
596,2024-12-14,12,Saturday,3,San Miguel,San Miguel,18,Curtido en frasco,Groceries,2.0,0.1,1.8,11,19.8,Cash,182,0.9,1.1,12.100000000000001,55.00000000000001,18000,-6378.879999999992,0.645617777777778,🔴 Below Target,1630,3,3873.706666666669,0.14026186804714166,🔴 Low,Groceries,350,2.290714285714286,1
597,2024-08-03,8,Saturday,5,Metrocentro,San Salvador,8,Fresco de tamarindo,Beverages,0.75,0.0,0.75,11,8.25,Cash,151,0.3,0.45,4.95,60.0,20400,-7248.4400000000005,0.64468431372549,🔴 Below Target,1630,3,4383.8533333333335,0.12393966951449106,🟡 Medium,Beverages,500,1.2037333333333333,2
598,2024-08-28,8,Wednesday,2,Santa Ana,Santa Ana,15,Arroz blanco 1lb,Groceries,0.9,0.15,0.77,2,1.54,Debit card,298,0.45,0.45,0.9,50.0,19200,-5584.200000000003,0.70915625,🟡 At Risk,1630,3,4538.599999999999,0.11971386183698353,🟡 Medium,Groceries,350,2.290714285714286,1
599,2024-04-09,4,Tuesday,8,Chalatenango,Chalatenango,3,Tamales de elote,Traditional Food,1.0,0.0,1.0,17,17.0,Credit card,196,0.55,0.44999999999999996,7.6499999999999995,44.99999999999999,18000,-1665.6599999999962,0.907463333333334,🟢 On Track,1630,3,5444.780000000002,0.09978976805919307,🟢 High,Traditional Food,1950,0.531975128205128,3
600,2024-07-30,7,Tuesday,5,Metrocentro,San Salvador,17,Queso duro blando,Dairy,3.5,0.15,2.98,2,5.96,Credit card,71,1.8,1.7,3.4,48.57142857142857,20400,-7248.4400000000005,0.64468431372549,🔴 Below Target,1630,3,4383.8533333333335,0.12393966951449106,🟡 Medium,Dairy,550,1.1310733333333334,2
601,2024-07-28,7,Sunday,6,Usulután,Usulután,7,Café salvadoreño,Beverages,1.5,0.0,1.5,19,28.5,Cash,442,0.65,0.85,16.15,56.666666666666664,16800,-4396.6900000000005,0.738292261904762,🟡 At Risk,1630,3,4134.4366666666665,0.13141653316735613,🟡 Medium,Beverages,500,1.2037333333333333,2
602,2024-09-06,9,Friday,2,Santa Ana,Santa Ana,6,Kolachampán,Beverages,0.75,0.1,0.68,11,7.48,Transfer,161,0.35,0.4,4.4,53.333333333333336,19200,-5584.200000000003,0.70915625,🟡 At Risk,1630,3,4538.599999999999,0.11971386183698353,🟡 Medium,Beverages,500,1.2037333333333333,2
603,2024-08-19,8,Monday,1,San Salvador Centro,San Salvador,2,Pupusas de frijol,Traditional Food,0.5,0.0,0.5,9,4.5,Credit card,87,0.2,0.3,2.6999999999999997,60.0,21600,-7478.849999999997,0.653756944444444,🔴 Below Target,1630,3,4707.050000000001,0.11542969234092122,🟡 Medium,Traditional Food,1950,0.531975128205128,3
604,2024-02-15,2,Thursday,8,Chalatenango,Chalatenango,6,Kolachampán,Beverages,0.75,0.05,0.71,5,3.55,Cash,220,0.35,0.4,2.0,53.333333333333336,18000,-1665.6599999999962,0.907463333333334,🟢 On Track,1630,3,5444.780000000002,0.09978976805919307,🟢 High,Beverages,500,1.2037333333333333,2
605,2024-09-01,9,Sunday,7,La Libertad,La Libertad,13,Aceite vegetal 1L,Groceries,2.8,0.0,2.8,13,36.4,Cash,103,1.8,0.9999999999999998,12.999999999999996,35.71428571428571,16800,-6134.490000000002,0.634851785714286,🔴 Below Target,1630,3,3555.1699999999996,0.15282907240253868,🔴 Low,Groceries,350,2.290714285714286,1
606,2024-06-13,6,Thursday,1,San Salvador Centro,San Salvador,12,Canasta de palma,Handicrafts,12.0,0.0,12.0,17,204.0,Cash,3,5.5,6.5,110.5,54.166666666666664,21600,-7478.849999999997,0.653756944444444,🔴 Below Target,1630,3,4707.050000000001,0.11542969234092122,🟡 Medium,Handicrafts,2250,2.939564814814815,3
607,2024-12-21,12,Saturday,4,Soyapango,San Salvador,8,Fresco de tamarindo,Beverages,0.75,0.0,0.75,12,9.0,Cash,197,0.3,0.45,5.4,60.0,19200,-7206.970000000003,0.624636979166666,🔴 Below Target,1630,3,3997.676666666666,0.13591227571347694,🔴 Low,Beverages,500,1.2037333333333333,2
608,2024-03-26,3,Tuesday,5,Metrocentro,San Salvador,17,Queso duro blando,Dairy,3.5,0.15,2.98,3,8.94,Cash,486,1.8,1.7,5.1,48.57142857142857,20400,-7248.4400000000005,0.64468431372549,🔴 Below Target,1630,3,4383.8533333333335,0.12393966951449106,🟡 Medium,Dairy,550,1.1310733333333334,2
609,2024-09-23,9,Monday,8,Chalatenango,Chalatenango,10,Hamaca artesanal,Handicrafts,35.0,0.05,33.25,20,665.0,Cash,455,18.0,17.0,340.0,48.57142857142857,18000,-1665.6599999999962,0.907463333333334,🟢 On Track,1630,3,5444.780000000002,0.09978976805919307,🟢 High,Handicrafts,2250,2.939564814814815,3
610,2024-09-07,9,Saturday,6,Usulután,Usulután,5,Atol de elote,Beverages,1.0,0.15,0.85,12,10.2,Cash,486,0.45,0.55,6.6000000000000005,55.00000000000001,16800,-4396.6900000000005,0.738292261904762,🟡 At Risk,1630,3,4134.4366666666665,0.13141653316735613,🟡 Medium,Beverages,500,1.2037333333333333,2
611,2024-04-26,4,Friday,1,San Salvador Centro,San Salvador,13,Aceite vegetal 1L,Groceries,2.8,0.1,2.52,8,20.16,Transfer,109,1.8,0.9999999999999998,7.999999999999998,35.71428571428571,21600,-7478.849999999997,0.653756944444444,🔴 Below Target,1630,3,4707.050000000001,0.11542969234092122,🟡 Medium,Groceries,350,2.290714285714286,1
612,2024-03-04,3,Monday,3,San Miguel,San Miguel,1,Pupusas de queso,Traditional Food,0.5,0.1,0.45,12,5.4,Debit card,20,0.25,0.25,3.0,50.0,18000,-6378.879999999992,0.645617777777778,🔴 Below Target,1630,3,3873.706666666669,0.14026186804714166,🔴 Low,Traditional Food,1950,0.531975128205128,3
613,2024-09-30,9,Monday,5,Metrocentro,San Salvador,13,Aceite vegetal 1L,Groceries,2.8,0.0,2.8,20,56.0,Debit card,25,1.8,0.9999999999999998,19.999999999999996,35.71428571428571,20400,-7248.4400000000005,0.64468431372549,🔴 Below Target,1630,3,4383.8533333333335,0.12393966951449106,🟡 Medium,Groceries,350,2.290714285714286,1
614,2024-01-25,1,Thursday,1,San Salvador Centro,San Salvador,4,Yuca frita,Traditional Food,2.5,0.0,2.5,4,10.0,Cash,64,1.2,1.3,5.2,52.0,21600,-7478.849999999997,0.653756944444444,🔴 Below Target,1630,3,4707.050000000001,0.11542969234092122,🟡 Medium,Traditional Food,1950,0.531975128205128,3
615,2024-08-30,8,Friday,5,Metrocentro,San Salvador,18,Curtido en frasco,Groceries,2.0,0.0,2.0,5,10.0,Debit card,323,0.9,1.1,5.5,55.00000000000001,20400,-7248.4400000000005,0.64468431372549,🔴 Below Target,1630,3,4383.8533333333335,0.12393966951449106,🟡 Medium,Groceries,350,2.290714285714286,1
616,2024-08-03,8,Saturday,5,Metrocentro,San Salvador,1,Pupusas de queso,Traditional Food,0.5,0.1,0.45,4,1.8,Debit card,319,0.25,0.25,1.0,50.0,20400,-7248.4400000000005,0.64468431372549,🔴 Below Target,1630,3,4383.8533333333335,0.12393966951449106,🟡 Medium,Traditional Food,1950,0.531975128205128,3
617,2024-02-23,2,Friday,7,La Libertad,La Libertad,5,Atol de elote,Beverages,1.0,0.1,0.9,17,15.3,Debit card,145,0.45,0.55,9.350000000000001,55.00000000000001,16800,-6134.490000000002,0.634851785714286,🔴 Below Target,1630,3,3555.1699999999996,0.15282907240253868,🔴 Low,Beverages,500,1.2037333333333333,2
618,2024-09-11,9,Wednesday,2,Santa Ana,Santa Ana,4,Yuca frita,Traditional Food,2.5,0.05,2.38,7,16.66,Cash,135,1.2,1.3,9.1,52.0,19200,-5584.200000000003,0.70915625,🟡 At Risk,1630,3,4538.599999999999,0.11971386183698353,🟡 Medium,Traditional Food,1950,0.531975128205128,3
619,2024-07-02,7,Tuesday,4,Soyapango,San Salvador,17,Queso duro blando,Dairy,3.5,0.0,3.5,14,49.0,Cash,281,1.8,1.7,23.8,48.57142857142857,19200,-7206.970000000003,0.624636979166666,🔴 Below Target,1630,3,3997.676666666666,0.13591227571347694,🔴 Low,Dairy,550,1.1310733333333334,2
620,2024-12-18,12,Wednesday,4,Soyapango,San Salvador,16,Crema salvadoreña,Dairy,1.5,0.0,1.5,16,24.0,Cash,7,0.7,0.8,12.8,53.333333333333336,19200,-7206.970000000003,0.624636979166666,🔴 Below Target,1630,3,3997.676666666666,0.13591227571347694,🔴 Low,Dairy,550,1.1310733333333334,2
621,2024-10-20,10,Sunday,2,Santa Ana,Santa Ana,3,Tamales de elote,Traditional Food,1.0,0.0,1.0,16,16.0,Bitcoin,400,0.55,0.44999999999999996,7.199999999999999,44.99999999999999,19200,-5584.200000000003,0.70915625,🟡 At Risk,1630,3,4538.599999999999,0.11971386183698353,🟡 Medium,Traditional Food,1950,0.531975128205128,3
622,2024-02-21,2,Wednesday,2,Santa Ana,Santa Ana,17,Queso duro blando,Dairy,3.5,0.1,3.15,9,28.35,Cash,152,1.8,1.7,15.299999999999999,48.57142857142857,19200,-5584.200000000003,0.70915625,🟡 At Risk,1630,3,4538.599999999999,0.11971386183698353,🟡 Medium,Dairy,550,1.1310733333333334,2
623,2024-01-26,1,Friday,8,Chalatenango,Chalatenango,9,Camisa guayabera,Clothing,18.0,0.15,15.3,4,61.2,Cash,21,9.0,9.0,36.0,50.0,18000,-1665.6599999999962,0.907463333333334,🟢 On Track,1630,3,5444.780000000002,0.09978976805919307,🟢 High,Clothing,400,0.89325,1
624,2024-12-12,12,Thursday,6,Usulután,Usulután,10,Hamaca artesanal,Handicrafts,35.0,0.0,35.0,11,385.0,Debit card,49,18.0,17.0,187.0,48.57142857142857,16800,-4396.6900000000005,0.738292261904762,🟡 At Risk,1630,3,4134.4366666666665,0.13141653316735613,🟡 Medium,Handicrafts,2250,2.939564814814815,3
625,2024-03-11,3,Monday,1,San Salvador Centro,San Salvador,2,Pupusas de frijol,Traditional Food,0.5,0.0,0.5,6,3.0,Cash,225,0.2,0.3,1.7999999999999998,60.0,21600,-7478.849999999997,0.653756944444444,🔴 Below Target,1630,3,4707.050000000001,0.11542969234092122,🟡 Medium,Traditional Food,1950,0.531975128205128,3
626,2024-07-09,7,Tuesday,2,Santa Ana,Santa Ana,9,Camisa guayabera,Clothing,18.0,0.0,18.0,11,198.0,Cash,205,9.0,9.0,99.0,50.0,19200,-5584.200000000003,0.70915625,🟡 At Risk,1630,3,4538.599999999999,0.11971386183698353,🟡 Medium,Clothing,400,0.89325,1
627,2024-07-16,7,Tuesday,5,Metrocentro,San Salvador,15,Arroz blanco 1lb,Groceries,0.9,0.15,0.77,16,12.32,Cash,454,0.45,0.45,7.2,50.0,20400,-7248.4400000000005,0.64468431372549,🔴 Below Target,1630,3,4383.8533333333335,0.12393966951449106,🟡 Medium,Groceries,350,2.290714285714286,1
628,2024-03-08,3,Friday,2,Santa Ana,Santa Ana,6,Kolachampán,Beverages,0.75,0.15,0.64,2,1.28,Cash,214,0.35,0.4,0.8,53.333333333333336,19200,-5584.200000000003,0.70915625,🟡 At Risk,1630,3,4538.599999999999,0.11971386183698353,🟡 Medium,Beverages,500,1.2037333333333333,2
629,2024-04-02,4,Tuesday,8,Chalatenango,Chalatenango,16,Crema salvadoreña,Dairy,1.5,0.0,1.5,20,30.0,Credit card,314,0.7,0.8,16.0,53.333333333333336,18000,-1665.6599999999962,0.907463333333334,🟢 On Track,1630,3,5444.780000000002,0.09978976805919307,🟢 High,Dairy,550,1.1310733333333334,2
630,2024-09-04,9,Wednesday,3,San Miguel,San Miguel,1,Pupusas de queso,Traditional Food,0.5,0.0,0.5,16,8.0,Credit card,226,0.25,0.25,4.0,50.0,18000,-6378.879999999992,0.645617777777778,🔴 Below Target,1630,3,3873.706666666669,0.14026186804714166,🔴 Low,Traditional Food,1950,0.531975128205128,3
631,2024-05-13,5,Monday,2,Santa Ana,Santa Ana,2,Pupusas de frijol,Traditional Food,0.5,0.0,0.5,11,5.5,Debit card,348,0.2,0.3,3.3,60.0,19200,-5584.200000000003,0.70915625,🟡 At Risk,1630,3,4538.599999999999,0.11971386183698353,🟡 Medium,Traditional Food,1950,0.531975128205128,3
632,2024-12-08,12,Sunday,4,Soyapango,San Salvador,17,Queso duro blando,Dairy,3.5,0.05,3.32,11,36.52,Debit card,359,1.8,1.7,18.7,48.57142857142857,19200,-7206.970000000003,0.624636979166666,🔴 Below Target,1630,3,3997.676666666666,0.13591227571347694,🔴 Low,Dairy,550,1.1310733333333334,2
633,2024-12-04,12,Wednesday,7,La Libertad,La Libertad,4,Yuca frita,Traditional Food,2.5,0.0,2.5,8,20.0,Cash,347,1.2,1.3,10.4,52.0,16800,-6134.490000000002,0.634851785714286,🔴 Below Target,1630,3,3555.1699999999996,0.15282907240253868,🔴 Low,Traditional Food,1950,0.531975128205128,3
634,2024-10-12,10,Saturday,3,San Miguel,San Miguel,13,Aceite vegetal 1L,Groceries,2.8,0.0,2.8,20,56.0,Cash,479,1.8,0.9999999999999998,19.999999999999996,35.71428571428571,18000,-6378.879999999992,0.645617777777778,🔴 Below Target,1630,3,3873.706666666669,0.14026186804714166,🔴 Low,Groceries,350,2.290714285714286,1
635,2024-09-10,9,Tuesday,8,Chalatenango,Chalatenango,6,Kolachampán,Beverages,0.75,0.0,0.75,6,4.5,Credit card,165,0.35,0.4,2.4000000000000004,53.333333333333336,18000,-1665.6599999999962,0.907463333333334,🟢 On Track,1630,3,5444.780000000002,0.09978976805919307,🟢 High,Beverages,500,1.2037333333333333,2
636,2024-05-22,5,Wednesday,6,Usulután,Usulután,8,Fresco de tamarindo,Beverages,0.75,0.05,0.71,2,1.42,Cash,330,0.3,0.45,0.9,60.0,16800,-4396.6900000000005,0.738292261904762,🟡 At Risk,1630,3,4134.4366666666665,0.13141653316735613,🟡 Medium,Beverages,500,1.2037333333333333,2
637,2024-04-30,4,Tuesday,7,La Libertad,La Libertad,13,Aceite vegetal 1L,Groceries,2.8,0.0,2.8,3,8.4,Cash,294,1.8,0.9999999999999998,2.999999999999999,35.71428571428571,16800,-6134.490000000002,0.634851785714286,🔴 Below Target,1630,3,3555.1699999999996,0.15282907240253868,🔴 Low,Groceries,350,2.290714285714286,1
638,2024-09-12,9,Thursday,2,Santa Ana,Santa Ana,15,Arroz blanco 1lb,Groceries,0.9,0.0,0.9,15,13.5,Cash,255,0.45,0.45,6.75,50.0,19200,-5584.200000000003,0.70915625,🟡 At Risk,1630,3,4538.599999999999,0.11971386183698353,🟡 Medium,Groceries,350,2.290714285714286,1
639,2024-07-25,7,Thursday,2,Santa Ana,Santa Ana,1,Pupusas de queso,Traditional Food,0.5,0.0,0.5,14,7.0,Debit card,1,0.25,0.25,3.5,50.0,19200,-5584.200000000003,0.70915625,🟡 At Risk,1630,3,4538.599999999999,0.11971386183698353,🟡 Medium,Traditional Food,1950,0.531975128205128,3
640,2024-09-17,9,Tuesday,5,Metrocentro,San Salvador,3,Tamales de elote,Traditional Food,1.0,0.0,1.0,18,18.0,Debit card,234,0.55,0.44999999999999996,8.1,44.99999999999999,20400,-7248.4400000000005,0.64468431372549,🔴 Below Target,1630,3,4383.8533333333335,0.12393966951449106,🟡 Medium,Traditional Food,1950,0.531975128205128,3
641,2024-01-28,1,Sunday,6,Usulután,Usulután,11,Jarrito de barro,Handicrafts,8.0,0.15,6.8,8,54.4,Cash,287,3.5,4.5,36.0,56.25,16800,-4396.6900000000005,0.738292261904762,🟡 At Risk,1630,3,4134.4366666666665,0.13141653316735613,🟡 Medium,Handicrafts,2250,2.939564814814815,3
642,2024-08-19,8,Monday,6,Usulután,Usulután,16,Crema salvadoreña,Dairy,1.5,0.0,1.5,4,6.0,Credit card,114,0.7,0.8,3.2,53.333333333333336,16800,-4396.6900000000005,0.738292261904762,🟡 At Risk,1630,3,4134.4366666666665,0.13141653316735613,🟡 Medium,Dairy,550,1.1310733333333334,2
643,2024-06-30,6,Sunday,6,Usulután,Usulután,1,Pupusas de queso,Traditional Food,0.5,0.05,0.47,10,4.7,Debit card,360,0.25,0.25,2.5,50.0,16800,-4396.6900000000005,0.738292261904762,🟡 At Risk,1630,3,4134.4366666666665,0.13141653316735613,🟡 Medium,Traditional Food,1950,0.531975128205128,3
644,2024-03-25,3,Monday,1,San Salvador Centro,San Salvador,4,Yuca frita,Traditional Food,2.5,0.0,2.5,16,40.0,Credit card,381,1.2,1.3,20.8,52.0,21600,-7478.849999999997,0.653756944444444,🔴 Below Target,1630,3,4707.050000000001,0.11542969234092122,🟡 Medium,Traditional Food,1950,0.531975128205128,3
645,2024-05-10,5,Friday,2,Santa Ana,Santa Ana,14,Frijoles rojos 1lb,Groceries,1.2,0.0,1.2,20,24.0,Cash,477,0.65,0.5499999999999999,10.999999999999998,45.83333333333333,19200,-5584.200000000003,0.70915625,🟡 At Risk,1630,3,4538.599999999999,0.11971386183698353,🟡 Medium,Groceries,350,2.290714285714286,1
646,2024-08-22,8,Thursday,4,Soyapango,San Salvador,13,Aceite vegetal 1L,Groceries,2.8,0.1,2.52,7,17.64,Cash,388,1.8,0.9999999999999998,6.999999999999998,35.71428571428571,19200,-7206.970000000003,0.624636979166666,🔴 Below Target,1630,3,3997.676666666666,0.13591227571347694,🔴 Low,Groceries,350,2.290714285714286,1
647,2024-11-20,11,Wednesday,1,San Salvador Centro,San Salvador,14,Frijoles rojos 1lb,Groceries,1.2,0.0,1.2,19,22.8,Credit card,231,0.65,0.5499999999999999,10.45,45.83333333333333,21600,-7478.849999999997,0.653756944444444,🔴 Below Target,1630,3,4707.050000000001,0.11542969234092122,🟡 Medium,Groceries,350,2.290714285714286,1
648,2024-09-12,9,Thursday,3,San Miguel,San Miguel,15,Arroz blanco 1lb,Groceries,0.9,0.05,0.85,1,0.85,Debit card,284,0.45,0.45,0.45,50.0,18000,-6378.879999999992,0.645617777777778,🔴 Below Target,1630,3,3873.706666666669,0.14026186804714166,🔴 Low,Groceries,350,2.290714285714286,1
649,2024-09-17,9,Tuesday,8,Chalatenango,Chalatenango,14,Frijoles rojos 1lb,Groceries,1.2,0.1,1.08,6,6.48,Debit card,375,0.65,0.5499999999999999,3.3,45.83333333333333,18000,-1665.6599999999962,0.907463333333334,🟢 On Track,1630,3,5444.780000000002,0.09978976805919307,🟢 High,Groceries,350,2.290714285714286,1
650,2024-07-17,7,Wednesday,2,Santa Ana,Santa Ana,5,Atol de elote,Beverages,1.0,0.05,0.95,20,19.0,Credit card,259,0.45,0.55,11.0,55.00000000000001,19200,-5584.200000000003,0.70915625,🟡 At Risk,1630,3,4538.599999999999,0.11971386183698353,🟡 Medium,Beverages,500,1.2037333333333333,2
651,2024-11-07,11,Thursday,7,La Libertad,La Libertad,13,Aceite vegetal 1L,Groceries,2.8,0.0,2.8,8,22.4,Cash,176,1.8,0.9999999999999998,7.999999999999998,35.71428571428571,16800,-6134.490000000002,0.634851785714286,🔴 Below Target,1630,3,3555.1699999999996,0.15282907240253868,🔴 Low,Groceries,350,2.290714285714286,1
652,2024-03-09,3,Saturday,8,Chalatenango,Chalatenango,10,Hamaca artesanal,Handicrafts,35.0,0.0,35.0,5,175.0,Debit card,454,18.0,17.0,85.0,48.57142857142857,18000,-1665.6599999999962,0.907463333333334,🟢 On Track,1630,3,5444.780000000002,0.09978976805919307,🟢 High,Handicrafts,2250,2.939564814814815,3
653,2024-12-25,12,Wednesday,5,Metrocentro,San Salvador,17,Queso duro blando,Dairy,3.5,0.15,2.98,18,53.64,Cash,378,1.8,1.7,30.599999999999998,48.57142857142857,20400,-7248.4400000000005,0.64468431372549,🔴 Below Target,1630,3,4383.8533333333335,0.12393966951449106,🟡 Medium,Dairy,550,1.1310733333333334,2
654,2024-04-12,4,Friday,4,Soyapango,San Salvador,18,Curtido en frasco,Groceries,2.0,0.05,1.9,7,13.3,Debit card,352,0.9,1.1,7.700000000000001,55.00000000000001,19200,-7206.970000000003,0.624636979166666,🔴 Below Target,1630,3,3997.676666666666,0.13591227571347694,🔴 Low,Groceries,350,2.290714285714286,1
655,2024-12-29,12,Sunday,3,San Miguel,San Miguel,12,Canasta de palma,Handicrafts,12.0,0.05,11.4,6,68.4,Debit card,327,5.5,6.5,39.0,54.166666666666664,18000,-6378.879999999992,0.645617777777778,🔴 Below Target,1630,3,3873.706666666669,0.14026186804714166,🔴 Low,Handicrafts,2250,2.939564814814815,3
656,2024-06-29,6,Saturday,2,Santa Ana,Santa Ana,11,Jarrito de barro,Handicrafts,8.0,0.0,8.0,18,144.0,Debit card,483,3.5,4.5,81.0,56.25,19200,-5584.200000000003,0.70915625,🟡 At Risk,1630,3,4538.599999999999,0.11971386183698353,🟡 Medium,Handicrafts,2250,2.939564814814815,3
657,2024-08-04,8,Sunday,5,Metrocentro,San Salvador,14,Frijoles rojos 1lb,Groceries,1.2,0.05,1.14,1,1.14,Cash,196,0.65,0.5499999999999999,0.5499999999999999,45.83333333333333,20400,-7248.4400000000005,0.64468431372549,🔴 Below Target,1630,3,4383.8533333333335,0.12393966951449106,🟡 Medium,Groceries,350,2.290714285714286,1
658,2024-12-09,12,Monday,1,San Salvador Centro,San Salvador,5,Atol de elote,Beverages,1.0,0.0,1.0,2,2.0,Cash,403,0.45,0.55,1.1,55.00000000000001,21600,-7478.849999999997,0.653756944444444,🔴 Below Target,1630,3,4707.050000000001,0.11542969234092122,🟡 Medium,Beverages,500,1.2037333333333333,2
659,2024-12-15,12,Sunday,5,Metrocentro,San Salvador,6,Kolachampán,Beverages,0.75,0.0,0.75,9,6.75,Credit card,354,0.35,0.4,3.6,53.333333333333336,20400,-7248.4400000000005,0.64468431372549,🔴 Below Target,1630,3,4383.8533333333335,0.12393966951449106,🟡 Medium,Beverages,500,1.2037333333333333,2
660,2024-10-04,10,Friday,4,Soyapango,San Salvador,10,Hamaca artesanal,Handicrafts,35.0,0.0,35.0,2,70.0,Credit card,53,18.0,17.0,34.0,48.57142857142857,19200,-7206.970000000003,0.624636979166666,🔴 Below Target,1630,3,3997.676666666666,0.13591227571347694,🔴 Low,Handicrafts,2250,2.939564814814815,3
661,2024-11-27,11,Wednesday,4,Soyapango,San Salvador,18,Curtido en frasco,Groceries,2.0,0.0,2.0,18,36.0,Cash,402,0.9,1.1,19.8,55.00000000000001,19200,-7206.970000000003,0.624636979166666,🔴 Below Target,1630,3,3997.676666666666,0.13591227571347694,🔴 Low,Groceries,350,2.290714285714286,1
662,2024-07-14,7,Sunday,1,San Salvador Centro,San Salvador,10,Hamaca artesanal,Handicrafts,35.0,0.0,35.0,13,455.0,Transfer,500,18.0,17.0,221.0,48.57142857142857,21600,-7478.849999999997,0.653756944444444,🔴 Below Target,1630,3,4707.050000000001,0.11542969234092122,🟡 Medium,Handicrafts,2250,2.939564814814815,3
663,2024-01-07,1,Sunday,1,San Salvador Centro,San Salvador,11,Jarrito de barro,Handicrafts,8.0,0.0,8.0,9,72.0,Debit card,400,3.5,4.5,40.5,56.25,21600,-7478.849999999997,0.653756944444444,🔴 Below Target,1630,3,4707.050000000001,0.11542969234092122,🟡 Medium,Handicrafts,2250,2.939564814814815,3
664,2024-11-20,11,Wednesday,4,Soyapango,San Salvador,15,Arroz blanco 1lb,Groceries,0.9,0.15,0.77,12,9.24,Debit card,379,0.45,0.45,5.4,50.0,19200,-7206.970000000003,0.624636979166666,🔴 Below Target,1630,3,3997.676666666666,0.13591227571347694,🔴 Low,Groceries,350,2.290714285714286,1
665,2024-05-30,5,Thursday,4,Soyapango,San Salvador,7,Café salvadoreño,Beverages,1.5,0.0,1.5,15,22.5,Transfer,39,0.65,0.85,12.75,56.666666666666664,19200,-7206.970000000003,0.624636979166666,🔴 Below Target,1630,3,3997.676666666666,0.13591227571347694,🔴 Low,Beverages,500,1.2037333333333333,2
666,2024-09-20,9,Friday,3,San Miguel,San Miguel,6,Kolachampán,Beverages,0.75,0.0,0.75,4,3.0,Cash,143,0.35,0.4,1.6,53.333333333333336,18000,-6378.879999999992,0.645617777777778,🔴 Below Target,1630,3,3873.706666666669,0.14026186804714166,🔴 Low,Beverages,500,1.2037333333333333,2
667,2024-03-07,3,Thursday,5,Metrocentro,San Salvador,18,Curtido en frasco,Groceries,2.0,0.05,1.9,6,11.4,Credit card,3,0.9,1.1,6.6000000000000005,55.00000000000001,20400,-7248.4400000000005,0.64468431372549,🔴 Below Target,1630,3,4383.8533333333335,0.12393966951449106,🟡 Medium,Groceries,350,2.290714285714286,1
668,2024-12-29,12,Sunday,8,Chalatenango,Chalatenango,11,Jarrito de barro,Handicrafts,8.0,0.0,8.0,5,40.0,Cash,166,3.5,4.5,22.5,56.25,18000,-1665.6599999999962,0.907463333333334,🟢 On Track,1630,3,5444.780000000002,0.09978976805919307,🟢 High,Handicrafts,2250,2.939564814814815,3
669,2024-09-08,9,Sunday,5,Metrocentro,San Salvador,2,Pupusas de frijol,Traditional Food,0.5,0.05,0.47,19,8.93,Cash,402,0.2,0.3,5.7,60.0,20400,-7248.4400000000005,0.64468431372549,🔴 Below Target,1630,3,4383.8533333333335,0.12393966951449106,🟡 Medium,Traditional Food,1950,0.531975128205128,3
670,2024-04-04,4,Thursday,4,Soyapango,San Salvador,11,Jarrito de barro,Handicrafts,8.0,0.0,8.0,17,136.0,Credit card,82,3.5,4.5,76.5,56.25,19200,-7206.970000000003,0.624636979166666,🔴 Below Target,1630,3,3997.676666666666,0.13591227571347694,🔴 Low,Handicrafts,2250,2.939564814814815,3
671,2024-02-17,2,Saturday,7,La Libertad,La Libertad,14,Frijoles rojos 1lb,Groceries,1.2,0.0,1.2,12,14.4,Credit card,340,0.65,0.5499999999999999,6.6,45.83333333333333,16800,-6134.490000000002,0.634851785714286,🔴 Below Target,1630,3,3555.1699999999996,0.15282907240253868,🔴 Low,Groceries,350,2.290714285714286,1
672,2024-07-03,7,Wednesday,6,Usulután,Usulután,11,Jarrito de barro,Handicrafts,8.0,0.0,8.0,10,80.0,Transfer,317,3.5,4.5,45.0,56.25,16800,-4396.6900000000005,0.738292261904762,🟡 At Risk,1630,3,4134.4366666666665,0.13141653316735613,🟡 Medium,Handicrafts,2250,2.939564814814815,3
673,2024-10-14,10,Monday,8,Chalatenango,Chalatenango,17,Queso duro blando,Dairy,3.5,0.0,3.5,1,3.5,Debit card,229,1.8,1.7,1.7,48.57142857142857,18000,-1665.6599999999962,0.907463333333334,🟢 On Track,1630,3,5444.780000000002,0.09978976805919307,🟢 High,Dairy,550,1.1310733333333334,2
674,2024-01-21,1,Sunday,4,Soyapango,San Salvador,8,Fresco de tamarindo,Beverages,0.75,0.0,0.75,11,8.25,Bitcoin,484,0.3,0.45,4.95,60.0,19200,-7206.970000000003,0.624636979166666,🔴 Below Target,1630,3,3997.676666666666,0.13591227571347694,🔴 Low,Beverages,500,1.2037333333333333,2
675,2024-05-11,5,Saturday,7,La Libertad,La Libertad,4,Yuca frita,Traditional Food,2.5,0.1,2.25,18,40.5,Cash,467,1.2,1.3,23.400000000000002,52.0,16800,-6134.490000000002,0.634851785714286,🔴 Below Target,1630,3,3555.1699999999996,0.15282907240253868,🔴 Low,Traditional Food,1950,0.531975128205128,3
676,2024-09-20,9,Friday,6,Usulután,Usulután,17,Queso duro blando,Dairy,3.5,0.0,3.5,17,59.5,Cash,152,1.8,1.7,28.9,48.57142857142857,16800,-4396.6900000000005,0.738292261904762,🟡 At Risk,1630,3,4134.4366666666665,0.13141653316735613,🟡 Medium,Dairy,550,1.1310733333333334,2
677,2024-09-20,9,Friday,6,Usulután,Usulután,7,Café salvadoreño,Beverages,1.5,0.0,1.5,3,4.5,Cash,490,0.65,0.85,2.55,56.666666666666664,16800,-4396.6900000000005,0.738292261904762,🟡 At Risk,1630,3,4134.4366666666665,0.13141653316735613,🟡 Medium,Beverages,500,1.2037333333333333,2
678,2024-11-16,11,Saturday,1,San Salvador Centro,San Salvador,18,Curtido en frasco,Groceries,2.0,0.0,2.0,3,6.0,Debit card,397,0.9,1.1,3.3000000000000003,55.00000000000001,21600,-7478.849999999997,0.653756944444444,🔴 Below Target,1630,3,4707.050000000001,0.11542969234092122,🟡 Medium,Groceries,350,2.290714285714286,1
679,2024-02-23,2,Friday,7,La Libertad,La Libertad,7,Café salvadoreño,Beverages,1.5,0.05,1.42,7,9.94,Credit card,450,0.65,0.85,5.95,56.666666666666664,16800,-6134.490000000002,0.634851785714286,🔴 Below Target,1630,3,3555.1699999999996,0.15282907240253868,🔴 Low,Beverages,500,1.2037333333333333,2
680,2024-12-17,12,Tuesday,2,Santa Ana,Santa Ana,14,Frijoles rojos 1lb,Groceries,1.2,0.0,1.2,5,6.0,Cash,170,0.65,0.5499999999999999,2.7499999999999996,45.83333333333333,19200,-5584.200000000003,0.70915625,🟡 At Risk,1630,3,4538.599999999999,0.11971386183698353,🟡 Medium,Groceries,350,2.290714285714286,1
681,2024-02-07,2,Wednesday,2,Santa Ana,Santa Ana,2,Pupusas de frijol,Traditional Food,0.5,0.0,0.5,2,1.0,Credit card,286,0.2,0.3,0.6,60.0,19200,-5584.200000000003,0.70915625,🟡 At Risk,1630,3,4538.599999999999,0.11971386183698353,🟡 Medium,Traditional Food,1950,0.531975128205128,3
682,2024-05-12,5,Sunday,4,Soyapango,San Salvador,3,Tamales de elote,Traditional Food,1.0,0.0,1.0,14,14.0,Cash,208,0.55,0.44999999999999996,6.299999999999999,44.99999999999999,19200,-7206.970000000003,0.624636979166666,🔴 Below Target,1630,3,3997.676666666666,0.13591227571347694,🔴 Low,Traditional Food,1950,0.531975128205128,3
683,2024-01-09,1,Tuesday,6,Usulután,Usulután,14,Frijoles rojos 1lb,Groceries,1.2,0.1,1.08,13,14.04,Cash,4,0.65,0.5499999999999999,7.1499999999999995,45.83333333333333,16800,-4396.6900000000005,0.738292261904762,🟡 At Risk,1630,3,4134.4366666666665,0.13141653316735613,🟡 Medium,Groceries,350,2.290714285714286,1
684,2024-12-24,12,Tuesday,1,San Salvador Centro,San Salvador,3,Tamales de elote,Traditional Food,1.0,0.0,1.0,3,3.0,Bitcoin,55,0.55,0.44999999999999996,1.3499999999999999,44.99999999999999,21600,-7478.849999999997,0.653756944444444,🔴 Below Target,1630,3,4707.050000000001,0.11542969234092122,🟡 Medium,Traditional Food,1950,0.531975128205128,3
685,2024-11-06,11,Wednesday,5,Metrocentro,San Salvador,10,Hamaca artesanal,Handicrafts,35.0,0.0,35.0,3,105.0,Credit card,225,18.0,17.0,51.0,48.57142857142857,20400,-7248.4400000000005,0.64468431372549,🔴 Below Target,1630,3,4383.8533333333335,0.12393966951449106,🟡 Medium,Handicrafts,2250,2.939564814814815,3
686,2024-12-04,12,Wednesday,7,La Libertad,La Libertad,13,Aceite vegetal 1L,Groceries,2.8,0.0,2.8,1,2.8,Cash,113,1.8,0.9999999999999998,0.9999999999999998,35.71428571428571,16800,-6134.490000000002,0.634851785714286,🔴 Below Target,1630,3,3555.1699999999996,0.15282907240253868,🔴 Low,Groceries,350,2.290714285714286,1
687,2024-10-06,10,Sunday,7,La Libertad,La Libertad,5,Atol de elote,Beverages,1.0,0.1,0.9,10,9.0,Cash,347,0.45,0.55,5.5,55.00000000000001,16800,-6134.490000000002,0.634851785714286,🔴 Below Target,1630,3,3555.1699999999996,0.15282907240253868,🔴 Low,Beverages,500,1.2037333333333333,2
688,2024-10-10,10,Thursday,1,San Salvador Centro,San Salvador,12,Canasta de palma,Handicrafts,12.0,0.0,12.0,18,216.0,Cash,3,5.5,6.5,117.0,54.166666666666664,21600,-7478.849999999997,0.653756944444444,🔴 Below Target,1630,3,4707.050000000001,0.11542969234092122,🟡 Medium,Handicrafts,2250,2.939564814814815,3
689,2024-06-05,6,Wednesday,2,Santa Ana,Santa Ana,13,Aceite vegetal 1L,Groceries,2.8,0.1,2.52,7,17.64,Debit card,372,1.8,0.9999999999999998,6.999999999999998,35.71428571428571,19200,-5584.200000000003,0.70915625,🟡 At Risk,1630,3,4538.599999999999,0.11971386183698353,🟡 Medium,Groceries,350,2.290714285714286,1
690,2024-07-30,7,Tuesday,4,Soyapango,San Salvador,12,Canasta de palma,Handicrafts,12.0,0.0,12.0,17,204.0,Cash,114,5.5,6.5,110.5,54.166666666666664,19200,-7206.970000000003,0.624636979166666,🔴 Below Target,1630,3,3997.676666666666,0.13591227571347694,🔴 Low,Handicrafts,2250,2.939564814814815,3
691,2024-02-28,2,Wednesday,4,Soyapango,San Salvador,9,Camisa guayabera,Clothing,18.0,0.1,16.2,6,97.2,Credit card,437,9.0,9.0,54.0,50.0,19200,-7206.970000000003,0.624636979166666,🔴 Below Target,1630,3,3997.676666666666,0.13591227571347694,🔴 Low,Clothing,400,0.89325,1
692,2024-11-26,11,Tuesday,8,Chalatenango,Chalatenango,2,Pupusas de frijol,Traditional Food,0.5,0.0,0.5,18,9.0,Cash,35,0.2,0.3,5.3999999999999995,60.0,18000,-1665.6599999999962,0.907463333333334,🟢 On Track,1630,3,5444.780000000002,0.09978976805919307,🟢 High,Traditional Food,1950,0.531975128205128,3
693,2024-04-11,4,Thursday,2,Santa Ana,Santa Ana,9,Camisa guayabera,Clothing,18.0,0.0,18.0,19,342.0,Transfer,183,9.0,9.0,171.0,50.0,19200,-5584.200000000003,0.70915625,🟡 At Risk,1630,3,4538.599999999999,0.11971386183698353,🟡 Medium,Clothing,400,0.89325,1
694,2024-02-21,2,Wednesday,4,Soyapango,San Salvador,5,Atol de elote,Beverages,1.0,0.05,0.95,10,9.5,Cash,100,0.45,0.55,5.5,55.00000000000001,19200,-7206.970000000003,0.624636979166666,🔴 Below Target,1630,3,3997.676666666666,0.13591227571347694,🔴 Low,Beverages,500,1.2037333333333333,2
695,2024-08-18,8,Sunday,8,Chalatenango,Chalatenango,11,Jarrito de barro,Handicrafts,8.0,0.05,7.6,11,83.6,Debit card,356,3.5,4.5,49.5,56.25,18000,-1665.6599999999962,0.907463333333334,🟢 On Track,1630,3,5444.780000000002,0.09978976805919307,🟢 High,Handicrafts,2250,2.939564814814815,3
696,2024-06-10,6,Monday,6,Usulután,Usulután,5,Atol de elote,Beverages,1.0,0.0,1.0,14,14.0,Cash,127,0.45,0.55,7.700000000000001,55.00000000000001,16800,-4396.6900000000005,0.738292261904762,🟡 At Risk,1630,3,4134.4366666666665,0.13141653316735613,🟡 Medium,Beverages,500,1.2037333333333333,2
697,2024-05-21,5,Tuesday,7,La Libertad,La Libertad,8,Fresco de tamarindo,Beverages,0.75,0.0,0.75,12,9.0,Debit card,170,0.3,0.45,5.4,60.0,16800,-6134.490000000002,0.634851785714286,🔴 Below Target,1630,3,3555.1699999999996,0.15282907240253868,🔴 Low,Beverages,500,1.2037333333333333,2
698,2024-08-16,8,Friday,8,Chalatenango,Chalatenango,16,Crema salvadoreña,Dairy,1.5,0.15,1.27,12,15.24,Cash,283,0.7,0.8,9.600000000000001,53.333333333333336,18000,-1665.6599999999962,0.907463333333334,🟢 On Track,1630,3,5444.780000000002,0.09978976805919307,🟢 High,Dairy,550,1.1310733333333334,2
699,2024-11-26,11,Tuesday,3,San Miguel,San Miguel,4,Yuca frita,Traditional Food,2.5,0.0,2.5,20,50.0,Credit card,440,1.2,1.3,26.0,52.0,18000,-6378.879999999992,0.645617777777778,🔴 Below Target,1630,3,3873.706666666669,0.14026186804714166,🔴 Low,Traditional Food,1950,0.531975128205128,3
700,2024-05-14,5,Tuesday,4,Soyapango,San Salvador,5,Atol de elote,Beverages,1.0,0.1,0.9,3,2.7,Cash,10,0.45,0.55,1.6500000000000001,55.00000000000001,19200,-7206.970000000003,0.624636979166666,🔴 Below Target,1630,3,3997.676666666666,0.13591227571347694,🔴 Low,Beverages,500,1.2037333333333333,2
701,2024-10-24,10,Thursday,1,San Salvador Centro,San Salvador,17,Queso duro blando,Dairy,3.5,0.0,3.5,19,66.5,Credit card,109,1.8,1.7,32.3,48.57142857142857,21600,-7478.849999999997,0.653756944444444,🔴 Below Target,1630,3,4707.050000000001,0.11542969234092122,🟡 Medium,Dairy,550,1.1310733333333334,2
702,2024-10-05,10,Saturday,5,Metrocentro,San Salvador,2,Pupusas de frijol,Traditional Food,0.5,0.0,0.5,18,9.0,Debit card,77,0.2,0.3,5.3999999999999995,60.0,20400,-7248.4400000000005,0.64468431372549,🔴 Below Target,1630,3,4383.8533333333335,0.12393966951449106,🟡 Medium,Traditional Food,1950,0.531975128205128,3
703,2024-04-24,4,Wednesday,7,La Libertad,La Libertad,12,Canasta de palma,Handicrafts,12.0,0.1,10.8,19,205.2,Credit card,69,5.5,6.5,123.5,54.166666666666664,16800,-6134.490000000002,0.634851785714286,🔴 Below Target,1630,3,3555.1699999999996,0.15282907240253868,🔴 Low,Handicrafts,2250,2.939564814814815,3
704,2024-07-22,7,Monday,2,Santa Ana,Santa Ana,15,Arroz blanco 1lb,Groceries,0.9,0.05,0.85,12,10.2,Cash,123,0.45,0.45,5.4,50.0,19200,-5584.200000000003,0.70915625,🟡 At Risk,1630,3,4538.599999999999,0.11971386183698353,🟡 Medium,Groceries,350,2.290714285714286,1
705,2024-08-16,8,Friday,3,San Miguel,San Miguel,6,Kolachampán,Beverages,0.75,0.0,0.75,6,4.5,Debit card,290,0.35,0.4,2.4000000000000004,53.333333333333336,18000,-6378.879999999992,0.645617777777778,🔴 Below Target,1630,3,3873.706666666669,0.14026186804714166,🔴 Low,Beverages,500,1.2037333333333333,2
706,2024-07-02,7,Tuesday,8,Chalatenango,Chalatenango,5,Atol de elote,Beverages,1.0,0.0,1.0,2,2.0,Credit card,119,0.45,0.55,1.1,55.00000000000001,18000,-1665.6599999999962,0.907463333333334,🟢 On Track,1630,3,5444.780000000002,0.09978976805919307,🟢 High,Beverages,500,1.2037333333333333,2
707,2024-07-08,7,Monday,5,Metrocentro,San Salvador,3,Tamales de elote,Traditional Food,1.0,0.0,1.0,8,8.0,Debit card,266,0.55,0.44999999999999996,3.5999999999999996,44.99999999999999,20400,-7248.4400000000005,0.64468431372549,🔴 Below Target,1630,3,4383.8533333333335,0.12393966951449106,🟡 Medium,Traditional Food,1950,0.531975128205128,3
708,2024-08-28,8,Wednesday,7,La Libertad,La Libertad,12,Canasta de palma,Handicrafts,12.0,0.0,12.0,15,180.0,Cash,333,5.5,6.5,97.5,54.166666666666664,16800,-6134.490000000002,0.634851785714286,🔴 Below Target,1630,3,3555.1699999999996,0.15282907240253868,🔴 Low,Handicrafts,2250,2.939564814814815,3
709,2024-12-26,12,Thursday,2,Santa Ana,Santa Ana,11,Jarrito de barro,Handicrafts,8.0,0.1,7.2,17,122.4,Credit card,428,3.5,4.5,76.5,56.25,19200,-5584.200000000003,0.70915625,🟡 At Risk,1630,3,4538.599999999999,0.11971386183698353,🟡 Medium,Handicrafts,2250,2.939564814814815,3
710,2024-07-11,7,Thursday,3,San Miguel,San Miguel,9,Camisa guayabera,Clothing,18.0,0.0,18.0,13,234.0,Debit card,460,9.0,9.0,117.0,50.0,18000,-6378.879999999992,0.645617777777778,🔴 Below Target,1630,3,3873.706666666669,0.14026186804714166,🔴 Low,Clothing,400,0.89325,1
711,2024-07-11,7,Thursday,5,Metrocentro,San Salvador,3,Tamales de elote,Traditional Food,1.0,0.05,0.95,8,7.6,Cash,419,0.55,0.44999999999999996,3.5999999999999996,44.99999999999999,20400,-7248.4400000000005,0.64468431372549,🔴 Below Target,1630,3,4383.8533333333335,0.12393966951449106,🟡 Medium,Traditional Food,1950,0.531975128205128,3
712,2024-09-03,9,Tuesday,8,Chalatenango,Chalatenango,12,Canasta de palma,Handicrafts,12.0,0.0,12.0,20,240.0,Debit card,72,5.5,6.5,130.0,54.166666666666664,18000,-1665.6599999999962,0.907463333333334,🟢 On Track,1630,3,5444.780000000002,0.09978976805919307,🟢 High,Handicrafts,2250,2.939564814814815,3
713,2024-04-27,4,Saturday,3,San Miguel,San Miguel,15,Arroz blanco 1lb,Groceries,0.9,0.05,0.85,3,2.55,Debit card,109,0.45,0.45,1.35,50.0,18000,-6378.879999999992,0.645617777777778,🔴 Below Target,1630,3,3873.706666666669,0.14026186804714166,🔴 Low,Groceries,350,2.290714285714286,1
714,2024-03-21,3,Thursday,3,San Miguel,San Miguel,5,Atol de elote,Beverages,1.0,0.05,0.95,12,11.4,Debit card,61,0.45,0.55,6.6000000000000005,55.00000000000001,18000,-6378.879999999992,0.645617777777778,🔴 Below Target,1630,3,3873.706666666669,0.14026186804714166,🔴 Low,Beverages,500,1.2037333333333333,2
715,2024-06-18,6,Tuesday,7,La Libertad,La Libertad,8,Fresco de tamarindo,Beverages,0.75,0.0,0.75,4,3.0,Debit card,246,0.3,0.45,1.8,60.0,16800,-6134.490000000002,0.634851785714286,🔴 Below Target,1630,3,3555.1699999999996,0.15282907240253868,🔴 Low,Beverages,500,1.2037333333333333,2
716,2024-11-27,11,Wednesday,3,San Miguel,San Miguel,7,Café salvadoreño,Beverages,1.5,0.0,1.5,14,21.0,Cash,66,0.65,0.85,11.9,56.666666666666664,18000,-6378.879999999992,0.645617777777778,🔴 Below Target,1630,3,3873.706666666669,0.14026186804714166,🔴 Low,Beverages,500,1.2037333333333333,2
717,2024-11-18,11,Monday,3,San Miguel,San Miguel,6,Kolachampán,Beverages,0.75,0.0,0.75,17,12.75,Credit card,76,0.35,0.4,6.800000000000001,53.333333333333336,18000,-6378.879999999992,0.645617777777778,🔴 Below Target,1630,3,3873.706666666669,0.14026186804714166,🔴 Low,Beverages,500,1.2037333333333333,2
718,2024-05-12,5,Sunday,3,San Miguel,San Miguel,2,Pupusas de frijol,Traditional Food,0.5,0.05,0.47,6,2.82,Transfer,307,0.2,0.3,1.7999999999999998,60.0,18000,-6378.879999999992,0.645617777777778,🔴 Below Target,1630,3,3873.706666666669,0.14026186804714166,🔴 Low,Traditional Food,1950,0.531975128205128,3
719,2024-02-13,2,Tuesday,5,Metrocentro,San Salvador,1,Pupusas de queso,Traditional Food,0.5,0.0,0.5,7,3.5,Debit card,242,0.25,0.25,1.75,50.0,20400,-7248.4400000000005,0.64468431372549,🔴 Below Target,1630,3,4383.8533333333335,0.12393966951449106,🟡 Medium,Traditional Food,1950,0.531975128205128,3
720,2024-04-22,4,Monday,3,San Miguel,San Miguel,16,Crema salvadoreña,Dairy,1.5,0.05,1.42,14,19.88,Cash,299,0.7,0.8,11.200000000000001,53.333333333333336,18000,-6378.879999999992,0.645617777777778,🔴 Below Target,1630,3,3873.706666666669,0.14026186804714166,🔴 Low,Dairy,550,1.1310733333333334,2
721,2024-03-26,3,Tuesday,5,Metrocentro,San Salvador,6,Kolachampán,Beverages,0.75,0.0,0.75,11,8.25,Debit card,36,0.35,0.4,4.4,53.333333333333336,20400,-7248.4400000000005,0.64468431372549,🔴 Below Target,1630,3,4383.8533333333335,0.12393966951449106,🟡 Medium,Beverages,500,1.2037333333333333,2
722,2024-07-16,7,Tuesday,7,La Libertad,La Libertad,8,Fresco de tamarindo,Beverages,0.75,0.0,0.75,5,3.75,Cash,268,0.3,0.45,2.25,60.0,16800,-6134.490000000002,0.634851785714286,🔴 Below Target,1630,3,3555.1699999999996,0.15282907240253868,🔴 Low,Beverages,500,1.2037333333333333,2
723,2024-03-17,3,Sunday,7,La Libertad,La Libertad,17,Queso duro blando,Dairy,3.5,0.0,3.5,20,70.0,Cash,462,1.8,1.7,34.0,48.57142857142857,16800,-6134.490000000002,0.634851785714286,🔴 Below Target,1630,3,3555.1699999999996,0.15282907240253868,🔴 Low,Dairy,550,1.1310733333333334,2
724,2024-02-17,2,Saturday,2,Santa Ana,Santa Ana,2,Pupusas de frijol,Traditional Food,0.5,0.1,0.45,16,7.2,Cash,309,0.2,0.3,4.8,60.0,19200,-5584.200000000003,0.70915625,🟡 At Risk,1630,3,4538.599999999999,0.11971386183698353,🟡 Medium,Traditional Food,1950,0.531975128205128,3
725,2024-12-13,12,Friday,1,San Salvador Centro,San Salvador,18,Curtido en frasco,Groceries,2.0,0.05,1.9,14,26.6,Cash,448,0.9,1.1,15.400000000000002,55.00000000000001,21600,-7478.849999999997,0.653756944444444,🔴 Below Target,1630,3,4707.050000000001,0.11542969234092122,🟡 Medium,Groceries,350,2.290714285714286,1
726,2024-04-27,4,Saturday,7,La Libertad,La Libertad,2,Pupusas de frijol,Traditional Food,0.5,0.15,0.42,16,6.72,Credit card,180,0.2,0.3,4.8,60.0,16800,-6134.490000000002,0.634851785714286,🔴 Below Target,1630,3,3555.1699999999996,0.15282907240253868,🔴 Low,Traditional Food,1950,0.531975128205128,3
727,2024-03-09,3,Saturday,7,La Libertad,La Libertad,4,Yuca frita,Traditional Food,2.5,0.0,2.5,9,22.5,Credit card,466,1.2,1.3,11.700000000000001,52.0,16800,-6134.490000000002,0.634851785714286,🔴 Below Target,1630,3,3555.1699999999996,0.15282907240253868,🔴 Low,Traditional Food,1950,0.531975128205128,3
728,2024-11-02,11,Saturday,5,Metrocentro,San Salvador,3,Tamales de elote,Traditional Food,1.0,0.0,1.0,18,18.0,Cash,3,0.55,0.44999999999999996,8.1,44.99999999999999,20400,-7248.4400000000005,0.64468431372549,🔴 Below Target,1630,3,4383.8533333333335,0.12393966951449106,🟡 Medium,Traditional Food,1950,0.531975128205128,3
729,2024-09-23,9,Monday,2,Santa Ana,Santa Ana,1,Pupusas de queso,Traditional Food,0.5,0.0,0.5,1,0.5,Debit card,353,0.25,0.25,0.25,50.0,19200,-5584.200000000003,0.70915625,🟡 At Risk,1630,3,4538.599999999999,0.11971386183698353,🟡 Medium,Traditional Food,1950,0.531975128205128,3
730,2024-07-04,7,Thursday,7,La Libertad,La Libertad,11,Jarrito de barro,Handicrafts,8.0,0.0,8.0,4,32.0,Cash,300,3.5,4.5,18.0,56.25,16800,-6134.490000000002,0.634851785714286,🔴 Below Target,1630,3,3555.1699999999996,0.15282907240253868,🔴 Low,Handicrafts,2250,2.939564814814815,3
731,2024-10-01,10,Tuesday,5,Metrocentro,San Salvador,9,Camisa guayabera,Clothing,18.0,0.05,17.1,14,239.4,Cash,142,9.0,9.0,126.0,50.0,20400,-7248.4400000000005,0.64468431372549,🔴 Below Target,1630,3,4383.8533333333335,0.12393966951449106,🟡 Medium,Clothing,400,0.89325,1
732,2024-07-30,7,Tuesday,4,Soyapango,San Salvador,13,Aceite vegetal 1L,Groceries,2.8,0.15,2.38,18,42.84,Debit card,92,1.8,0.9999999999999998,17.999999999999996,35.71428571428571,19200,-7206.970000000003,0.624636979166666,🔴 Below Target,1630,3,3997.676666666666,0.13591227571347694,🔴 Low,Groceries,350,2.290714285714286,1
733,2024-05-09,5,Thursday,8,Chalatenango,Chalatenango,12,Canasta de palma,Handicrafts,12.0,0.05,11.4,10,114.0,Cash,362,5.5,6.5,65.0,54.166666666666664,18000,-1665.6599999999962,0.907463333333334,🟢 On Track,1630,3,5444.780000000002,0.09978976805919307,🟢 High,Handicrafts,2250,2.939564814814815,3
734,2024-12-03,12,Tuesday,3,San Miguel,San Miguel,13,Aceite vegetal 1L,Groceries,2.8,0.1,2.52,4,10.08,Cash,401,1.8,0.9999999999999998,3.999999999999999,35.71428571428571,18000,-6378.879999999992,0.645617777777778,🔴 Below Target,1630,3,3873.706666666669,0.14026186804714166,🔴 Low,Groceries,350,2.290714285714286,1
735,2024-04-19,4,Friday,2,Santa Ana,Santa Ana,6,Kolachampán,Beverages,0.75,0.0,0.75,17,12.75,Credit card,411,0.35,0.4,6.800000000000001,53.333333333333336,19200,-5584.200000000003,0.70915625,🟡 At Risk,1630,3,4538.599999999999,0.11971386183698353,🟡 Medium,Beverages,500,1.2037333333333333,2
736,2024-03-23,3,Saturday,1,San Salvador Centro,San Salvador,18,Curtido en frasco,Groceries,2.0,0.1,1.8,13,23.4,Cash,47,0.9,1.1,14.3,55.00000000000001,21600,-7478.849999999997,0.653756944444444,🔴 Below Target,1630,3,4707.050000000001,0.11542969234092122,🟡 Medium,Groceries,350,2.290714285714286,1
737,2024-11-03,11,Sunday,8,Chalatenango,Chalatenango,5,Atol de elote,Beverages,1.0,0.0,1.0,14,14.0,Cash,114,0.45,0.55,7.700000000000001,55.00000000000001,18000,-1665.6599999999962,0.907463333333334,🟢 On Track,1630,3,5444.780000000002,0.09978976805919307,🟢 High,Beverages,500,1.2037333333333333,2
738,2024-11-07,11,Thursday,2,Santa Ana,Santa Ana,12,Canasta de palma,Handicrafts,12.0,0.1,10.8,2,21.6,Cash,206,5.5,6.5,13.0,54.166666666666664,19200,-5584.200000000003,0.70915625,🟡 At Risk,1630,3,4538.599999999999,0.11971386183698353,🟡 Medium,Handicrafts,2250,2.939564814814815,3
739,2024-12-30,12,Monday,5,Metrocentro,San Salvador,17,Queso duro blando,Dairy,3.5,0.0,3.5,20,70.0,Bitcoin,420,1.8,1.7,34.0,48.57142857142857,20400,-7248.4400000000005,0.64468431372549,🔴 Below Target,1630,3,4383.8533333333335,0.12393966951449106,🟡 Medium,Dairy,550,1.1310733333333334,2
740,2024-08-12,8,Monday,8,Chalatenango,Chalatenango,6,Kolachampán,Beverages,0.75,0.0,0.75,1,0.75,Credit card,477,0.35,0.4,0.4,53.333333333333336,18000,-1665.6599999999962,0.907463333333334,🟢 On Track,1630,3,5444.780000000002,0.09978976805919307,🟢 High,Beverages,500,1.2037333333333333,2
741,2024-04-09,4,Tuesday,5,Metrocentro,San Salvador,17,Queso duro blando,Dairy,3.5,0.15,2.98,2,5.96,Debit card,265,1.8,1.7,3.4,48.57142857142857,20400,-7248.4400000000005,0.64468431372549,🔴 Below Target,1630,3,4383.8533333333335,0.12393966951449106,🟡 Medium,Dairy,550,1.1310733333333334,2
742,2024-12-11,12,Wednesday,3,San Miguel,San Miguel,8,Fresco de tamarindo,Beverages,0.75,0.0,0.75,2,1.5,Cash,1,0.3,0.45,0.9,60.0,18000,-6378.879999999992,0.645617777777778,🔴 Below Target,1630,3,3873.706666666669,0.14026186804714166,🔴 Low,Beverages,500,1.2037333333333333,2
743,2024-05-21,5,Tuesday,2,Santa Ana,Santa Ana,6,Kolachampán,Beverages,0.75,0.0,0.75,13,9.75,Debit card,208,0.35,0.4,5.2,53.333333333333336,19200,-5584.200000000003,0.70915625,🟡 At Risk,1630,3,4538.599999999999,0.11971386183698353,🟡 Medium,Beverages,500,1.2037333333333333,2
744,2024-12-26,12,Thursday,1,San Salvador Centro,San Salvador,7,Café salvadoreño,Beverages,1.5,0.0,1.5,3,4.5,Debit card,372,0.65,0.85,2.55,56.666666666666664,21600,-7478.849999999997,0.653756944444444,🔴 Below Target,1630,3,4707.050000000001,0.11542969234092122,🟡 Medium,Beverages,500,1.2037333333333333,2
745,2024-06-26,6,Wednesday,6,Usulután,Usulután,18,Curtido en frasco,Groceries,2.0,0.0,2.0,9,18.0,Debit card,100,0.9,1.1,9.9,55.00000000000001,16800,-4396.6900000000005,0.738292261904762,🟡 At Risk,1630,3,4134.4366666666665,0.13141653316735613,🟡 Medium,Groceries,350,2.290714285714286,1
746,2024-10-21,10,Monday,7,La Libertad,La Libertad,15,Arroz blanco 1lb,Groceries,0.9,0.0,0.9,1,0.9,Cash,260,0.45,0.45,0.45,50.0,16800,-6134.490000000002,0.634851785714286,🔴 Below Target,1630,3,3555.1699999999996,0.15282907240253868,🔴 Low,Groceries,350,2.290714285714286,1
747,2024-09-14,9,Saturday,2,Santa Ana,Santa Ana,4,Yuca frita,Traditional Food,2.5,0.0,2.5,10,25.0,Bitcoin,412,1.2,1.3,13.0,52.0,19200,-5584.200000000003,0.70915625,🟡 At Risk,1630,3,4538.599999999999,0.11971386183698353,🟡 Medium,Traditional Food,1950,0.531975128205128,3
748,2024-10-02,10,Wednesday,5,Metrocentro,San Salvador,17,Queso duro blando,Dairy,3.5,0.0,3.5,19,66.5,Debit card,495,1.8,1.7,32.3,48.57142857142857,20400,-7248.4400000000005,0.64468431372549,🔴 Below Target,1630,3,4383.8533333333335,0.12393966951449106,🟡 Medium,Dairy,550,1.1310733333333334,2
749,2024-05-04,5,Saturday,8,Chalatenango,Chalatenango,13,Aceite vegetal 1L,Groceries,2.8,0.15,2.38,11,26.18,Cash,236,1.8,0.9999999999999998,10.999999999999998,35.71428571428571,18000,-1665.6599999999962,0.907463333333334,🟢 On Track,1630,3,5444.780000000002,0.09978976805919307,🟢 High,Groceries,350,2.290714285714286,1
750,2024-02-29,2,Thursday,8,Chalatenango,Chalatenango,1,Pupusas de queso,Traditional Food,0.5,0.0,0.5,9,4.5,Cash,404,0.25,0.25,2.25,50.0,18000,-1665.6599999999962,0.907463333333334,🟢 On Track,1630,3,5444.780000000002,0.09978976805919307,🟢 High,Traditional Food,1950,0.531975128205128,3
751,2024-06-10,6,Monday,4,Soyapango,San Salvador,8,Fresco de tamarindo,Beverages,0.75,0.0,0.75,14,10.5,Debit card,5,0.3,0.45,6.3,60.0,19200,-7206.970000000003,0.624636979166666,🔴 Below Target,1630,3,3997.676666666666,0.13591227571347694,🔴 Low,Beverages,500,1.2037333333333333,2
752,2024-05-27,5,Monday,4,Soyapango,San Salvador,9,Camisa guayabera,Clothing,18.0,0.0,18.0,3,54.0,Debit card,421,9.0,9.0,27.0,50.0,19200,-7206.970000000003,0.624636979166666,🔴 Below Target,1630,3,3997.676666666666,0.13591227571347694,🔴 Low,Clothing,400,0.89325,1
753,2024-10-10,10,Thursday,2,Santa Ana,Santa Ana,11,Jarrito de barro,Handicrafts,8.0,0.0,8.0,6,48.0,Cash,112,3.5,4.5,27.0,56.25,19200,-5584.200000000003,0.70915625,🟡 At Risk,1630,3,4538.599999999999,0.11971386183698353,🟡 Medium,Handicrafts,2250,2.939564814814815,3
754,2024-12-15,12,Sunday,3,San Miguel,San Miguel,9,Camisa guayabera,Clothing,18.0,0.0,18.0,7,126.0,Debit card,121,9.0,9.0,63.0,50.0,18000,-6378.879999999992,0.645617777777778,🔴 Below Target,1630,3,3873.706666666669,0.14026186804714166,🔴 Low,Clothing,400,0.89325,1
755,2024-04-15,4,Monday,5,Metrocentro,San Salvador,8,Fresco de tamarindo,Beverages,0.75,0.0,0.75,8,6.0,Credit card,429,0.3,0.45,3.6,60.0,20400,-7248.4400000000005,0.64468431372549,🔴 Below Target,1630,3,4383.8533333333335,0.12393966951449106,🟡 Medium,Beverages,500,1.2037333333333333,2
756,2024-02-24,2,Saturday,3,San Miguel,San Miguel,12,Canasta de palma,Handicrafts,12.0,0.0,12.0,4,48.0,Debit card,340,5.5,6.5,26.0,54.166666666666664,18000,-6378.879999999992,0.645617777777778,🔴 Below Target,1630,3,3873.706666666669,0.14026186804714166,🔴 Low,Handicrafts,2250,2.939564814814815,3
757,2024-10-04,10,Friday,1,San Salvador Centro,San Salvador,16,Crema salvadoreña,Dairy,1.5,0.15,1.27,2,2.54,Cash,318,0.7,0.8,1.6,53.333333333333336,21600,-7478.849999999997,0.653756944444444,🔴 Below Target,1630,3,4707.050000000001,0.11542969234092122,🟡 Medium,Dairy,550,1.1310733333333334,2
758,2024-10-21,10,Monday,8,Chalatenango,Chalatenango,11,Jarrito de barro,Handicrafts,8.0,0.0,8.0,9,72.0,Cash,392,3.5,4.5,40.5,56.25,18000,-1665.6599999999962,0.907463333333334,🟢 On Track,1630,3,5444.780000000002,0.09978976805919307,🟢 High,Handicrafts,2250,2.939564814814815,3
759,2024-07-22,7,Monday,5,Metrocentro,San Salvador,17,Queso duro blando,Dairy,3.5,0.15,2.98,8,23.84,Debit card,28,1.8,1.7,13.6,48.57142857142857,20400,-7248.4400000000005,0.64468431372549,🔴 Below Target,1630,3,4383.8533333333335,0.12393966951449106,🟡 Medium,Dairy,550,1.1310733333333334,2
760,2024-09-01,9,Sunday,7,La Libertad,La Libertad,17,Queso duro blando,Dairy,3.5,0.0,3.5,18,63.0,Debit card,202,1.8,1.7,30.599999999999998,48.57142857142857,16800,-6134.490000000002,0.634851785714286,🔴 Below Target,1630,3,3555.1699999999996,0.15282907240253868,🔴 Low,Dairy,550,1.1310733333333334,2
761,2024-03-02,3,Saturday,8,Chalatenango,Chalatenango,6,Kolachampán,Beverages,0.75,0.0,0.75,17,12.75,Cash,5,0.35,0.4,6.800000000000001,53.333333333333336,18000,-1665.6599999999962,0.907463333333334,🟢 On Track,1630,3,5444.780000000002,0.09978976805919307,🟢 High,Beverages,500,1.2037333333333333,2
762,2024-07-13,7,Saturday,4,Soyapango,San Salvador,1,Pupusas de queso,Traditional Food,0.5,0.0,0.5,19,9.5,Cash,314,0.25,0.25,4.75,50.0,19200,-7206.970000000003,0.624636979166666,🔴 Below Target,1630,3,3997.676666666666,0.13591227571347694,🔴 Low,Traditional Food,1950,0.531975128205128,3
763,2024-10-07,10,Monday,3,San Miguel,San Miguel,9,Camisa guayabera,Clothing,18.0,0.0,18.0,9,162.0,Cash,491,9.0,9.0,81.0,50.0,18000,-6378.879999999992,0.645617777777778,🔴 Below Target,1630,3,3873.706666666669,0.14026186804714166,🔴 Low,Clothing,400,0.89325,1
764,2024-04-04,4,Thursday,6,Usulután,Usulután,11,Jarrito de barro,Handicrafts,8.0,0.0,8.0,16,128.0,Cash,359,3.5,4.5,72.0,56.25,16800,-4396.6900000000005,0.738292261904762,🟡 At Risk,1630,3,4134.4366666666665,0.13141653316735613,🟡 Medium,Handicrafts,2250,2.939564814814815,3
765,2024-07-24,7,Wednesday,6,Usulután,Usulután,12,Canasta de palma,Handicrafts,12.0,0.0,12.0,9,108.0,Cash,68,5.5,6.5,58.5,54.166666666666664,16800,-4396.6900000000005,0.738292261904762,🟡 At Risk,1630,3,4134.4366666666665,0.13141653316735613,🟡 Medium,Handicrafts,2250,2.939564814814815,3
766,2024-05-18,5,Saturday,2,Santa Ana,Santa Ana,8,Fresco de tamarindo,Beverages,0.75,0.05,0.71,8,5.68,Cash,196,0.3,0.45,3.6,60.0,19200,-5584.200000000003,0.70915625,🟡 At Risk,1630,3,4538.599999999999,0.11971386183698353,🟡 Medium,Beverages,500,1.2037333333333333,2
767,2024-03-17,3,Sunday,3,San Miguel,San Miguel,7,Café salvadoreño,Beverages,1.5,0.15,1.27,16,20.32,Cash,216,0.65,0.85,13.6,56.666666666666664,18000,-6378.879999999992,0.645617777777778,🔴 Below Target,1630,3,3873.706666666669,0.14026186804714166,🔴 Low,Beverages,500,1.2037333333333333,2
768,2024-11-18,11,Monday,3,San Miguel,San Miguel,16,Crema salvadoreña,Dairy,1.5,0.05,1.42,17,24.14,Debit card,403,0.7,0.8,13.600000000000001,53.333333333333336,18000,-6378.879999999992,0.645617777777778,🔴 Below Target,1630,3,3873.706666666669,0.14026186804714166,🔴 Low,Dairy,550,1.1310733333333334,2
769,2024-05-08,5,Wednesday,5,Metrocentro,San Salvador,16,Crema salvadoreña,Dairy,1.5,0.15,1.27,18,22.86,Debit card,204,0.7,0.8,14.4,53.333333333333336,20400,-7248.4400000000005,0.64468431372549,🔴 Below Target,1630,3,4383.8533333333335,0.12393966951449106,🟡 Medium,Dairy,550,1.1310733333333334,2
770,2024-01-31,1,Wednesday,3,San Miguel,San Miguel,4,Yuca frita,Traditional Food,2.5,0.15,2.12,7,14.84,Cash,430,1.2,1.3,9.1,52.0,18000,-6378.879999999992,0.645617777777778,🔴 Below Target,1630,3,3873.706666666669,0.14026186804714166,🔴 Low,Traditional Food,1950,0.531975128205128,3
771,2024-06-20,6,Thursday,8,Chalatenango,Chalatenango,4,Yuca frita,Traditional Food,2.5,0.0,2.5,9,22.5,Cash,286,1.2,1.3,11.700000000000001,52.0,18000,-1665.6599999999962,0.907463333333334,🟢 On Track,1630,3,5444.780000000002,0.09978976805919307,🟢 High,Traditional Food,1950,0.531975128205128,3
772,2024-01-11,1,Thursday,6,Usulután,Usulután,9,Camisa guayabera,Clothing,18.0,0.0,18.0,14,252.0,Cash,348,9.0,9.0,126.0,50.0,16800,-4396.6900000000005,0.738292261904762,🟡 At Risk,1630,3,4134.4366666666665,0.13141653316735613,🟡 Medium,Clothing,400,0.89325,1
773,2024-05-25,5,Saturday,3,San Miguel,San Miguel,7,Café salvadoreño,Beverages,1.5,0.0,1.5,12,18.0,Debit card,250,0.65,0.85,10.2,56.666666666666664,18000,-6378.879999999992,0.645617777777778,🔴 Below Target,1630,3,3873.706666666669,0.14026186804714166,🔴 Low,Beverages,500,1.2037333333333333,2
774,2024-07-14,7,Sunday,2,Santa Ana,Santa Ana,15,Arroz blanco 1lb,Groceries,0.9,0.0,0.9,20,18.0,Cash,490,0.45,0.45,9.0,50.0,19200,-5584.200000000003,0.70915625,🟡 At Risk,1630,3,4538.599999999999,0.11971386183698353,🟡 Medium,Groceries,350,2.290714285714286,1
775,2024-11-23,11,Saturday,3,San Miguel,San Miguel,5,Atol de elote,Beverages,1.0,0.0,1.0,11,11.0,Debit card,293,0.45,0.55,6.050000000000001,55.00000000000001,18000,-6378.879999999992,0.645617777777778,🔴 Below Target,1630,3,3873.706666666669,0.14026186804714166,🔴 Low,Beverages,500,1.2037333333333333,2
776,2024-02-10,2,Saturday,2,Santa Ana,Santa Ana,13,Aceite vegetal 1L,Groceries,2.8,0.0,2.8,6,16.8,Cash,163,1.8,0.9999999999999998,5.999999999999998,35.71428571428571,19200,-5584.200000000003,0.70915625,🟡 At Risk,1630,3,4538.599999999999,0.11971386183698353,🟡 Medium,Groceries,350,2.290714285714286,1
777,2024-11-05,11,Tuesday,5,Metrocentro,San Salvador,10,Hamaca artesanal,Handicrafts,35.0,0.0,35.0,13,455.0,Credit card,400,18.0,17.0,221.0,48.57142857142857,20400,-7248.4400000000005,0.64468431372549,🔴 Below Target,1630,3,4383.8533333333335,0.12393966951449106,🟡 Medium,Handicrafts,2250,2.939564814814815,3
778,2024-07-30,7,Tuesday,8,Chalatenango,Chalatenango,12,Canasta de palma,Handicrafts,12.0,0.0,12.0,6,72.0,Credit card,65,5.5,6.5,39.0,54.166666666666664,18000,-1665.6599999999962,0.907463333333334,🟢 On Track,1630,3,5444.780000000002,0.09978976805919307,🟢 High,Handicrafts,2250,2.939564814814815,3
779,2024-12-24,12,Tuesday,5,Metrocentro,San Salvador,8,Fresco de tamarindo,Beverages,0.75,0.0,0.75,3,2.25,Cash,53,0.3,0.45,1.35,60.0,20400,-7248.4400000000005,0.64468431372549,🔴 Below Target,1630,3,4383.8533333333335,0.12393966951449106,🟡 Medium,Beverages,500,1.2037333333333333,2
780,2024-08-30,8,Friday,2,Santa Ana,Santa Ana,4,Yuca frita,Traditional Food,2.5,0.0,2.5,18,45.0,Cash,204,1.2,1.3,23.400000000000002,52.0,19200,-5584.200000000003,0.70915625,🟡 At Risk,1630,3,4538.599999999999,0.11971386183698353,🟡 Medium,Traditional Food,1950,0.531975128205128,3
781,2024-02-23,2,Friday,2,Santa Ana,Santa Ana,17,Queso duro blando,Dairy,3.5,0.05,3.32,9,29.88,Cash,336,1.8,1.7,15.299999999999999,48.57142857142857,19200,-5584.200000000003,0.70915625,🟡 At Risk,1630,3,4538.599999999999,0.11971386183698353,🟡 Medium,Dairy,550,1.1310733333333334,2
782,2024-04-27,4,Saturday,5,Metrocentro,San Salvador,13,Aceite vegetal 1L,Groceries,2.8,0.1,2.52,8,20.16,Cash,321,1.8,0.9999999999999998,7.999999999999998,35.71428571428571,20400,-7248.4400000000005,0.64468431372549,🔴 Below Target,1630,3,4383.8533333333335,0.12393966951449106,🟡 Medium,Groceries,350,2.290714285714286,1
783,2024-09-26,9,Thursday,3,San Miguel,San Miguel,5,Atol de elote,Beverages,1.0,0.0,1.0,6,6.0,Cash,183,0.45,0.55,3.3000000000000003,55.00000000000001,18000,-6378.879999999992,0.645617777777778,🔴 Below Target,1630,3,3873.706666666669,0.14026186804714166,🔴 Low,Beverages,500,1.2037333333333333,2
784,2024-08-27,8,Tuesday,8,Chalatenango,Chalatenango,11,Jarrito de barro,Handicrafts,8.0,0.0,8.0,18,144.0,Debit card,70,3.5,4.5,81.0,56.25,18000,-1665.6599999999962,0.907463333333334,🟢 On Track,1630,3,5444.780000000002,0.09978976805919307,🟢 High,Handicrafts,2250,2.939564814814815,3
785,2024-10-29,10,Tuesday,3,San Miguel,San Miguel,18,Curtido en frasco,Groceries,2.0,0.0,2.0,20,40.0,Debit card,326,0.9,1.1,22.0,55.00000000000001,18000,-6378.879999999992,0.645617777777778,🔴 Below Target,1630,3,3873.706666666669,0.14026186804714166,🔴 Low,Groceries,350,2.290714285714286,1
786,2024-06-26,6,Wednesday,5,Metrocentro,San Salvador,14,Frijoles rojos 1lb,Groceries,1.2,0.05,1.14,16,18.24,Cash,46,0.65,0.5499999999999999,8.799999999999999,45.83333333333333,20400,-7248.4400000000005,0.64468431372549,🔴 Below Target,1630,3,4383.8533333333335,0.12393966951449106,🟡 Medium,Groceries,350,2.290714285714286,1
787,2024-07-06,7,Saturday,5,Metrocentro,San Salvador,15,Arroz blanco 1lb,Groceries,0.9,0.0,0.9,14,12.6,Cash,6,0.45,0.45,6.3,50.0,20400,-7248.4400000000005,0.64468431372549,🔴 Below Target,1630,3,4383.8533333333335,0.12393966951449106,🟡 Medium,Groceries,350,2.290714285714286,1
788,2024-06-25,6,Tuesday,3,San Miguel,San Miguel,1,Pupusas de queso,Traditional Food,0.5,0.0,0.5,10,5.0,Debit card,353,0.25,0.25,2.5,50.0,18000,-6378.879999999992,0.645617777777778,🔴 Below Target,1630,3,3873.706666666669,0.14026186804714166,🔴 Low,Traditional Food,1950,0.531975128205128,3
789,2024-06-02,6,Sunday,8,Chalatenango,Chalatenango,16,Crema salvadoreña,Dairy,1.5,0.15,1.27,1,1.27,Cash,150,0.7,0.8,0.8,53.333333333333336,18000,-1665.6599999999962,0.907463333333334,🟢 On Track,1630,3,5444.780000000002,0.09978976805919307,🟢 High,Dairy,550,1.1310733333333334,2
790,2024-10-07,10,Monday,1,San Salvador Centro,San Salvador,8,Fresco de tamarindo,Beverages,0.75,0.0,0.75,12,9.0,Cash,288,0.3,0.45,5.4,60.0,21600,-7478.849999999997,0.653756944444444,🔴 Below Target,1630,3,4707.050000000001,0.11542969234092122,🟡 Medium,Beverages,500,1.2037333333333333,2
791,2024-05-07,5,Tuesday,7,La Libertad,La Libertad,14,Frijoles rojos 1lb,Groceries,1.2,0.1,1.08,6,6.48,Debit card,200,0.65,0.5499999999999999,3.3,45.83333333333333,16800,-6134.490000000002,0.634851785714286,🔴 Below Target,1630,3,3555.1699999999996,0.15282907240253868,🔴 Low,Groceries,350,2.290714285714286,1
792,2024-05-14,5,Tuesday,4,Soyapango,San Salvador,13,Aceite vegetal 1L,Groceries,2.8,0.0,2.8,3,8.4,Debit card,265,1.8,0.9999999999999998,2.999999999999999,35.71428571428571,19200,-7206.970000000003,0.624636979166666,🔴 Below Target,1630,3,3997.676666666666,0.13591227571347694,🔴 Low,Groceries,350,2.290714285714286,1
793,2024-11-28,11,Thursday,5,Metrocentro,San Salvador,9,Camisa guayabera,Clothing,18.0,0.15,15.3,18,275.4,Cash,97,9.0,9.0,162.0,50.0,20400,-7248.4400000000005,0.64468431372549,🔴 Below Target,1630,3,4383.8533333333335,0.12393966951449106,🟡 Medium,Clothing,400,0.89325,1
794,2024-03-10,3,Sunday,3,San Miguel,San Miguel,3,Tamales de elote,Traditional Food,1.0,0.0,1.0,10,10.0,Debit card,317,0.55,0.44999999999999996,4.5,44.99999999999999,18000,-6378.879999999992,0.645617777777778,🔴 Below Target,1630,3,3873.706666666669,0.14026186804714166,🔴 Low,Traditional Food,1950,0.531975128205128,3
795,2024-12-24,12,Tuesday,5,Metrocentro,San Salvador,15,Arroz blanco 1lb,Groceries,0.9,0.0,0.9,20,18.0,Cash,10,0.45,0.45,9.0,50.0,20400,-7248.4400000000005,0.64468431372549,🔴 Below Target,1630,3,4383.8533333333335,0.12393966951449106,🟡 Medium,Groceries,350,2.290714285714286,1
796,2024-09-30,9,Monday,1,San Salvador Centro,San Salvador,5,Atol de elote,Beverages,1.0,0.0,1.0,1,1.0,Transfer,145,0.45,0.55,0.55,55.00000000000001,21600,-7478.849999999997,0.653756944444444,🔴 Below Target,1630,3,4707.050000000001,0.11542969234092122,🟡 Medium,Beverages,500,1.2037333333333333,2
797,2024-08-12,8,Monday,3,San Miguel,San Miguel,9,Camisa guayabera,Clothing,18.0,0.0,18.0,1,18.0,Cash,8,9.0,9.0,9.0,50.0,18000,-6378.879999999992,0.645617777777778,🔴 Below Target,1630,3,3873.706666666669,0.14026186804714166,🔴 Low,Clothing,400,0.89325,1
798,2024-06-24,6,Monday,4,Soyapango,San Salvador,16,Crema salvadoreña,Dairy,1.5,0.0,1.5,14,21.0,Credit card,256,0.7,0.8,11.200000000000001,53.333333333333336,19200,-7206.970000000003,0.624636979166666,🔴 Below Target,1630,3,3997.676666666666,0.13591227571347694,🔴 Low,Dairy,550,1.1310733333333334,2
799,2024-12-22,12,Sunday,8,Chalatenango,Chalatenango,12,Canasta de palma,Handicrafts,12.0,0.0,12.0,2,24.0,Cash,385,5.5,6.5,13.0,54.166666666666664,18000,-1665.6599999999962,0.907463333333334,🟢 On Track,1630,3,5444.780000000002,0.09978976805919307,🟢 High,Handicrafts,2250,2.939564814814815,3
800,2024-05-16,5,Thursday,1,San Salvador Centro,San Salvador,5,Atol de elote,Beverages,1.0,0.0,1.0,13,13.0,Debit card,93,0.45,0.55,7.15,55.00000000000001,21600,-7478.849999999997,0.653756944444444,🔴 Below Target,1630,3,4707.050000000001,0.11542969234092122,🟡 Medium,Beverages,500,1.2037333333333333,2
801,2024-07-14,7,Sunday,5,Metrocentro,San Salvador,7,Café salvadoreño,Beverages,1.5,0.0,1.5,1,1.5,Transfer,366,0.65,0.85,0.85,56.666666666666664,20400,-7248.4400000000005,0.64468431372549,🔴 Below Target,1630,3,4383.8533333333335,0.12393966951449106,🟡 Medium,Beverages,500,1.2037333333333333,2
802,2024-08-14,8,Wednesday,7,La Libertad,La Libertad,8,Fresco de tamarindo,Beverages,0.75,0.1,0.68,8,5.44,Transfer,102,0.3,0.45,3.6,60.0,16800,-6134.490000000002,0.634851785714286,🔴 Below Target,1630,3,3555.1699999999996,0.15282907240253868,🔴 Low,Beverages,500,1.2037333333333333,2
803,2024-09-23,9,Monday,2,Santa Ana,Santa Ana,15,Arroz blanco 1lb,Groceries,0.9,0.0,0.9,7,6.3,Cash,493,0.45,0.45,3.15,50.0,19200,-5584.200000000003,0.70915625,🟡 At Risk,1630,3,4538.599999999999,0.11971386183698353,🟡 Medium,Groceries,350,2.290714285714286,1
804,2024-03-22,3,Friday,6,Usulután,Usulután,10,Hamaca artesanal,Handicrafts,35.0,0.1,31.5,2,63.0,Bitcoin,267,18.0,17.0,34.0,48.57142857142857,16800,-4396.6900000000005,0.738292261904762,🟡 At Risk,1630,3,4134.4366666666665,0.13141653316735613,🟡 Medium,Handicrafts,2250,2.939564814814815,3
805,2024-09-03,9,Tuesday,5,Metrocentro,San Salvador,4,Yuca frita,Traditional Food,2.5,0.0,2.5,10,25.0,Cash,27,1.2,1.3,13.0,52.0,20400,-7248.4400000000005,0.64468431372549,🔴 Below Target,1630,3,4383.8533333333335,0.12393966951449106,🟡 Medium,Traditional Food,1950,0.531975128205128,3
806,2024-04-30,4,Tuesday,2,Santa Ana,Santa Ana,7,Café salvadoreño,Beverages,1.5,0.0,1.5,14,21.0,Cash,407,0.65,0.85,11.9,56.666666666666664,19200,-5584.200000000003,0.70915625,🟡 At Risk,1630,3,4538.599999999999,0.11971386183698353,🟡 Medium,Beverages,500,1.2037333333333333,2
807,2024-07-21,7,Sunday,2,Santa Ana,Santa Ana,9,Camisa guayabera,Clothing,18.0,0.0,18.0,8,144.0,Transfer,298,9.0,9.0,72.0,50.0,19200,-5584.200000000003,0.70915625,🟡 At Risk,1630,3,4538.599999999999,0.11971386183698353,🟡 Medium,Clothing,400,0.89325,1
808,2024-07-09,7,Tuesday,3,San Miguel,San Miguel,16,Crema salvadoreña,Dairy,1.5,0.0,1.5,3,4.5,Cash,47,0.7,0.8,2.4000000000000004,53.333333333333336,18000,-6378.879999999992,0.645617777777778,🔴 Below Target,1630,3,3873.706666666669,0.14026186804714166,🔴 Low,Dairy,550,1.1310733333333334,2
809,2024-01-31,1,Wednesday,1,San Salvador Centro,San Salvador,11,Jarrito de barro,Handicrafts,8.0,0.1,7.2,12,86.4,Cash,275,3.5,4.5,54.0,56.25,21600,-7478.849999999997,0.653756944444444,🔴 Below Target,1630,3,4707.050000000001,0.11542969234092122,🟡 Medium,Handicrafts,2250,2.939564814814815,3
810,2024-09-06,9,Friday,3,San Miguel,San Miguel,4,Yuca frita,Traditional Food,2.5,0.0,2.5,8,20.0,Transfer,404,1.2,1.3,10.4,52.0,18000,-6378.879999999992,0.645617777777778,🔴 Below Target,1630,3,3873.706666666669,0.14026186804714166,🔴 Low,Traditional Food,1950,0.531975128205128,3
811,2024-04-08,4,Monday,8,Chalatenango,Chalatenango,12,Canasta de palma,Handicrafts,12.0,0.1,10.8,1,10.8,Cash,371,5.5,6.5,6.5,54.166666666666664,18000,-1665.6599999999962,0.907463333333334,🟢 On Track,1630,3,5444.780000000002,0.09978976805919307,🟢 High,Handicrafts,2250,2.939564814814815,3
812,2024-01-21,1,Sunday,5,Metrocentro,San Salvador,5,Atol de elote,Beverages,1.0,0.1,0.9,16,14.4,Cash,151,0.45,0.55,8.8,55.00000000000001,20400,-7248.4400000000005,0.64468431372549,🔴 Below Target,1630,3,4383.8533333333335,0.12393966951449106,🟡 Medium,Beverages,500,1.2037333333333333,2
813,2024-04-07,4,Sunday,8,Chalatenango,Chalatenango,18,Curtido en frasco,Groceries,2.0,0.0,2.0,19,38.0,Debit card,166,0.9,1.1,20.900000000000002,55.00000000000001,18000,-1665.6599999999962,0.907463333333334,🟢 On Track,1630,3,5444.780000000002,0.09978976805919307,🟢 High,Groceries,350,2.290714285714286,1
814,2024-11-02,11,Saturday,5,Metrocentro,San Salvador,15,Arroz blanco 1lb,Groceries,0.9,0.0,0.9,18,16.2,Cash,80,0.45,0.45,8.1,50.0,20400,-7248.4400000000005,0.64468431372549,🔴 Below Target,1630,3,4383.8533333333335,0.12393966951449106,🟡 Medium,Groceries,350,2.290714285714286,1
815,2024-05-14,5,Tuesday,5,Metrocentro,San Salvador,15,Arroz blanco 1lb,Groceries,0.9,0.0,0.9,18,16.2,Cash,398,0.45,0.45,8.1,50.0,20400,-7248.4400000000005,0.64468431372549,🔴 Below Target,1630,3,4383.8533333333335,0.12393966951449106,🟡 Medium,Groceries,350,2.290714285714286,1
816,2024-04-04,4,Thursday,7,La Libertad,La Libertad,17,Queso duro blando,Dairy,3.5,0.05,3.32,1,3.32,Credit card,398,1.8,1.7,1.7,48.57142857142857,16800,-6134.490000000002,0.634851785714286,🔴 Below Target,1630,3,3555.1699999999996,0.15282907240253868,🔴 Low,Dairy,550,1.1310733333333334,2
817,2024-02-02,2,Friday,6,Usulután,Usulután,8,Fresco de tamarindo,Beverages,0.75,0.15,0.64,18,11.52,Cash,269,0.3,0.45,8.1,60.0,16800,-4396.6900000000005,0.738292261904762,🟡 At Risk,1630,3,4134.4366666666665,0.13141653316735613,🟡 Medium,Beverages,500,1.2037333333333333,2
818,2024-11-09,11,Saturday,3,San Miguel,San Miguel,16,Crema salvadoreña,Dairy,1.5,0.0,1.5,10,15.0,Cash,165,0.7,0.8,8.0,53.333333333333336,18000,-6378.879999999992,0.645617777777778,🔴 Below Target,1630,3,3873.706666666669,0.14026186804714166,🔴 Low,Dairy,550,1.1310733333333334,2
819,2024-09-24,9,Tuesday,2,Santa Ana,Santa Ana,4,Yuca frita,Traditional Food,2.5,0.0,2.5,3,7.5,Credit card,67,1.2,1.3,3.9000000000000004,52.0,19200,-5584.200000000003,0.70915625,🟡 At Risk,1630,3,4538.599999999999,0.11971386183698353,🟡 Medium,Traditional Food,1950,0.531975128205128,3
820,2024-04-13,4,Saturday,1,San Salvador Centro,San Salvador,6,Kolachampán,Beverages,0.75,0.0,0.75,4,3.0,Cash,17,0.35,0.4,1.6,53.333333333333336,21600,-7478.849999999997,0.653756944444444,🔴 Below Target,1630,3,4707.050000000001,0.11542969234092122,🟡 Medium,Beverages,500,1.2037333333333333,2
821,2024-09-26,9,Thursday,8,Chalatenango,Chalatenango,13,Aceite vegetal 1L,Groceries,2.8,0.1,2.52,20,50.4,Debit card,26,1.8,0.9999999999999998,19.999999999999996,35.71428571428571,18000,-1665.6599999999962,0.907463333333334,🟢 On Track,1630,3,5444.780000000002,0.09978976805919307,🟢 High,Groceries,350,2.290714285714286,1
822,2024-11-06,11,Wednesday,4,Soyapango,San Salvador,12,Canasta de palma,Handicrafts,12.0,0.0,12.0,3,36.0,Bitcoin,107,5.5,6.5,19.5,54.166666666666664,19200,-7206.970000000003,0.624636979166666,🔴 Below Target,1630,3,3997.676666666666,0.13591227571347694,🔴 Low,Handicrafts,2250,2.939564814814815,3
823,2024-08-27,8,Tuesday,2,Santa Ana,Santa Ana,16,Crema salvadoreña,Dairy,1.5,0.0,1.5,2,3.0,Debit card,481,0.7,0.8,1.6,53.333333333333336,19200,-5584.200000000003,0.70915625,🟡 At Risk,1630,3,4538.599999999999,0.11971386183698353,🟡 Medium,Dairy,550,1.1310733333333334,2
824,2024-12-28,12,Saturday,6,Usulután,Usulután,14,Frijoles rojos 1lb,Groceries,1.2,0.15,1.02,2,2.04,Debit card,271,0.65,0.5499999999999999,1.0999999999999999,45.83333333333333,16800,-4396.6900000000005,0.738292261904762,🟡 At Risk,1630,3,4134.4366666666665,0.13141653316735613,🟡 Medium,Groceries,350,2.290714285714286,1
825,2024-06-04,6,Tuesday,2,Santa Ana,Santa Ana,2,Pupusas de frijol,Traditional Food,0.5,0.0,0.5,3,1.5,Transfer,50,0.2,0.3,0.8999999999999999,60.0,19200,-5584.200000000003,0.70915625,🟡 At Risk,1630,3,4538.599999999999,0.11971386183698353,🟡 Medium,Traditional Food,1950,0.531975128205128,3
826,2024-09-29,9,Sunday,4,Soyapango,San Salvador,4,Yuca frita,Traditional Food,2.5,0.0,2.5,13,32.5,Cash,337,1.2,1.3,16.900000000000002,52.0,19200,-7206.970000000003,0.624636979166666,🔴 Below Target,1630,3,3997.676666666666,0.13591227571347694,🔴 Low,Traditional Food,1950,0.531975128205128,3
827,2024-10-12,10,Saturday,3,San Miguel,San Miguel,8,Fresco de tamarindo,Beverages,0.75,0.0,0.75,18,13.5,Debit card,393,0.3,0.45,8.1,60.0,18000,-6378.879999999992,0.645617777777778,🔴 Below Target,1630,3,3873.706666666669,0.14026186804714166,🔴 Low,Beverages,500,1.2037333333333333,2
828,2024-12-25,12,Wednesday,8,Chalatenango,Chalatenango,12,Canasta de palma,Handicrafts,12.0,0.0,12.0,14,168.0,Cash,93,5.5,6.5,91.0,54.166666666666664,18000,-1665.6599999999962,0.907463333333334,🟢 On Track,1630,3,5444.780000000002,0.09978976805919307,🟢 High,Handicrafts,2250,2.939564814814815,3
829,2024-09-15,9,Sunday,7,La Libertad,La Libertad,18,Curtido en frasco,Groceries,2.0,0.1,1.8,11,19.8,Cash,308,0.9,1.1,12.100000000000001,55.00000000000001,16800,-6134.490000000002,0.634851785714286,🔴 Below Target,1630,3,3555.1699999999996,0.15282907240253868,🔴 Low,Groceries,350,2.290714285714286,1
830,2024-06-10,6,Monday,6,Usulután,Usulután,15,Arroz blanco 1lb,Groceries,0.9,0.0,0.9,18,16.2,Credit card,212,0.45,0.45,8.1,50.0,16800,-4396.6900000000005,0.738292261904762,🟡 At Risk,1630,3,4134.4366666666665,0.13141653316735613,🟡 Medium,Groceries,350,2.290714285714286,1
831,2024-11-07,11,Thursday,6,Usulután,Usulután,14,Frijoles rojos 1lb,Groceries,1.2,0.05,1.14,8,9.12,Debit card,193,0.65,0.5499999999999999,4.3999999999999995,45.83333333333333,16800,-4396.6900000000005,0.738292261904762,🟡 At Risk,1630,3,4134.4366666666665,0.13141653316735613,🟡 Medium,Groceries,350,2.290714285714286,1
832,2024-07-03,7,Wednesday,5,Metrocentro,San Salvador,18,Curtido en frasco,Groceries,2.0,0.0,2.0,15,30.0,Transfer,1,0.9,1.1,16.5,55.00000000000001,20400,-7248.4400000000005,0.64468431372549,🔴 Below Target,1630,3,4383.8533333333335,0.12393966951449106,🟡 Medium,Groceries,350,2.290714285714286,1
833,2024-11-01,11,Friday,5,Metrocentro,San Salvador,2,Pupusas de frijol,Traditional Food,0.5,0.05,0.47,1,0.47,Cash,456,0.2,0.3,0.3,60.0,20400,-7248.4400000000005,0.64468431372549,🔴 Below Target,1630,3,4383.8533333333335,0.12393966951449106,🟡 Medium,Traditional Food,1950,0.531975128205128,3
834,2024-06-02,6,Sunday,1,San Salvador Centro,San Salvador,10,Hamaca artesanal,Handicrafts,35.0,0.0,35.0,8,280.0,Credit card,12,18.0,17.0,136.0,48.57142857142857,21600,-7478.849999999997,0.653756944444444,🔴 Below Target,1630,3,4707.050000000001,0.11542969234092122,🟡 Medium,Handicrafts,2250,2.939564814814815,3
835,2024-02-18,2,Sunday,3,San Miguel,San Miguel,9,Camisa guayabera,Clothing,18.0,0.0,18.0,2,36.0,Cash,71,9.0,9.0,18.0,50.0,18000,-6378.879999999992,0.645617777777778,🔴 Below Target,1630,3,3873.706666666669,0.14026186804714166,🔴 Low,Clothing,400,0.89325,1
836,2024-10-25,10,Friday,6,Usulután,Usulután,9,Camisa guayabera,Clothing,18.0,0.0,18.0,8,144.0,Cash,154,9.0,9.0,72.0,50.0,16800,-4396.6900000000005,0.738292261904762,🟡 At Risk,1630,3,4134.4366666666665,0.13141653316735613,🟡 Medium,Clothing,400,0.89325,1
837,2024-10-18,10,Friday,7,La Libertad,La Libertad,3,Tamales de elote,Traditional Food,1.0,0.1,0.9,7,6.3,Cash,167,0.55,0.44999999999999996,3.1499999999999995,44.99999999999999,16800,-6134.490000000002,0.634851785714286,🔴 Below Target,1630,3,3555.1699999999996,0.15282907240253868,🔴 Low,Traditional Food,1950,0.531975128205128,3
838,2024-09-06,9,Friday,3,San Miguel,San Miguel,16,Crema salvadoreña,Dairy,1.5,0.15,1.27,19,24.13,Bitcoin,305,0.7,0.8,15.200000000000001,53.333333333333336,18000,-6378.879999999992,0.645617777777778,🔴 Below Target,1630,3,3873.706666666669,0.14026186804714166,🔴 Low,Dairy,550,1.1310733333333334,2
839,2024-10-22,10,Tuesday,1,San Salvador Centro,San Salvador,10,Hamaca artesanal,Handicrafts,35.0,0.0,35.0,13,455.0,Credit card,472,18.0,17.0,221.0,48.57142857142857,21600,-7478.849999999997,0.653756944444444,🔴 Below Target,1630,3,4707.050000000001,0.11542969234092122,🟡 Medium,Handicrafts,2250,2.939564814814815,3
840,2024-08-10,8,Saturday,6,Usulután,Usulután,11,Jarrito de barro,Handicrafts,8.0,0.15,6.8,14,95.2,Cash,395,3.5,4.5,63.0,56.25,16800,-4396.6900000000005,0.738292261904762,🟡 At Risk,1630,3,4134.4366666666665,0.13141653316735613,🟡 Medium,Handicrafts,2250,2.939564814814815,3
841,2024-11-20,11,Wednesday,1,San Salvador Centro,San Salvador,8,Fresco de tamarindo,Beverages,0.75,0.0,0.75,13,9.75,Cash,22,0.3,0.45,5.8500000000000005,60.0,21600,-7478.849999999997,0.653756944444444,🔴 Below Target,1630,3,4707.050000000001,0.11542969234092122,🟡 Medium,Beverages,500,1.2037333333333333,2
842,2024-06-16,6,Sunday,3,San Miguel,San Miguel,11,Jarrito de barro,Handicrafts,8.0,0.1,7.2,17,122.4,Cash,26,3.5,4.5,76.5,56.25,18000,-6378.879999999992,0.645617777777778,🔴 Below Target,1630,3,3873.706666666669,0.14026186804714166,🔴 Low,Handicrafts,2250,2.939564814814815,3
843,2024-10-31,10,Thursday,8,Chalatenango,Chalatenango,13,Aceite vegetal 1L,Groceries,2.8,0.05,2.66,19,50.54,Cash,222,1.8,0.9999999999999998,18.999999999999996,35.71428571428571,18000,-1665.6599999999962,0.907463333333334,🟢 On Track,1630,3,5444.780000000002,0.09978976805919307,🟢 High,Groceries,350,2.290714285714286,1
844,2024-03-16,3,Saturday,7,La Libertad,La Libertad,10,Hamaca artesanal,Handicrafts,35.0,0.0,35.0,5,175.0,Cash,293,18.0,17.0,85.0,48.57142857142857,16800,-6134.490000000002,0.634851785714286,🔴 Below Target,1630,3,3555.1699999999996,0.15282907240253868,🔴 Low,Handicrafts,2250,2.939564814814815,3
845,2024-05-14,5,Tuesday,7,La Libertad,La Libertad,2,Pupusas de frijol,Traditional Food,0.5,0.0,0.5,3,1.5,Debit card,397,0.2,0.3,0.8999999999999999,60.0,16800,-6134.490000000002,0.634851785714286,🔴 Below Target,1630,3,3555.1699999999996,0.15282907240253868,🔴 Low,Traditional Food,1950,0.531975128205128,3
846,2024-09-03,9,Tuesday,3,San Miguel,San Miguel,5,Atol de elote,Beverages,1.0,0.0,1.0,18,18.0,Cash,334,0.45,0.55,9.9,55.00000000000001,18000,-6378.879999999992,0.645617777777778,🔴 Below Target,1630,3,3873.706666666669,0.14026186804714166,🔴 Low,Beverages,500,1.2037333333333333,2
847,2024-05-04,5,Saturday,4,Soyapango,San Salvador,7,Café salvadoreño,Beverages,1.5,0.0,1.5,3,4.5,Credit card,166,0.65,0.85,2.55,56.666666666666664,19200,-7206.970000000003,0.624636979166666,🔴 Below Target,1630,3,3997.676666666666,0.13591227571347694,🔴 Low,Beverages,500,1.2037333333333333,2
848,2024-12-09,12,Monday,2,Santa Ana,Santa Ana,3,Tamales de elote,Traditional Food,1.0,0.0,1.0,14,14.0,Cash,98,0.55,0.44999999999999996,6.299999999999999,44.99999999999999,19200,-5584.200000000003,0.70915625,🟡 At Risk,1630,3,4538.599999999999,0.11971386183698353,🟡 Medium,Traditional Food,1950,0.531975128205128,3
849,2024-10-31,10,Thursday,6,Usulután,Usulután,11,Jarrito de barro,Handicrafts,8.0,0.15,6.8,1,6.8,Cash,180,3.5,4.5,4.5,56.25,16800,-4396.6900000000005,0.738292261904762,🟡 At Risk,1630,3,4134.4366666666665,0.13141653316735613,🟡 Medium,Handicrafts,2250,2.939564814814815,3
850,2024-08-13,8,Tuesday,3,San Miguel,San Miguel,15,Arroz blanco 1lb,Groceries,0.9,0.15,0.77,2,1.54,Cash,351,0.45,0.45,0.9,50.0,18000,-6378.879999999992,0.645617777777778,🔴 Below Target,1630,3,3873.706666666669,0.14026186804714166,🔴 Low,Groceries,350,2.290714285714286,1
851,2024-02-13,2,Tuesday,3,San Miguel,San Miguel,12,Canasta de palma,Handicrafts,12.0,0.1,10.8,4,43.2,Cash,486,5.5,6.5,26.0,54.166666666666664,18000,-6378.879999999992,0.645617777777778,🔴 Below Target,1630,3,3873.706666666669,0.14026186804714166,🔴 Low,Handicrafts,2250,2.939564814814815,3
852,2024-01-08,1,Monday,5,Metrocentro,San Salvador,5,Atol de elote,Beverages,1.0,0.1,0.9,11,9.9,Credit card,157,0.45,0.55,6.050000000000001,55.00000000000001,20400,-7248.4400000000005,0.64468431372549,🔴 Below Target,1630,3,4383.8533333333335,0.12393966951449106,🟡 Medium,Beverages,500,1.2037333333333333,2
853,2024-01-12,1,Friday,8,Chalatenango,Chalatenango,15,Arroz blanco 1lb,Groceries,0.9,0.0,0.9,11,9.9,Debit card,109,0.45,0.45,4.95,50.0,18000,-1665.6599999999962,0.907463333333334,🟢 On Track,1630,3,5444.780000000002,0.09978976805919307,🟢 High,Groceries,350,2.290714285714286,1
854,2024-10-07,10,Monday,5,Metrocentro,San Salvador,7,Café salvadoreño,Beverages,1.5,0.05,1.42,16,22.72,Debit card,73,0.65,0.85,13.6,56.666666666666664,20400,-7248.4400000000005,0.64468431372549,🔴 Below Target,1630,3,4383.8533333333335,0.12393966951449106,🟡 Medium,Beverages,500,1.2037333333333333,2
855,2024-10-25,10,Friday,7,La Libertad,La Libertad,1,Pupusas de queso,Traditional Food,0.5,0.0,0.5,17,8.5,Cash,31,0.25,0.25,4.25,50.0,16800,-6134.490000000002,0.634851785714286,🔴 Below Target,1630,3,3555.1699999999996,0.15282907240253868,🔴 Low,Traditional Food,1950,0.531975128205128,3
856,2024-12-22,12,Sunday,4,Soyapango,San Salvador,10,Hamaca artesanal,Handicrafts,35.0,0.0,35.0,20,700.0,Cash,336,18.0,17.0,340.0,48.57142857142857,19200,-7206.970000000003,0.624636979166666,🔴 Below Target,1630,3,3997.676666666666,0.13591227571347694,🔴 Low,Handicrafts,2250,2.939564814814815,3
857,2024-07-17,7,Wednesday,2,Santa Ana,Santa Ana,1,Pupusas de queso,Traditional Food,0.5,0.1,0.45,9,4.05,Credit card,338,0.25,0.25,2.25,50.0,19200,-5584.200000000003,0.70915625,🟡 At Risk,1630,3,4538.599999999999,0.11971386183698353,🟡 Medium,Traditional Food,1950,0.531975128205128,3
858,2024-01-10,1,Wednesday,2,Santa Ana,Santa Ana,12,Canasta de palma,Handicrafts,12.0,0.15,10.2,10,102.0,Credit card,198,5.5,6.5,65.0,54.166666666666664,19200,-5584.200000000003,0.70915625,🟡 At Risk,1630,3,4538.599999999999,0.11971386183698353,🟡 Medium,Handicrafts,2250,2.939564814814815,3
859,2024-09-17,9,Tuesday,7,La Libertad,La Libertad,8,Fresco de tamarindo,Beverages,0.75,0.0,0.75,4,3.0,Cash,306,0.3,0.45,1.8,60.0,16800,-6134.490000000002,0.634851785714286,🔴 Below Target,1630,3,3555.1699999999996,0.15282907240253868,🔴 Low,Beverages,500,1.2037333333333333,2
860,2024-04-05,4,Friday,2,Santa Ana,Santa Ana,18,Curtido en frasco,Groceries,2.0,0.05,1.9,7,13.3,Transfer,288,0.9,1.1,7.700000000000001,55.00000000000001,19200,-5584.200000000003,0.70915625,🟡 At Risk,1630,3,4538.599999999999,0.11971386183698353,🟡 Medium,Groceries,350,2.290714285714286,1
861,2024-05-06,5,Monday,1,San Salvador Centro,San Salvador,1,Pupusas de queso,Traditional Food,0.5,0.0,0.5,17,8.5,Cash,202,0.25,0.25,4.25,50.0,21600,-7478.849999999997,0.653756944444444,🔴 Below Target,1630,3,4707.050000000001,0.11542969234092122,🟡 Medium,Traditional Food,1950,0.531975128205128,3
862,2024-06-26,6,Wednesday,1,San Salvador Centro,San Salvador,6,Kolachampán,Beverages,0.75,0.0,0.75,12,9.0,Debit card,121,0.35,0.4,4.800000000000001,53.333333333333336,21600,-7478.849999999997,0.653756944444444,🔴 Below Target,1630,3,4707.050000000001,0.11542969234092122,🟡 Medium,Beverages,500,1.2037333333333333,2
863,2024-02-01,2,Thursday,5,Metrocentro,San Salvador,17,Queso duro blando,Dairy,3.5,0.0,3.5,9,31.5,Credit card,418,1.8,1.7,15.299999999999999,48.57142857142857,20400,-7248.4400000000005,0.64468431372549,🔴 Below Target,1630,3,4383.8533333333335,0.12393966951449106,🟡 Medium,Dairy,550,1.1310733333333334,2
864,2024-04-25,4,Thursday,5,Metrocentro,San Salvador,1,Pupusas de queso,Traditional Food,0.5,0.0,0.5,5,2.5,Credit card,337,0.25,0.25,1.25,50.0,20400,-7248.4400000000005,0.64468431372549,🔴 Below Target,1630,3,4383.8533333333335,0.12393966951449106,🟡 Medium,Traditional Food,1950,0.531975128205128,3
865,2024-07-14,7,Sunday,2,Santa Ana,Santa Ana,5,Atol de elote,Beverages,1.0,0.1,0.9,17,15.3,Debit card,321,0.45,0.55,9.350000000000001,55.00000000000001,19200,-5584.200000000003,0.70915625,🟡 At Risk,1630,3,4538.599999999999,0.11971386183698353,🟡 Medium,Beverages,500,1.2037333333333333,2
866,2024-05-03,5,Friday,7,La Libertad,La Libertad,8,Fresco de tamarindo,Beverages,0.75,0.0,0.75,19,14.25,Cash,160,0.3,0.45,8.55,60.0,16800,-6134.490000000002,0.634851785714286,🔴 Below Target,1630,3,3555.1699999999996,0.15282907240253868,🔴 Low,Beverages,500,1.2037333333333333,2
867,2024-10-04,10,Friday,8,Chalatenango,Chalatenango,11,Jarrito de barro,Handicrafts,8.0,0.0,8.0,5,40.0,Debit card,298,3.5,4.5,22.5,56.25,18000,-1665.6599999999962,0.907463333333334,🟢 On Track,1630,3,5444.780000000002,0.09978976805919307,🟢 High,Handicrafts,2250,2.939564814814815,3
868,2024-03-11,3,Monday,4,Soyapango,San Salvador,18,Curtido en frasco,Groceries,2.0,0.1,1.8,10,18.0,Debit card,269,0.9,1.1,11.0,55.00000000000001,19200,-7206.970000000003,0.624636979166666,🔴 Below Target,1630,3,3997.676666666666,0.13591227571347694,🔴 Low,Groceries,350,2.290714285714286,1
869,2024-03-15,3,Friday,7,La Libertad,La Libertad,5,Atol de elote,Beverages,1.0,0.0,1.0,19,19.0,Cash,286,0.45,0.55,10.450000000000001,55.00000000000001,16800,-6134.490000000002,0.634851785714286,🔴 Below Target,1630,3,3555.1699999999996,0.15282907240253868,🔴 Low,Beverages,500,1.2037333333333333,2
870,2024-04-04,4,Thursday,2,Santa Ana,Santa Ana,18,Curtido en frasco,Groceries,2.0,0.15,1.7,11,18.7,Credit card,373,0.9,1.1,12.100000000000001,55.00000000000001,19200,-5584.200000000003,0.70915625,🟡 At Risk,1630,3,4538.599999999999,0.11971386183698353,🟡 Medium,Groceries,350,2.290714285714286,1
871,2024-07-30,7,Tuesday,6,Usulután,Usulután,1,Pupusas de queso,Traditional Food,0.5,0.0,0.5,14,7.0,Cash,479,0.25,0.25,3.5,50.0,16800,-4396.6900000000005,0.738292261904762,🟡 At Risk,1630,3,4134.4366666666665,0.13141653316735613,🟡 Medium,Traditional Food,1950,0.531975128205128,3
872,2024-04-06,4,Saturday,3,San Miguel,San Miguel,9,Camisa guayabera,Clothing,18.0,0.0,18.0,4,72.0,Cash,391,9.0,9.0,36.0,50.0,18000,-6378.879999999992,0.645617777777778,🔴 Below Target,1630,3,3873.706666666669,0.14026186804714166,🔴 Low,Clothing,400,0.89325,1
873,2024-11-01,11,Friday,4,Soyapango,San Salvador,9,Camisa guayabera,Clothing,18.0,0.0,18.0,8,144.0,Debit card,184,9.0,9.0,72.0,50.0,19200,-7206.970000000003,0.624636979166666,🔴 Below Target,1630,3,3997.676666666666,0.13591227571347694,🔴 Low,Clothing,400,0.89325,1
874,2024-03-09,3,Saturday,8,Chalatenango,Chalatenango,3,Tamales de elote,Traditional Food,1.0,0.15,0.85,17,14.45,Debit card,365,0.55,0.44999999999999996,7.6499999999999995,44.99999999999999,18000,-1665.6599999999962,0.907463333333334,🟢 On Track,1630,3,5444.780000000002,0.09978976805919307,🟢 High,Traditional Food,1950,0.531975128205128,3
875,2024-07-17,7,Wednesday,3,San Miguel,San Miguel,12,Canasta de palma,Handicrafts,12.0,0.0,12.0,16,192.0,Cash,99,5.5,6.5,104.0,54.166666666666664,18000,-6378.879999999992,0.645617777777778,🔴 Below Target,1630,3,3873.706666666669,0.14026186804714166,🔴 Low,Handicrafts,2250,2.939564814814815,3
876,2024-07-28,7,Sunday,1,San Salvador Centro,San Salvador,8,Fresco de tamarindo,Beverages,0.75,0.0,0.75,1,0.75,Transfer,114,0.3,0.45,0.45,60.0,21600,-7478.849999999997,0.653756944444444,🔴 Below Target,1630,3,4707.050000000001,0.11542969234092122,🟡 Medium,Beverages,500,1.2037333333333333,2
877,2024-02-03,2,Saturday,4,Soyapango,San Salvador,7,Café salvadoreño,Beverages,1.5,0.0,1.5,6,9.0,Credit card,251,0.65,0.85,5.1,56.666666666666664,19200,-7206.970000000003,0.624636979166666,🔴 Below Target,1630,3,3997.676666666666,0.13591227571347694,🔴 Low,Beverages,500,1.2037333333333333,2
878,2024-05-06,5,Monday,8,Chalatenango,Chalatenango,11,Jarrito de barro,Handicrafts,8.0,0.0,8.0,14,112.0,Credit card,312,3.5,4.5,63.0,56.25,18000,-1665.6599999999962,0.907463333333334,🟢 On Track,1630,3,5444.780000000002,0.09978976805919307,🟢 High,Handicrafts,2250,2.939564814814815,3
879,2024-07-20,7,Saturday,6,Usulután,Usulután,13,Aceite vegetal 1L,Groceries,2.8,0.1,2.52,20,50.4,Debit card,275,1.8,0.9999999999999998,19.999999999999996,35.71428571428571,16800,-4396.6900000000005,0.738292261904762,🟡 At Risk,1630,3,4134.4366666666665,0.13141653316735613,🟡 Medium,Groceries,350,2.290714285714286,1
880,2024-09-23,9,Monday,1,San Salvador Centro,San Salvador,17,Queso duro blando,Dairy,3.5,0.0,3.5,4,14.0,Cash,450,1.8,1.7,6.8,48.57142857142857,21600,-7478.849999999997,0.653756944444444,🔴 Below Target,1630,3,4707.050000000001,0.11542969234092122,🟡 Medium,Dairy,550,1.1310733333333334,2
881,2024-09-22,9,Sunday,4,Soyapango,San Salvador,2,Pupusas de frijol,Traditional Food,0.5,0.0,0.5,18,9.0,Transfer,21,0.2,0.3,5.3999999999999995,60.0,19200,-7206.970000000003,0.624636979166666,🔴 Below Target,1630,3,3997.676666666666,0.13591227571347694,🔴 Low,Traditional Food,1950,0.531975128205128,3
882,2024-09-21,9,Saturday,7,La Libertad,La Libertad,18,Curtido en frasco,Groceries,2.0,0.0,2.0,2,4.0,Cash,204,0.9,1.1,2.2,55.00000000000001,16800,-6134.490000000002,0.634851785714286,🔴 Below Target,1630,3,3555.1699999999996,0.15282907240253868,🔴 Low,Groceries,350,2.290714285714286,1
883,2024-08-24,8,Saturday,5,Metrocentro,San Salvador,10,Hamaca artesanal,Handicrafts,35.0,0.0,35.0,6,210.0,Cash,471,18.0,17.0,102.0,48.57142857142857,20400,-7248.4400000000005,0.64468431372549,🔴 Below Target,1630,3,4383.8533333333335,0.12393966951449106,🟡 Medium,Handicrafts,2250,2.939564814814815,3
884,2024-08-25,8,Sunday,3,San Miguel,San Miguel,2,Pupusas de frijol,Traditional Food,0.5,0.0,0.5,15,7.5,Debit card,58,0.2,0.3,4.5,60.0,18000,-6378.879999999992,0.645617777777778,🔴 Below Target,1630,3,3873.706666666669,0.14026186804714166,🔴 Low,Traditional Food,1950,0.531975128205128,3
885,2024-07-20,7,Saturday,3,San Miguel,San Miguel,6,Kolachampán,Beverages,0.75,0.0,0.75,14,10.5,Cash,92,0.35,0.4,5.6000000000000005,53.333333333333336,18000,-6378.879999999992,0.645617777777778,🔴 Below Target,1630,3,3873.706666666669,0.14026186804714166,🔴 Low,Beverages,500,1.2037333333333333,2
886,2024-08-20,8,Tuesday,4,Soyapango,San Salvador,15,Arroz blanco 1lb,Groceries,0.9,0.0,0.9,3,2.7,Cash,333,0.45,0.45,1.35,50.0,19200,-7206.970000000003,0.624636979166666,🔴 Below Target,1630,3,3997.676666666666,0.13591227571347694,🔴 Low,Groceries,350,2.290714285714286,1
887,2024-02-16,2,Friday,2,Santa Ana,Santa Ana,6,Kolachampán,Beverages,0.75,0.1,0.68,4,2.72,Cash,186,0.35,0.4,1.6,53.333333333333336,19200,-5584.200000000003,0.70915625,🟡 At Risk,1630,3,4538.599999999999,0.11971386183698353,🟡 Medium,Beverages,500,1.2037333333333333,2
888,2024-09-18,9,Wednesday,7,La Libertad,La Libertad,3,Tamales de elote,Traditional Food,1.0,0.0,1.0,20,20.0,Cash,195,0.55,0.44999999999999996,9.0,44.99999999999999,16800,-6134.490000000002,0.634851785714286,🔴 Below Target,1630,3,3555.1699999999996,0.15282907240253868,🔴 Low,Traditional Food,1950,0.531975128205128,3
889,2024-06-20,6,Thursday,3,San Miguel,San Miguel,2,Pupusas de frijol,Traditional Food,0.5,0.15,0.42,19,7.98,Debit card,77,0.2,0.3,5.7,60.0,18000,-6378.879999999992,0.645617777777778,🔴 Below Target,1630,3,3873.706666666669,0.14026186804714166,🔴 Low,Traditional Food,1950,0.531975128205128,3
890,2024-04-01,4,Monday,3,San Miguel,San Miguel,6,Kolachampán,Beverages,0.75,0.0,0.75,2,1.5,Cash,374,0.35,0.4,0.8,53.333333333333336,18000,-6378.879999999992,0.645617777777778,🔴 Below Target,1630,3,3873.706666666669,0.14026186804714166,🔴 Low,Beverages,500,1.2037333333333333,2
891,2024-11-16,11,Saturday,5,Metrocentro,San Salvador,15,Arroz blanco 1lb,Groceries,0.9,0.0,0.9,6,5.4,Credit card,492,0.45,0.45,2.7,50.0,20400,-7248.4400000000005,0.64468431372549,🔴 Below Target,1630,3,4383.8533333333335,0.12393966951449106,🟡 Medium,Groceries,350,2.290714285714286,1
892,2024-11-14,11,Thursday,1,San Salvador Centro,San Salvador,7,Café salvadoreño,Beverages,1.5,0.0,1.5,9,13.5,Cash,438,0.65,0.85,7.6499999999999995,56.666666666666664,21600,-7478.849999999997,0.653756944444444,🔴 Below Target,1630,3,4707.050000000001,0.11542969234092122,🟡 Medium,Beverages,500,1.2037333333333333,2
893,2024-11-07,11,Thursday,1,San Salvador Centro,San Salvador,16,Crema salvadoreña,Dairy,1.5,0.0,1.5,16,24.0,Cash,338,0.7,0.8,12.8,53.333333333333336,21600,-7478.849999999997,0.653756944444444,🔴 Below Target,1630,3,4707.050000000001,0.11542969234092122,🟡 Medium,Dairy,550,1.1310733333333334,2
894,2024-07-28,7,Sunday,8,Chalatenango,Chalatenango,16,Crema salvadoreña,Dairy,1.5,0.0,1.5,15,22.5,Debit card,4,0.7,0.8,12.0,53.333333333333336,18000,-1665.6599999999962,0.907463333333334,🟢 On Track,1630,3,5444.780000000002,0.09978976805919307,🟢 High,Dairy,550,1.1310733333333334,2
895,2024-11-13,11,Wednesday,5,Metrocentro,San Salvador,8,Fresco de tamarindo,Beverages,0.75,0.15,0.64,18,11.52,Credit card,26,0.3,0.45,8.1,60.0,20400,-7248.4400000000005,0.64468431372549,🔴 Below Target,1630,3,4383.8533333333335,0.12393966951449106,🟡 Medium,Beverages,500,1.2037333333333333,2
896,2024-01-29,1,Monday,3,San Miguel,San Miguel,6,Kolachampán,Beverages,0.75,0.0,0.75,12,9.0,Cash,17,0.35,0.4,4.800000000000001,53.333333333333336,18000,-6378.879999999992,0.645617777777778,🔴 Below Target,1630,3,3873.706666666669,0.14026186804714166,🔴 Low,Beverages,500,1.2037333333333333,2
897,2024-02-14,2,Wednesday,6,Usulután,Usulután,10,Hamaca artesanal,Handicrafts,35.0,0.0,35.0,2,70.0,Cash,92,18.0,17.0,34.0,48.57142857142857,16800,-4396.6900000000005,0.738292261904762,🟡 At Risk,1630,3,4134.4366666666665,0.13141653316735613,🟡 Medium,Handicrafts,2250,2.939564814814815,3
898,2024-11-08,11,Friday,5,Metrocentro,San Salvador,6,Kolachampán,Beverages,0.75,0.05,0.71,20,14.2,Credit card,91,0.35,0.4,8.0,53.333333333333336,20400,-7248.4400000000005,0.64468431372549,🔴 Below Target,1630,3,4383.8533333333335,0.12393966951449106,🟡 Medium,Beverages,500,1.2037333333333333,2
899,2024-01-19,1,Friday,6,Usulután,Usulután,15,Arroz blanco 1lb,Groceries,0.9,0.15,0.77,3,2.31,Cash,189,0.45,0.45,1.35,50.0,16800,-4396.6900000000005,0.738292261904762,🟡 At Risk,1630,3,4134.4366666666665,0.13141653316735613,🟡 Medium,Groceries,350,2.290714285714286,1
900,2024-08-06,8,Tuesday,2,Santa Ana,Santa Ana,13,Aceite vegetal 1L,Groceries,2.8,0.0,2.8,18,50.4,Cash,69,1.8,0.9999999999999998,17.999999999999996,35.71428571428571,19200,-5584.200000000003,0.70915625,🟡 At Risk,1630,3,4538.599999999999,0.11971386183698353,🟡 Medium,Groceries,350,2.290714285714286,1
901,2024-06-17,6,Monday,5,Metrocentro,San Salvador,4,Yuca frita,Traditional Food,2.5,0.0,2.5,17,42.5,Debit card,357,1.2,1.3,22.1,52.0,20400,-7248.4400000000005,0.64468431372549,🔴 Below Target,1630,3,4383.8533333333335,0.12393966951449106,🟡 Medium,Traditional Food,1950,0.531975128205128,3
902,2024-02-25,2,Sunday,1,San Salvador Centro,San Salvador,7,Café salvadoreño,Beverages,1.5,0.1,1.35,19,25.65,Transfer,271,0.65,0.85,16.15,56.666666666666664,21600,-7478.849999999997,0.653756944444444,🔴 Below Target,1630,3,4707.050000000001,0.11542969234092122,🟡 Medium,Beverages,500,1.2037333333333333,2
903,2024-12-18,12,Wednesday,8,Chalatenango,Chalatenango,3,Tamales de elote,Traditional Food,1.0,0.15,0.85,20,17.0,Transfer,148,0.55,0.44999999999999996,9.0,44.99999999999999,18000,-1665.6599999999962,0.907463333333334,🟢 On Track,1630,3,5444.780000000002,0.09978976805919307,🟢 High,Traditional Food,1950,0.531975128205128,3
904,2024-05-12,5,Sunday,6,Usulután,Usulután,14,Frijoles rojos 1lb,Groceries,1.2,0.05,1.14,17,19.38,Transfer,182,0.65,0.5499999999999999,9.35,45.83333333333333,16800,-4396.6900000000005,0.738292261904762,🟡 At Risk,1630,3,4134.4366666666665,0.13141653316735613,🟡 Medium,Groceries,350,2.290714285714286,1
905,2024-09-23,9,Monday,8,Chalatenango,Chalatenango,5,Atol de elote,Beverages,1.0,0.0,1.0,16,16.0,Credit card,453,0.45,0.55,8.8,55.00000000000001,18000,-1665.6599999999962,0.907463333333334,🟢 On Track,1630,3,5444.780000000002,0.09978976805919307,🟢 High,Beverages,500,1.2037333333333333,2
906,2024-04-09,4,Tuesday,5,Metrocentro,San Salvador,8,Fresco de tamarindo,Beverages,0.75,0.0,0.75,1,0.75,Cash,321,0.3,0.45,0.45,60.0,20400,-7248.4400000000005,0.64468431372549,🔴 Below Target,1630,3,4383.8533333333335,0.12393966951449106,🟡 Medium,Beverages,500,1.2037333333333333,2
907,2024-11-11,11,Monday,4,Soyapango,San Salvador,4,Yuca frita,Traditional Food,2.5,0.0,2.5,14,35.0,Cash,180,1.2,1.3,18.2,52.0,19200,-7206.970000000003,0.624636979166666,🔴 Below Target,1630,3,3997.676666666666,0.13591227571347694,🔴 Low,Traditional Food,1950,0.531975128205128,3
908,2024-01-06,1,Saturday,4,Soyapango,San Salvador,18,Curtido en frasco,Groceries,2.0,0.1,1.8,7,12.6,Cash,405,0.9,1.1,7.700000000000001,55.00000000000001,19200,-7206.970000000003,0.624636979166666,🔴 Below Target,1630,3,3997.676666666666,0.13591227571347694,🔴 Low,Groceries,350,2.290714285714286,1
909,2024-06-02,6,Sunday,5,Metrocentro,San Salvador,3,Tamales de elote,Traditional Food,1.0,0.05,0.95,17,16.15,Cash,4,0.55,0.44999999999999996,7.6499999999999995,44.99999999999999,20400,-7248.4400000000005,0.64468431372549,🔴 Below Target,1630,3,4383.8533333333335,0.12393966951449106,🟡 Medium,Traditional Food,1950,0.531975128205128,3
910,2024-06-23,6,Sunday,6,Usulután,Usulután,4,Yuca frita,Traditional Food,2.5,0.1,2.25,13,29.25,Debit card,492,1.2,1.3,16.900000000000002,52.0,16800,-4396.6900000000005,0.738292261904762,🟡 At Risk,1630,3,4134.4366666666665,0.13141653316735613,🟡 Medium,Traditional Food,1950,0.531975128205128,3
911,2024-04-09,4,Tuesday,3,San Miguel,San Miguel,1,Pupusas de queso,Traditional Food,0.5,0.15,0.42,11,4.62,Cash,345,0.25,0.25,2.75,50.0,18000,-6378.879999999992,0.645617777777778,🔴 Below Target,1630,3,3873.706666666669,0.14026186804714166,🔴 Low,Traditional Food,1950,0.531975128205128,3
912,2024-01-19,1,Friday,8,Chalatenango,Chalatenango,16,Crema salvadoreña,Dairy,1.5,0.0,1.5,5,7.5,Cash,236,0.7,0.8,4.0,53.333333333333336,18000,-1665.6599999999962,0.907463333333334,🟢 On Track,1630,3,5444.780000000002,0.09978976805919307,🟢 High,Dairy,550,1.1310733333333334,2
913,2024-08-24,8,Saturday,6,Usulután,Usulután,18,Curtido en frasco,Groceries,2.0,0.1,1.8,14,25.2,Cash,267,0.9,1.1,15.400000000000002,55.00000000000001,16800,-4396.6900000000005,0.738292261904762,🟡 At Risk,1630,3,4134.4366666666665,0.13141653316735613,🟡 Medium,Groceries,350,2.290714285714286,1
914,2024-10-11,10,Friday,6,Usulután,Usulután,10,Hamaca artesanal,Handicrafts,35.0,0.0,35.0,18,630.0,Cash,351,18.0,17.0,306.0,48.57142857142857,16800,-4396.6900000000005,0.738292261904762,🟡 At Risk,1630,3,4134.4366666666665,0.13141653316735613,🟡 Medium,Handicrafts,2250,2.939564814814815,3
915,2024-02-03,2,Saturday,6,Usulután,Usulután,11,Jarrito de barro,Handicrafts,8.0,0.0,8.0,5,40.0,Credit card,174,3.5,4.5,22.5,56.25,16800,-4396.6900000000005,0.738292261904762,🟡 At Risk,1630,3,4134.4366666666665,0.13141653316735613,🟡 Medium,Handicrafts,2250,2.939564814814815,3
916,2024-10-19,10,Saturday,3,San Miguel,San Miguel,13,Aceite vegetal 1L,Groceries,2.8,0.0,2.8,20,56.0,Cash,60,1.8,0.9999999999999998,19.999999999999996,35.71428571428571,18000,-6378.879999999992,0.645617777777778,🔴 Below Target,1630,3,3873.706666666669,0.14026186804714166,🔴 Low,Groceries,350,2.290714285714286,1
917,2024-12-29,12,Sunday,6,Usulután,Usulután,10,Hamaca artesanal,Handicrafts,35.0,0.0,35.0,2,70.0,Cash,255,18.0,17.0,34.0,48.57142857142857,16800,-4396.6900000000005,0.738292261904762,🟡 At Risk,1630,3,4134.4366666666665,0.13141653316735613,🟡 Medium,Handicrafts,2250,2.939564814814815,3
918,2024-08-19,8,Monday,6,Usulután,Usulután,8,Fresco de tamarindo,Beverages,0.75,0.0,0.75,10,7.5,Debit card,90,0.3,0.45,4.5,60.0,16800,-4396.6900000000005,0.738292261904762,🟡 At Risk,1630,3,4134.4366666666665,0.13141653316735613,🟡 Medium,Beverages,500,1.2037333333333333,2
919,2024-01-20,1,Saturday,6,Usulután,Usulután,4,Yuca frita,Traditional Food,2.5,0.0,2.5,7,17.5,Cash,13,1.2,1.3,9.1,52.0,16800,-4396.6900000000005,0.738292261904762,🟡 At Risk,1630,3,4134.4366666666665,0.13141653316735613,🟡 Medium,Traditional Food,1950,0.531975128205128,3
920,2024-04-07,4,Sunday,3,San Miguel,San Miguel,16,Crema salvadoreña,Dairy,1.5,0.0,1.5,11,16.5,Debit card,269,0.7,0.8,8.8,53.333333333333336,18000,-6378.879999999992,0.645617777777778,🔴 Below Target,1630,3,3873.706666666669,0.14026186804714166,🔴 Low,Dairy,550,1.1310733333333334,2
921,2024-03-14,3,Thursday,6,Usulután,Usulután,10,Hamaca artesanal,Handicrafts,35.0,0.15,29.75,4,119.0,Transfer,265,18.0,17.0,68.0,48.57142857142857,16800,-4396.6900000000005,0.738292261904762,🟡 At Risk,1630,3,4134.4366666666665,0.13141653316735613,🟡 Medium,Handicrafts,2250,2.939564814814815,3
922,2024-01-19,1,Friday,4,Soyapango,San Salvador,5,Atol de elote,Beverages,1.0,0.0,1.0,15,15.0,Debit card,268,0.45,0.55,8.25,55.00000000000001,19200,-7206.970000000003,0.624636979166666,🔴 Below Target,1630,3,3997.676666666666,0.13591227571347694,🔴 Low,Beverages,500,1.2037333333333333,2
923,2024-06-08,6,Saturday,1,San Salvador Centro,San Salvador,4,Yuca frita,Traditional Food,2.5,0.1,2.25,2,4.5,Credit card,447,1.2,1.3,2.6,52.0,21600,-7478.849999999997,0.653756944444444,🔴 Below Target,1630,3,4707.050000000001,0.11542969234092122,🟡 Medium,Traditional Food,1950,0.531975128205128,3
924,2024-08-27,8,Tuesday,6,Usulután,Usulután,3,Tamales de elote,Traditional Food,1.0,0.0,1.0,2,2.0,Debit card,338,0.55,0.44999999999999996,0.8999999999999999,44.99999999999999,16800,-4396.6900000000005,0.738292261904762,🟡 At Risk,1630,3,4134.4366666666665,0.13141653316735613,🟡 Medium,Traditional Food,1950,0.531975128205128,3
925,2024-10-22,10,Tuesday,1,San Salvador Centro,San Salvador,10,Hamaca artesanal,Handicrafts,35.0,0.1,31.5,10,315.0,Credit card,165,18.0,17.0,170.0,48.57142857142857,21600,-7478.849999999997,0.653756944444444,🔴 Below Target,1630,3,4707.050000000001,0.11542969234092122,🟡 Medium,Handicrafts,2250,2.939564814814815,3
926,2024-05-26,5,Sunday,4,Soyapango,San Salvador,7,Café salvadoreño,Beverages,1.5,0.05,1.42,9,12.78,Cash,226,0.65,0.85,7.6499999999999995,56.666666666666664,19200,-7206.970000000003,0.624636979166666,🔴 Below Target,1630,3,3997.676666666666,0.13591227571347694,🔴 Low,Beverages,500,1.2037333333333333,2
927,2024-03-17,3,Sunday,5,Metrocentro,San Salvador,4,Yuca frita,Traditional Food,2.5,0.0,2.5,6,15.0,Cash,491,1.2,1.3,7.800000000000001,52.0,20400,-7248.4400000000005,0.64468431372549,🔴 Below Target,1630,3,4383.8533333333335,0.12393966951449106,🟡 Medium,Traditional Food,1950,0.531975128205128,3
928,2024-04-15,4,Monday,2,Santa Ana,Santa Ana,18,Curtido en frasco,Groceries,2.0,0.0,2.0,18,36.0,Debit card,139,0.9,1.1,19.8,55.00000000000001,19200,-5584.200000000003,0.70915625,🟡 At Risk,1630,3,4538.599999999999,0.11971386183698353,🟡 Medium,Groceries,350,2.290714285714286,1
929,2024-10-20,10,Sunday,5,Metrocentro,San Salvador,5,Atol de elote,Beverages,1.0,0.0,1.0,8,8.0,Cash,314,0.45,0.55,4.4,55.00000000000001,20400,-7248.4400000000005,0.64468431372549,🔴 Below Target,1630,3,4383.8533333333335,0.12393966951449106,🟡 Medium,Beverages,500,1.2037333333333333,2
930,2024-01-26,1,Friday,8,Chalatenango,Chalatenango,11,Jarrito de barro,Handicrafts,8.0,0.0,8.0,5,40.0,Cash,346,3.5,4.5,22.5,56.25,18000,-1665.6599999999962,0.907463333333334,🟢 On Track,1630,3,5444.780000000002,0.09978976805919307,🟢 High,Handicrafts,2250,2.939564814814815,3
931,2024-07-15,7,Monday,2,Santa Ana,Santa Ana,2,Pupusas de frijol,Traditional Food,0.5,0.0,0.5,2,1.0,Cash,92,0.2,0.3,0.6,60.0,19200,-5584.200000000003,0.70915625,🟡 At Risk,1630,3,4538.599999999999,0.11971386183698353,🟡 Medium,Traditional Food,1950,0.531975128205128,3
932,2024-06-08,6,Saturday,6,Usulután,Usulután,15,Arroz blanco 1lb,Groceries,0.9,0.15,0.77,11,8.47,Cash,389,0.45,0.45,4.95,50.0,16800,-4396.6900000000005,0.738292261904762,🟡 At Risk,1630,3,4134.4366666666665,0.13141653316735613,🟡 Medium,Groceries,350,2.290714285714286,1
933,2024-08-26,8,Monday,2,Santa Ana,Santa Ana,18,Curtido en frasco,Groceries,2.0,0.0,2.0,19,38.0,Cash,411,0.9,1.1,20.900000000000002,55.00000000000001,19200,-5584.200000000003,0.70915625,🟡 At Risk,1630,3,4538.599999999999,0.11971386183698353,🟡 Medium,Groceries,350,2.290714285714286,1
934,2024-08-21,8,Wednesday,2,Santa Ana,Santa Ana,15,Arroz blanco 1lb,Groceries,0.9,0.1,0.81,10,8.1,Debit card,393,0.45,0.45,4.5,50.0,19200,-5584.200000000003,0.70915625,🟡 At Risk,1630,3,4538.599999999999,0.11971386183698353,🟡 Medium,Groceries,350,2.290714285714286,1
935,2024-04-28,4,Sunday,8,Chalatenango,Chalatenango,15,Arroz blanco 1lb,Groceries,0.9,0.0,0.9,8,7.2,Credit card,316,0.45,0.45,3.6,50.0,18000,-1665.6599999999962,0.907463333333334,🟢 On Track,1630,3,5444.780000000002,0.09978976805919307,🟢 High,Groceries,350,2.290714285714286,1
936,2024-07-19,7,Friday,6,Usulután,Usulután,9,Camisa guayabera,Clothing,18.0,0.1,16.2,6,97.2,Bitcoin,170,9.0,9.0,54.0,50.0,16800,-4396.6900000000005,0.738292261904762,🟡 At Risk,1630,3,4134.4366666666665,0.13141653316735613,🟡 Medium,Clothing,400,0.89325,1
937,2024-09-06,9,Friday,8,Chalatenango,Chalatenango,11,Jarrito de barro,Handicrafts,8.0,0.0,8.0,1,8.0,Cash,180,3.5,4.5,4.5,56.25,18000,-1665.6599999999962,0.907463333333334,🟢 On Track,1630,3,5444.780000000002,0.09978976805919307,🟢 High,Handicrafts,2250,2.939564814814815,3
938,2024-03-28,3,Thursday,8,Chalatenango,Chalatenango,16,Crema salvadoreña,Dairy,1.5,0.15,1.27,10,12.7,Cash,295,0.7,0.8,8.0,53.333333333333336,18000,-1665.6599999999962,0.907463333333334,🟢 On Track,1630,3,5444.780000000002,0.09978976805919307,🟢 High,Dairy,550,1.1310733333333334,2
939,2024-07-26,7,Friday,2,Santa Ana,Santa Ana,5,Atol de elote,Beverages,1.0,0.0,1.0,4,4.0,Debit card,37,0.45,0.55,2.2,55.00000000000001,19200,-5584.200000000003,0.70915625,🟡 At Risk,1630,3,4538.599999999999,0.11971386183698353,🟡 Medium,Beverages,500,1.2037333333333333,2
940,2024-07-24,7,Wednesday,8,Chalatenango,Chalatenango,10,Hamaca artesanal,Handicrafts,35.0,0.0,35.0,19,665.0,Cash,125,18.0,17.0,323.0,48.57142857142857,18000,-1665.6599999999962,0.907463333333334,🟢 On Track,1630,3,5444.780000000002,0.09978976805919307,🟢 High,Handicrafts,2250,2.939564814814815,3
941,2024-09-03,9,Tuesday,3,San Miguel,San Miguel,18,Curtido en frasco,Groceries,2.0,0.0,2.0,13,26.0,Cash,417,0.9,1.1,14.3,55.00000000000001,18000,-6378.879999999992,0.645617777777778,🔴 Below Target,1630,3,3873.706666666669,0.14026186804714166,🔴 Low,Groceries,350,2.290714285714286,1
942,2024-10-17,10,Thursday,7,La Libertad,La Libertad,14,Frijoles rojos 1lb,Groceries,1.2,0.05,1.14,11,12.54,Debit card,89,0.65,0.5499999999999999,6.049999999999999,45.83333333333333,16800,-6134.490000000002,0.634851785714286,🔴 Below Target,1630,3,3555.1699999999996,0.15282907240253868,🔴 Low,Groceries,350,2.290714285714286,1
943,2024-02-28,2,Wednesday,8,Chalatenango,Chalatenango,3,Tamales de elote,Traditional Food,1.0,0.05,0.95,19,18.05,Cash,285,0.55,0.44999999999999996,8.549999999999999,44.99999999999999,18000,-1665.6599999999962,0.907463333333334,🟢 On Track,1630,3,5444.780000000002,0.09978976805919307,🟢 High,Traditional Food,1950,0.531975128205128,3
944,2024-03-31,3,Sunday,8,Chalatenango,Chalatenango,4,Yuca frita,Traditional Food,2.5,0.0,2.5,10,25.0,Cash,56,1.2,1.3,13.0,52.0,18000,-1665.6599999999962,0.907463333333334,🟢 On Track,1630,3,5444.780000000002,0.09978976805919307,🟢 High,Traditional Food,1950,0.531975128205128,3
945,2024-09-10,9,Tuesday,6,Usulután,Usulután,13,Aceite vegetal 1L,Groceries,2.8,0.0,2.8,2,5.6,Cash,72,1.8,0.9999999999999998,1.9999999999999996,35.71428571428571,16800,-4396.6900000000005,0.738292261904762,🟡 At Risk,1630,3,4134.4366666666665,0.13141653316735613,🟡 Medium,Groceries,350,2.290714285714286,1
946,2024-12-04,12,Wednesday,3,San Miguel,San Miguel,1,Pupusas de queso,Traditional Food,0.5,0.0,0.5,5,2.5,Debit card,200,0.25,0.25,1.25,50.0,18000,-6378.879999999992,0.645617777777778,🔴 Below Target,1630,3,3873.706666666669,0.14026186804714166,🔴 Low,Traditional Food,1950,0.531975128205128,3
947,2024-04-15,4,Monday,4,Soyapango,San Salvador,15,Arroz blanco 1lb,Groceries,0.9,0.0,0.9,11,9.9,Debit card,468,0.45,0.45,4.95,50.0,19200,-7206.970000000003,0.624636979166666,🔴 Below Target,1630,3,3997.676666666666,0.13591227571347694,🔴 Low,Groceries,350,2.290714285714286,1
948,2024-06-25,6,Tuesday,7,La Libertad,La Libertad,10,Hamaca artesanal,Handicrafts,35.0,0.05,33.25,3,99.75,Cash,262,18.0,17.0,51.0,48.57142857142857,16800,-6134.490000000002,0.634851785714286,🔴 Below Target,1630,3,3555.1699999999996,0.15282907240253868,🔴 Low,Handicrafts,2250,2.939564814814815,3
949,2024-05-30,5,Thursday,3,San Miguel,San Miguel,13,Aceite vegetal 1L,Groceries,2.8,0.0,2.8,2,5.6,Bitcoin,496,1.8,0.9999999999999998,1.9999999999999996,35.71428571428571,18000,-6378.879999999992,0.645617777777778,🔴 Below Target,1630,3,3873.706666666669,0.14026186804714166,🔴 Low,Groceries,350,2.290714285714286,1
950,2024-12-26,12,Thursday,1,San Salvador Centro,San Salvador,2,Pupusas de frijol,Traditional Food,0.5,0.15,0.42,18,7.56,Transfer,57,0.2,0.3,5.3999999999999995,60.0,21600,-7478.849999999997,0.653756944444444,🔴 Below Target,1630,3,4707.050000000001,0.11542969234092122,🟡 Medium,Traditional Food,1950,0.531975128205128,3
951,2024-04-30,4,Tuesday,1,San Salvador Centro,San Salvador,10,Hamaca artesanal,Handicrafts,35.0,0.1,31.5,14,441.0,Debit card,321,18.0,17.0,238.0,48.57142857142857,21600,-7478.849999999997,0.653756944444444,🔴 Below Target,1630,3,4707.050000000001,0.11542969234092122,🟡 Medium,Handicrafts,2250,2.939564814814815,3
952,2024-07-26,7,Friday,7,La Libertad,La Libertad,11,Jarrito de barro,Handicrafts,8.0,0.0,8.0,13,104.0,Debit card,340,3.5,4.5,58.5,56.25,16800,-6134.490000000002,0.634851785714286,🔴 Below Target,1630,3,3555.1699999999996,0.15282907240253868,🔴 Low,Handicrafts,2250,2.939564814814815,3
953,2024-03-12,3,Tuesday,8,Chalatenango,Chalatenango,6,Kolachampán,Beverages,0.75,0.05,0.71,7,4.97,Cash,474,0.35,0.4,2.8000000000000003,53.333333333333336,18000,-1665.6599999999962,0.907463333333334,🟢 On Track,1630,3,5444.780000000002,0.09978976805919307,🟢 High,Beverages,500,1.2037333333333333,2
954,2024-03-19,3,Tuesday,7,La Libertad,La Libertad,12,Canasta de palma,Handicrafts,12.0,0.15,10.2,10,102.0,Debit card,69,5.5,6.5,65.0,54.166666666666664,16800,-6134.490000000002,0.634851785714286,🔴 Below Target,1630,3,3555.1699999999996,0.15282907240253868,🔴 Low,Handicrafts,2250,2.939564814814815,3
955,2024-11-27,11,Wednesday,2,Santa Ana,Santa Ana,1,Pupusas de queso,Traditional Food,0.5,0.0,0.5,1,0.5,Debit card,250,0.25,0.25,0.25,50.0,19200,-5584.200000000003,0.70915625,🟡 At Risk,1630,3,4538.599999999999,0.11971386183698353,🟡 Medium,Traditional Food,1950,0.531975128205128,3
956,2024-02-13,2,Tuesday,3,San Miguel,San Miguel,14,Frijoles rojos 1lb,Groceries,1.2,0.1,1.08,5,5.4,Credit card,441,0.65,0.5499999999999999,2.7499999999999996,45.83333333333333,18000,-6378.879999999992,0.645617777777778,🔴 Below Target,1630,3,3873.706666666669,0.14026186804714166,🔴 Low,Groceries,350,2.290714285714286,1
957,2024-11-15,11,Friday,7,La Libertad,La Libertad,15,Arroz blanco 1lb,Groceries,0.9,0.0,0.9,6,5.4,Debit card,283,0.45,0.45,2.7,50.0,16800,-6134.490000000002,0.634851785714286,🔴 Below Target,1630,3,3555.1699999999996,0.15282907240253868,🔴 Low,Groceries,350,2.290714285714286,1
958,2024-06-30,6,Sunday,7,La Libertad,La Libertad,15,Arroz blanco 1lb,Groceries,0.9,0.0,0.9,8,7.2,Cash,4,0.45,0.45,3.6,50.0,16800,-6134.490000000002,0.634851785714286,🔴 Below Target,1630,3,3555.1699999999996,0.15282907240253868,🔴 Low,Groceries,350,2.290714285714286,1
959,2024-12-30,12,Monday,4,Soyapango,San Salvador,16,Crema salvadoreña,Dairy,1.5,0.0,1.5,17,25.5,Cash,280,0.7,0.8,13.600000000000001,53.333333333333336,19200,-7206.970000000003,0.624636979166666,🔴 Below Target,1630,3,3997.676666666666,0.13591227571347694,🔴 Low,Dairy,550,1.1310733333333334,2
960,2024-01-20,1,Saturday,1,San Salvador Centro,San Salvador,12,Canasta de palma,Handicrafts,12.0,0.0,12.0,19,228.0,Debit card,58,5.5,6.5,123.5,54.166666666666664,21600,-7478.849999999997,0.653756944444444,🔴 Below Target,1630,3,4707.050000000001,0.11542969234092122,🟡 Medium,Handicrafts,2250,2.939564814814815,3
961,2024-03-13,3,Wednesday,2,Santa Ana,Santa Ana,16,Crema salvadoreña,Dairy,1.5,0.15,1.27,17,21.59,Transfer,399,0.7,0.8,13.600000000000001,53.333333333333336,19200,-5584.200000000003,0.70915625,🟡 At Risk,1630,3,4538.599999999999,0.11971386183698353,🟡 Medium,Dairy,550,1.1310733333333334,2
962,2024-09-21,9,Saturday,8,Chalatenango,Chalatenango,9,Camisa guayabera,Clothing,18.0,0.05,17.1,3,51.3,Credit card,46,9.0,9.0,27.0,50.0,18000,-1665.6599999999962,0.907463333333334,🟢 On Track,1630,3,5444.780000000002,0.09978976805919307,🟢 High,Clothing,400,0.89325,1
963,2024-11-18,11,Monday,8,Chalatenango,Chalatenango,8,Fresco de tamarindo,Beverages,0.75,0.1,0.68,3,2.04,Debit card,409,0.3,0.45,1.35,60.0,18000,-1665.6599999999962,0.907463333333334,🟢 On Track,1630,3,5444.780000000002,0.09978976805919307,🟢 High,Beverages,500,1.2037333333333333,2
964,2024-06-24,6,Monday,1,San Salvador Centro,San Salvador,10,Hamaca artesanal,Handicrafts,35.0,0.15,29.75,18,535.5,Cash,233,18.0,17.0,306.0,48.57142857142857,21600,-7478.849999999997,0.653756944444444,🔴 Below Target,1630,3,4707.050000000001,0.11542969234092122,🟡 Medium,Handicrafts,2250,2.939564814814815,3
965,2024-10-20,10,Sunday,8,Chalatenango,Chalatenango,17,Queso duro blando,Dairy,3.5,0.0,3.5,11,38.5,Cash,409,1.8,1.7,18.7,48.57142857142857,18000,-1665.6599999999962,0.907463333333334,🟢 On Track,1630,3,5444.780000000002,0.09978976805919307,🟢 High,Dairy,550,1.1310733333333334,2
966,2024-03-26,3,Tuesday,5,Metrocentro,San Salvador,10,Hamaca artesanal,Handicrafts,35.0,0.1,31.5,2,63.0,Bitcoin,384,18.0,17.0,34.0,48.57142857142857,20400,-7248.4400000000005,0.64468431372549,🔴 Below Target,1630,3,4383.8533333333335,0.12393966951449106,🟡 Medium,Handicrafts,2250,2.939564814814815,3
967,2024-02-01,2,Thursday,5,Metrocentro,San Salvador,10,Hamaca artesanal,Handicrafts,35.0,0.05,33.25,16,532.0,Cash,27,18.0,17.0,272.0,48.57142857142857,20400,-7248.4400000000005,0.64468431372549,🔴 Below Target,1630,3,4383.8533333333335,0.12393966951449106,🟡 Medium,Handicrafts,2250,2.939564814814815,3
968,2024-05-26,5,Sunday,1,San Salvador Centro,San Salvador,10,Hamaca artesanal,Handicrafts,35.0,0.0,35.0,16,560.0,Cash,40,18.0,17.0,272.0,48.57142857142857,21600,-7478.849999999997,0.653756944444444,🔴 Below Target,1630,3,4707.050000000001,0.11542969234092122,🟡 Medium,Handicrafts,2250,2.939564814814815,3
969,2024-03-08,3,Friday,5,Metrocentro,San Salvador,9,Camisa guayabera,Clothing,18.0,0.0,18.0,20,360.0,Cash,132,9.0,9.0,180.0,50.0,20400,-7248.4400000000005,0.64468431372549,🔴 Below Target,1630,3,4383.8533333333335,0.12393966951449106,🟡 Medium,Clothing,400,0.89325,1
970,2024-11-05,11,Tuesday,2,Santa Ana,Santa Ana,1,Pupusas de queso,Traditional Food,0.5,0.05,0.47,6,2.82,Debit card,338,0.25,0.25,1.5,50.0,19200,-5584.200000000003,0.70915625,🟡 At Risk,1630,3,4538.599999999999,0.11971386183698353,🟡 Medium,Traditional Food,1950,0.531975128205128,3
971,2024-03-30,3,Saturday,6,Usulután,Usulután,15,Arroz blanco 1lb,Groceries,0.9,0.15,0.77,9,6.93,Debit card,249,0.45,0.45,4.05,50.0,16800,-4396.6900000000005,0.738292261904762,🟡 At Risk,1630,3,4134.4366666666665,0.13141653316735613,🟡 Medium,Groceries,350,2.290714285714286,1
972,2024-06-24,6,Monday,1,San Salvador Centro,San Salvador,6,Kolachampán,Beverages,0.75,0.0,0.75,3,2.25,Debit card,421,0.35,0.4,1.2000000000000002,53.333333333333336,21600,-7478.849999999997,0.653756944444444,🔴 Below Target,1630,3,4707.050000000001,0.11542969234092122,🟡 Medium,Beverages,500,1.2037333333333333,2
973,2024-07-30,7,Tuesday,8,Chalatenango,Chalatenango,5,Atol de elote,Beverages,1.0,0.0,1.0,13,13.0,Debit card,372,0.45,0.55,7.15,55.00000000000001,18000,-1665.6599999999962,0.907463333333334,🟢 On Track,1630,3,5444.780000000002,0.09978976805919307,🟢 High,Beverages,500,1.2037333333333333,2
974,2024-10-22,10,Tuesday,4,Soyapango,San Salvador,6,Kolachampán,Beverages,0.75,0.0,0.75,12,9.0,Debit card,387,0.35,0.4,4.800000000000001,53.333333333333336,19200,-7206.970000000003,0.624636979166666,🔴 Below Target,1630,3,3997.676666666666,0.13591227571347694,🔴 Low,Beverages,500,1.2037333333333333,2
975,2024-03-26,3,Tuesday,1,San Salvador Centro,San Salvador,4,Yuca frita,Traditional Food,2.5,0.0,2.5,15,37.5,Cash,244,1.2,1.3,19.5,52.0,21600,-7478.849999999997,0.653756944444444,🔴 Below Target,1630,3,4707.050000000001,0.11542969234092122,🟡 Medium,Traditional Food,1950,0.531975128205128,3
976,2024-07-13,7,Saturday,4,Soyapango,San Salvador,18,Curtido en frasco,Groceries,2.0,0.0,2.0,13,26.0,Cash,272,0.9,1.1,14.3,55.00000000000001,19200,-7206.970000000003,0.624636979166666,🔴 Below Target,1630,3,3997.676666666666,0.13591227571347694,🔴 Low,Groceries,350,2.290714285714286,1
977,2024-05-27,5,Monday,1,San Salvador Centro,San Salvador,14,Frijoles rojos 1lb,Groceries,1.2,0.0,1.2,15,18.0,Debit card,493,0.65,0.5499999999999999,8.249999999999998,45.83333333333333,21600,-7478.849999999997,0.653756944444444,🔴 Below Target,1630,3,4707.050000000001,0.11542969234092122,🟡 Medium,Groceries,350,2.290714285714286,1
978,2024-02-19,2,Monday,1,San Salvador Centro,San Salvador,17,Queso duro blando,Dairy,3.5,0.1,3.15,18,56.7,Cash,433,1.8,1.7,30.599999999999998,48.57142857142857,21600,-7478.849999999997,0.653756944444444,🔴 Below Target,1630,3,4707.050000000001,0.11542969234092122,🟡 Medium,Dairy,550,1.1310733333333334,2
979,2024-06-20,6,Thursday,5,Metrocentro,San Salvador,14,Frijoles rojos 1lb,Groceries,1.2,0.0,1.2,9,10.8,Credit card,131,0.65,0.5499999999999999,4.949999999999999,45.83333333333333,20400,-7248.4400000000005,0.64468431372549,🔴 Below Target,1630,3,4383.8533333333335,0.12393966951449106,🟡 Medium,Groceries,350,2.290714285714286,1
980,2024-12-11,12,Wednesday,8,Chalatenango,Chalatenango,13,Aceite vegetal 1L,Groceries,2.8,0.1,2.52,8,20.16,Debit card,395,1.8,0.9999999999999998,7.999999999999998,35.71428571428571,18000,-1665.6599999999962,0.907463333333334,🟢 On Track,1630,3,5444.780000000002,0.09978976805919307,🟢 High,Groceries,350,2.290714285714286,1
981,2024-12-12,12,Thursday,6,Usulután,Usulután,7,Café salvadoreño,Beverages,1.5,0.0,1.5,6,9.0,Debit card,345,0.65,0.85,5.1,56.666666666666664,16800,-4396.6900000000005,0.738292261904762,🟡 At Risk,1630,3,4134.4366666666665,0.13141653316735613,🟡 Medium,Beverages,500,1.2037333333333333,2
982,2024-01-07,1,Sunday,2,Santa Ana,Santa Ana,1,Pupusas de queso,Traditional Food,0.5,0.0,0.5,14,7.0,Debit card,351,0.25,0.25,3.5,50.0,19200,-5584.200000000003,0.70915625,🟡 At Risk,1630,3,4538.599999999999,0.11971386183698353,🟡 Medium,Traditional Food,1950,0.531975128205128,3
983,2024-04-22,4,Monday,6,Usulután,Usulután,15,Arroz blanco 1lb,Groceries,0.9,0.0,0.9,10,9.0,Cash,13,0.45,0.45,4.5,50.0,16800,-4396.6900000000005,0.738292261904762,🟡 At Risk,1630,3,4134.4366666666665,0.13141653316735613,🟡 Medium,Groceries,350,2.290714285714286,1
984,2024-10-31,10,Thursday,1,San Salvador Centro,San Salvador,3,Tamales de elote,Traditional Food,1.0,0.05,0.95,7,6.65,Debit card,363,0.55,0.44999999999999996,3.1499999999999995,44.99999999999999,21600,-7478.849999999997,0.653756944444444,🔴 Below Target,1630,3,4707.050000000001,0.11542969234092122,🟡 Medium,Traditional Food,1950,0.531975128205128,3
985,2024-11-05,11,Tuesday,2,Santa Ana,Santa Ana,4,Yuca frita,Traditional Food,2.5,0.0,2.5,5,12.5,Debit card,461,1.2,1.3,6.5,52.0,19200,-5584.200000000003,0.70915625,🟡 At Risk,1630,3,4538.599999999999,0.11971386183698353,🟡 Medium,Traditional Food,1950,0.531975128205128,3
986,2024-12-22,12,Sunday,2,Santa Ana,Santa Ana,6,Kolachampán,Beverages,0.75,0.0,0.75,6,4.5,Cash,339,0.35,0.4,2.4000000000000004,53.333333333333336,19200,-5584.200000000003,0.70915625,🟡 At Risk,1630,3,4538.599999999999,0.11971386183698353,🟡 Medium,Beverages,500,1.2037333333333333,2
987,2024-05-21,5,Tuesday,8,Chalatenango,Chalatenango,3,Tamales de elote,Traditional Food,1.0,0.1,0.9,14,12.6,Bitcoin,395,0.55,0.44999999999999996,6.299999999999999,44.99999999999999,18000,-1665.6599999999962,0.907463333333334,🟢 On Track,1630,3,5444.780000000002,0.09978976805919307,🟢 High,Traditional Food,1950,0.531975128205128,3
988,2024-03-23,3,Saturday,5,Metrocentro,San Salvador,11,Jarrito de barro,Handicrafts,8.0,0.0,8.0,3,24.0,Credit card,196,3.5,4.5,13.5,56.25,20400,-7248.4400000000005,0.64468431372549,🔴 Below Target,1630,3,4383.8533333333335,0.12393966951449106,🟡 Medium,Handicrafts,2250,2.939564814814815,3
989,2024-01-31,1,Wednesday,6,Usulután,Usulután,13,Aceite vegetal 1L,Groceries,2.8,0.15,2.38,9,21.42,Cash,226,1.8,0.9999999999999998,8.999999999999998,35.71428571428571,16800,-4396.6900000000005,0.738292261904762,🟡 At Risk,1630,3,4134.4366666666665,0.13141653316735613,🟡 Medium,Groceries,350,2.290714285714286,1
990,2024-04-12,4,Friday,8,Chalatenango,Chalatenango,3,Tamales de elote,Traditional Food,1.0,0.0,1.0,20,20.0,Cash,252,0.55,0.44999999999999996,9.0,44.99999999999999,18000,-1665.6599999999962,0.907463333333334,🟢 On Track,1630,3,5444.780000000002,0.09978976805919307,🟢 High,Traditional Food,1950,0.531975128205128,3
991,2024-10-03,10,Thursday,3,San Miguel,San Miguel,4,Yuca frita,Traditional Food,2.5,0.0,2.5,14,35.0,Debit card,55,1.2,1.3,18.2,52.0,18000,-6378.879999999992,0.645617777777778,🔴 Below Target,1630,3,3873.706666666669,0.14026186804714166,🔴 Low,Traditional Food,1950,0.531975128205128,3
992,2024-02-22,2,Thursday,5,Metrocentro,San Salvador,15,Arroz blanco 1lb,Groceries,0.9,0.0,0.9,2,1.8,Cash,373,0.45,0.45,0.9,50.0,20400,-7248.4400000000005,0.64468431372549,🔴 Below Target,1630,3,4383.8533333333335,0.12393966951449106,🟡 Medium,Groceries,350,2.290714285714286,1
993,2024-01-10,1,Wednesday,8,Chalatenango,Chalatenango,9,Camisa guayabera,Clothing,18.0,0.0,18.0,16,288.0,Debit card,1,9.0,9.0,144.0,50.0,18000,-1665.6599999999962,0.907463333333334,🟢 On Track,1630,3,5444.780000000002,0.09978976805919307,🟢 High,Clothing,400,0.89325,1
994,2024-05-16,5,Thursday,7,La Libertad,La Libertad,2,Pupusas de frijol,Traditional Food,0.5,0.1,0.45,5,2.25,Cash,201,0.2,0.3,1.5,60.0,16800,-6134.490000000002,0.634851785714286,🔴 Below Target,1630,3,3555.1699999999996,0.15282907240253868,🔴 Low,Traditional Food,1950,0.531975128205128,3
995,2024-09-01,9,Sunday,8,Chalatenango,Chalatenango,1,Pupusas de queso,Traditional Food,0.5,0.0,0.5,14,7.0,Credit card,400,0.25,0.25,3.5,50.0,18000,-1665.6599999999962,0.907463333333334,🟢 On Track,1630,3,5444.780000000002,0.09978976805919307,🟢 High,Traditional Food,1950,0.531975128205128,3
996,2024-01-02,1,Tuesday,4,Soyapango,San Salvador,3,Tamales de elote,Traditional Food,1.0,0.1,0.9,13,11.7,Credit card,247,0.55,0.44999999999999996,5.85,44.99999999999999,19200,-7206.970000000003,0.624636979166666,🔴 Below Target,1630,3,3997.676666666666,0.13591227571347694,🔴 Low,Traditional Food,1950,0.531975128205128,3
997,2024-06-19,6,Wednesday,6,Usulután,Usulután,4,Yuca frita,Traditional Food,2.5,0.0,2.5,10,25.0,Cash,491,1.2,1.3,13.0,52.0,16800,-4396.6900000000005,0.738292261904762,🟡 At Risk,1630,3,4134.4366666666665,0.13141653316735613,🟡 Medium,Traditional Food,1950,0.531975128205128,3
998,2024-09-30,9,Monday,6,Usulután,Usulután,3,Tamales de elote,Traditional Food,1.0,0.0,1.0,11,11.0,Credit card,390,0.55,0.44999999999999996,4.949999999999999,44.99999999999999,16800,-4396.6900000000005,0.738292261904762,🟡 At Risk,1630,3,4134.4366666666665,0.13141653316735613,🟡 Medium,Traditional Food,1950,0.531975128205128,3
999,2024-03-31,3,Sunday,4,Soyapango,San Salvador,10,Hamaca artesanal,Handicrafts,35.0,0.0,35.0,18,630.0,Transfer,339,18.0,17.0,306.0,48.57142857142857,19200,-7206.970000000003,0.624636979166666,🔴 Below Target,1630,3,3997.676666666666,0.13591227571347694,🔴 Low,Handicrafts,2250,2.939564814814815,3
1000,2024-12-22,12,Sunday,5,Metrocentro,San Salvador,7,Café salvadoreño,Beverages,1.5,0.0,1.5,13,19.5,Debit card,184,0.65,0.85,11.049999999999999,56.666666666666664,20400,-7248.4400000000005,0.64468431372549,🔴 Below Target,1630,3,4383.8533333333335,0.12393966951449106,🟡 Medium,Beverages,500,1.2037333333333333,2
1001,2024-11-19,11,Tuesday,2,Santa Ana,Santa Ana,16,Crema salvadoreña,Dairy,1.5,0.1,1.35,15,20.25,Cash,19,0.7,0.8,12.0,53.333333333333336,19200,-5584.200000000003,0.70915625,🟡 At Risk,1630,3,4538.599999999999,0.11971386183698353,🟡 Medium,Dairy,550,1.1310733333333334,2
1002,2024-10-30,10,Wednesday,1,San Salvador Centro,San Salvador,7,Café salvadoreño,Beverages,1.5,0.0,1.5,8,12.0,Cash,406,0.65,0.85,6.8,56.666666666666664,21600,-7478.849999999997,0.653756944444444,🔴 Below Target,1630,3,4707.050000000001,0.11542969234092122,🟡 Medium,Beverages,500,1.2037333333333333,2
1003,2024-09-12,9,Thursday,5,Metrocentro,San Salvador,18,Curtido en frasco,Groceries,2.0,0.15,1.7,18,30.6,Credit card,495,0.9,1.1,19.8,55.00000000000001,20400,-7248.4400000000005,0.64468431372549,🔴 Below Target,1630,3,4383.8533333333335,0.12393966951449106,🟡 Medium,Groceries,350,2.290714285714286,1
1004,2024-06-22,6,Saturday,1,San Salvador Centro,San Salvador,1,Pupusas de queso,Traditional Food,0.5,0.0,0.5,2,1.0,Credit card,22,0.25,0.25,0.5,50.0,21600,-7478.849999999997,0.653756944444444,🔴 Below Target,1630,3,4707.050000000001,0.11542969234092122,🟡 Medium,Traditional Food,1950,0.531975128205128,3
1005,2024-04-18,4,Thursday,2,Santa Ana,Santa Ana,13,Aceite vegetal 1L,Groceries,2.8,0.0,2.8,17,47.6,Bitcoin,446,1.8,0.9999999999999998,16.999999999999996,35.71428571428571,19200,-5584.200000000003,0.70915625,🟡 At Risk,1630,3,4538.599999999999,0.11971386183698353,🟡 Medium,Groceries,350,2.290714285714286,1
1006,2024-10-23,10,Wednesday,3,San Miguel,San Miguel,18,Curtido en frasco,Groceries,2.0,0.0,2.0,8,16.0,Cash,73,0.9,1.1,8.8,55.00000000000001,18000,-6378.879999999992,0.645617777777778,🔴 Below Target,1630,3,3873.706666666669,0.14026186804714166,🔴 Low,Groceries,350,2.290714285714286,1
1007,2024-08-29,8,Thursday,1,San Salvador Centro,San Salvador,16,Crema salvadoreña,Dairy,1.5,0.0,1.5,20,30.0,Cash,333,0.7,0.8,16.0,53.333333333333336,21600,-7478.849999999997,0.653756944444444,🔴 Below Target,1630,3,4707.050000000001,0.11542969234092122,🟡 Medium,Dairy,550,1.1310733333333334,2
1008,2024-03-29,3,Friday,1,San Salvador Centro,San Salvador,5,Atol de elote,Beverages,1.0,0.0,1.0,2,2.0,Credit card,50,0.45,0.55,1.1,55.00000000000001,21600,-7478.849999999997,0.653756944444444,🔴 Below Target,1630,3,4707.050000000001,0.11542969234092122,🟡 Medium,Beverages,500,1.2037333333333333,2
1009,2024-10-29,10,Tuesday,3,San Miguel,San Miguel,15,Arroz blanco 1lb,Groceries,0.9,0.15,0.77,3,2.31,Credit card,59,0.45,0.45,1.35,50.0,18000,-6378.879999999992,0.645617777777778,🔴 Below Target,1630,3,3873.706666666669,0.14026186804714166,🔴 Low,Groceries,350,2.290714285714286,1
1010,2024-02-02,2,Friday,4,Soyapango,San Salvador,16,Crema salvadoreña,Dairy,1.5,0.0,1.5,7,10.5,Cash,428,0.7,0.8,5.6000000000000005,53.333333333333336,19200,-7206.970000000003,0.624636979166666,🔴 Below Target,1630,3,3997.676666666666,0.13591227571347694,🔴 Low,Dairy,550,1.1310733333333334,2
1011,2024-03-02,3,Saturday,6,Usulután,Usulután,13,Aceite vegetal 1L,Groceries,2.8,0.05,2.66,19,50.54,Cash,429,1.8,0.9999999999999998,18.999999999999996,35.71428571428571,16800,-4396.6900000000005,0.738292261904762,🟡 At Risk,1630,3,4134.4366666666665,0.13141653316735613,🟡 Medium,Groceries,350,2.290714285714286,1
1012,2024-10-30,10,Wednesday,1,San Salvador Centro,San Salvador,7,Café salvadoreño,Beverages,1.5,0.0,1.5,6,9.0,Cash,141,0.65,0.85,5.1,56.666666666666664,21600,-7478.849999999997,0.653756944444444,🔴 Below Target,1630,3,4707.050000000001,0.11542969234092122,🟡 Medium,Beverages,500,1.2037333333333333,2
1013,2024-03-27,3,Wednesday,7,La Libertad,La Libertad,5,Atol de elote,Beverages,1.0,0.05,0.95,12,11.4,Cash,125,0.45,0.55,6.6000000000000005,55.00000000000001,16800,-6134.490000000002,0.634851785714286,🔴 Below Target,1630,3,3555.1699999999996,0.15282907240253868,🔴 Low,Beverages,500,1.2037333333333333,2
1014,2024-02-21,2,Wednesday,3,San Miguel,San Miguel,2,Pupusas de frijol,Traditional Food,0.5,0.0,0.5,20,10.0,Credit card,9,0.2,0.3,6.0,60.0,18000,-6378.879999999992,0.645617777777778,🔴 Below Target,1630,3,3873.706666666669,0.14026186804714166,🔴 Low,Traditional Food,1950,0.531975128205128,3
1015,2024-01-04,1,Thursday,2,Santa Ana,Santa Ana,16,Crema salvadoreña,Dairy,1.5,0.0,1.5,1,1.5,Bitcoin,362,0.7,0.8,0.8,53.333333333333336,19200,-5584.200000000003,0.70915625,🟡 At Risk,1630,3,4538.599999999999,0.11971386183698353,🟡 Medium,Dairy,550,1.1310733333333334,2
1016,2024-12-21,12,Saturday,7,La Libertad,La Libertad,10,Hamaca artesanal,Handicrafts,35.0,0.1,31.5,16,504.0,Cash,74,18.0,17.0,272.0,48.57142857142857,16800,-6134.490000000002,0.634851785714286,🔴 Below Target,1630,3,3555.1699999999996,0.15282907240253868,🔴 Low,Handicrafts,2250,2.939564814814815,3
1017,2024-07-29,7,Monday,8,Chalatenango,Chalatenango,9,Camisa guayabera,Clothing,18.0,0.0,18.0,8,144.0,Debit card,20,9.0,9.0,72.0,50.0,18000,-1665.6599999999962,0.907463333333334,🟢 On Track,1630,3,5444.780000000002,0.09978976805919307,🟢 High,Clothing,400,0.89325,1
1018,2024-11-09,11,Saturday,8,Chalatenango,Chalatenango,6,Kolachampán,Beverages,0.75,0.1,0.68,3,2.04,Credit card,155,0.35,0.4,1.2000000000000002,53.333333333333336,18000,-1665.6599999999962,0.907463333333334,🟢 On Track,1630,3,5444.780000000002,0.09978976805919307,🟢 High,Beverages,500,1.2037333333333333,2
1019,2024-01-03,1,Wednesday,7,La Libertad,La Libertad,12,Canasta de palma,Handicrafts,12.0,0.0,12.0,18,216.0,Cash,272,5.5,6.5,117.0,54.166666666666664,16800,-6134.490000000002,0.634851785714286,🔴 Below Target,1630,3,3555.1699999999996,0.15282907240253868,🔴 Low,Handicrafts,2250,2.939564814814815,3
1020,2024-10-03,10,Thursday,6,Usulután,Usulután,4,Yuca frita,Traditional Food,2.5,0.0,2.5,17,42.5,Cash,321,1.2,1.3,22.1,52.0,16800,-4396.6900000000005,0.738292261904762,🟡 At Risk,1630,3,4134.4366666666665,0.13141653316735613,🟡 Medium,Traditional Food,1950,0.531975128205128,3
1021,2024-01-28,1,Sunday,5,Metrocentro,San Salvador,7,Café salvadoreño,Beverages,1.5,0.0,1.5,7,10.5,Credit card,351,0.65,0.85,5.95,56.666666666666664,20400,-7248.4400000000005,0.64468431372549,🔴 Below Target,1630,3,4383.8533333333335,0.12393966951449106,🟡 Medium,Beverages,500,1.2037333333333333,2
1022,2024-03-31,3,Sunday,8,Chalatenango,Chalatenango,16,Crema salvadoreña,Dairy,1.5,0.1,1.35,6,8.1,Bitcoin,28,0.7,0.8,4.800000000000001,53.333333333333336,18000,-1665.6599999999962,0.907463333333334,🟢 On Track,1630,3,5444.780000000002,0.09978976805919307,🟢 High,Dairy,550,1.1310733333333334,2
1023,2024-04-17,4,Wednesday,5,Metrocentro,San Salvador,12,Canasta de palma,Handicrafts,12.0,0.0,12.0,14,168.0,Cash,413,5.5,6.5,91.0,54.166666666666664,20400,-7248.4400000000005,0.64468431372549,🔴 Below Target,1630,3,4383.8533333333335,0.12393966951449106,🟡 Medium,Handicrafts,2250,2.939564814814815,3
1024,2024-02-23,2,Friday,1,San Salvador Centro,San Salvador,15,Arroz blanco 1lb,Groceries,0.9,0.05,0.85,2,1.7,Cash,403,0.45,0.45,0.9,50.0,21600,-7478.849999999997,0.653756944444444,🔴 Below Target,1630,3,4707.050000000001,0.11542969234092122,🟡 Medium,Groceries,350,2.290714285714286,1
1025,2024-09-20,9,Friday,8,Chalatenango,Chalatenango,1,Pupusas de queso,Traditional Food,0.5,0.0,0.5,4,2.0,Credit card,370,0.25,0.25,1.0,50.0,18000,-1665.6599999999962,0.907463333333334,🟢 On Track,1630,3,5444.780000000002,0.09978976805919307,🟢 High,Traditional Food,1950,0.531975128205128,3
1026,2024-08-02,8,Friday,6,Usulután,Usulután,15,Arroz blanco 1lb,Groceries,0.9,0.1,0.81,7,5.67,Debit card,167,0.45,0.45,3.15,50.0,16800,-4396.6900000000005,0.738292261904762,🟡 At Risk,1630,3,4134.4366666666665,0.13141653316735613,🟡 Medium,Groceries,350,2.290714285714286,1
1027,2024-06-15,6,Saturday,2,Santa Ana,Santa Ana,8,Fresco de tamarindo,Beverages,0.75,0.0,0.75,8,6.0,Cash,212,0.3,0.45,3.6,60.0,19200,-5584.200000000003,0.70915625,🟡 At Risk,1630,3,4538.599999999999,0.11971386183698353,🟡 Medium,Beverages,500,1.2037333333333333,2
1028,2024-04-22,4,Monday,7,La Libertad,La Libertad,7,Café salvadoreño,Beverages,1.5,0.0,1.5,3,4.5,Debit card,28,0.65,0.85,2.55,56.666666666666664,16800,-6134.490000000002,0.634851785714286,🔴 Below Target,1630,3,3555.1699999999996,0.15282907240253868,🔴 Low,Beverages,500,1.2037333333333333,2
1029,2024-04-20,4,Saturday,3,San Miguel,San Miguel,14,Frijoles rojos 1lb,Groceries,1.2,0.0,1.2,20,24.0,Cash,192,0.65,0.5499999999999999,10.999999999999998,45.83333333333333,18000,-6378.879999999992,0.645617777777778,🔴 Below Target,1630,3,3873.706666666669,0.14026186804714166,🔴 Low,Groceries,350,2.290714285714286,1
1030,2024-04-09,4,Tuesday,8,Chalatenango,Chalatenango,5,Atol de elote,Beverages,1.0,0.0,1.0,12,12.0,Cash,66,0.45,0.55,6.6000000000000005,55.00000000000001,18000,-1665.6599999999962,0.907463333333334,🟢 On Track,1630,3,5444.780000000002,0.09978976805919307,🟢 High,Beverages,500,1.2037333333333333,2
1031,2024-05-23,5,Thursday,1,San Salvador Centro,San Salvador,2,Pupusas de frijol,Traditional Food,0.5,0.0,0.5,5,2.5,Credit card,235,0.2,0.3,1.5,60.0,21600,-7478.849999999997,0.653756944444444,🔴 Below Target,1630,3,4707.050000000001,0.11542969234092122,🟡 Medium,Traditional Food,1950,0.531975128205128,3
1032,2024-06-24,6,Monday,3,San Miguel,San Miguel,14,Frijoles rojos 1lb,Groceries,1.2,0.0,1.2,8,9.6,Debit card,405,0.65,0.5499999999999999,4.3999999999999995,45.83333333333333,18000,-6378.879999999992,0.645617777777778,🔴 Below Target,1630,3,3873.706666666669,0.14026186804714166,🔴 Low,Groceries,350,2.290714285714286,1
1033,2024-02-14,2,Wednesday,4,Soyapango,San Salvador,6,Kolachampán,Beverages,0.75,0.15,0.64,14,8.96,Debit card,442,0.35,0.4,5.6000000000000005,53.333333333333336,19200,-7206.970000000003,0.624636979166666,🔴 Below Target,1630,3,3997.676666666666,0.13591227571347694,🔴 Low,Beverages,500,1.2037333333333333,2
1034,2024-08-24,8,Saturday,8,Chalatenango,Chalatenango,7,Café salvadoreño,Beverages,1.5,0.0,1.5,9,13.5,Debit card,377,0.65,0.85,7.6499999999999995,56.666666666666664,18000,-1665.6599999999962,0.907463333333334,🟢 On Track,1630,3,5444.780000000002,0.09978976805919307,🟢 High,Beverages,500,1.2037333333333333,2
1035,2024-06-16,6,Sunday,4,Soyapango,San Salvador,8,Fresco de tamarindo,Beverages,0.75,0.05,0.71,14,9.94,Cash,475,0.3,0.45,6.3,60.0,19200,-7206.970000000003,0.624636979166666,🔴 Below Target,1630,3,3997.676666666666,0.13591227571347694,🔴 Low,Beverages,500,1.2037333333333333,2
1036,2024-08-01,8,Thursday,1,San Salvador Centro,San Salvador,5,Atol de elote,Beverages,1.0,0.0,1.0,2,2.0,Transfer,376,0.45,0.55,1.1,55.00000000000001,21600,-7478.849999999997,0.653756944444444,🔴 Below Target,1630,3,4707.050000000001,0.11542969234092122,🟡 Medium,Beverages,500,1.2037333333333333,2
1037,2024-08-05,8,Monday,1,San Salvador Centro,San Salvador,17,Queso duro blando,Dairy,3.5,0.0,3.5,17,59.5,Cash,409,1.8,1.7,28.9,48.57142857142857,21600,-7478.849999999997,0.653756944444444,🔴 Below Target,1630,3,4707.050000000001,0.11542969234092122,🟡 Medium,Dairy,550,1.1310733333333334,2
1038,2024-09-10,9,Tuesday,8,Chalatenango,Chalatenango,4,Yuca frita,Traditional Food,2.5,0.0,2.5,8,20.0,Debit card,7,1.2,1.3,10.4,52.0,18000,-1665.6599999999962,0.907463333333334,🟢 On Track,1630,3,5444.780000000002,0.09978976805919307,🟢 High,Traditional Food,1950,0.531975128205128,3
1039,2024-03-08,3,Friday,4,Soyapango,San Salvador,14,Frijoles rojos 1lb,Groceries,1.2,0.0,1.2,12,14.4,Cash,47,0.65,0.5499999999999999,6.6,45.83333333333333,19200,-7206.970000000003,0.624636979166666,🔴 Below Target,1630,3,3997.676666666666,0.13591227571347694,🔴 Low,Groceries,350,2.290714285714286,1
1040,2024-12-08,12,Sunday,8,Chalatenango,Chalatenango,1,Pupusas de queso,Traditional Food,0.5,0.0,0.5,10,5.0,Debit card,440,0.25,0.25,2.5,50.0,18000,-1665.6599999999962,0.907463333333334,🟢 On Track,1630,3,5444.780000000002,0.09978976805919307,🟢 High,Traditional Food,1950,0.531975128205128,3
1041,2024-08-25,8,Sunday,8,Chalatenango,Chalatenango,1,Pupusas de queso,Traditional Food,0.5,0.15,0.42,5,2.1,Debit card,95,0.25,0.25,1.25,50.0,18000,-1665.6599999999962,0.907463333333334,🟢 On Track,1630,3,5444.780000000002,0.09978976805919307,🟢 High,Traditional Food,1950,0.531975128205128,3
1042,2024-12-26,12,Thursday,8,Chalatenango,Chalatenango,12,Canasta de palma,Handicrafts,12.0,0.15,10.2,1,10.2,Debit card,198,5.5,6.5,6.5,54.166666666666664,18000,-1665.6599999999962,0.907463333333334,🟢 On Track,1630,3,5444.780000000002,0.09978976805919307,🟢 High,Handicrafts,2250,2.939564814814815,3
1043,2024-05-31,5,Friday,1,San Salvador Centro,San Salvador,11,Jarrito de barro,Handicrafts,8.0,0.15,6.8,14,95.2,Cash,485,3.5,4.5,63.0,56.25,21600,-7478.849999999997,0.653756944444444,🔴 Below Target,1630,3,4707.050000000001,0.11542969234092122,🟡 Medium,Handicrafts,2250,2.939564814814815,3
1044,2024-12-16,12,Monday,4,Soyapango,San Salvador,18,Curtido en frasco,Groceries,2.0,0.05,1.9,3,5.7,Credit card,377,0.9,1.1,3.3000000000000003,55.00000000000001,19200,-7206.970000000003,0.624636979166666,🔴 Below Target,1630,3,3997.676666666666,0.13591227571347694,🔴 Low,Groceries,350,2.290714285714286,1
1045,2024-01-27,1,Saturday,6,Usulután,Usulután,2,Pupusas de frijol,Traditional Food,0.5,0.0,0.5,4,2.0,Cash,317,0.2,0.3,1.2,60.0,16800,-4396.6900000000005,0.738292261904762,🟡 At Risk,1630,3,4134.4366666666665,0.13141653316735613,🟡 Medium,Traditional Food,1950,0.531975128205128,3
1046,2024-07-06,7,Saturday,6,Usulután,Usulután,2,Pupusas de frijol,Traditional Food,0.5,0.1,0.45,6,2.7,Debit card,35,0.2,0.3,1.7999999999999998,60.0,16800,-4396.6900000000005,0.738292261904762,🟡 At Risk,1630,3,4134.4366666666665,0.13141653316735613,🟡 Medium,Traditional Food,1950,0.531975128205128,3
1047,2024-03-11,3,Monday,4,Soyapango,San Salvador,18,Curtido en frasco,Groceries,2.0,0.0,2.0,11,22.0,Debit card,333,0.9,1.1,12.100000000000001,55.00000000000001,19200,-7206.970000000003,0.624636979166666,🔴 Below Target,1630,3,3997.676666666666,0.13591227571347694,🔴 Low,Groceries,350,2.290714285714286,1
1048,2024-04-25,4,Thursday,4,Soyapango,San Salvador,16,Crema salvadoreña,Dairy,1.5,0.0,1.5,11,16.5,Credit card,258,0.7,0.8,8.8,53.333333333333336,19200,-7206.970000000003,0.624636979166666,🔴 Below Target,1630,3,3997.676666666666,0.13591227571347694,🔴 Low,Dairy,550,1.1310733333333334,2
1049,2024-01-28,1,Sunday,5,Metrocentro,San Salvador,14,Frijoles rojos 1lb,Groceries,1.2,0.0,1.2,3,3.6,Cash,249,0.65,0.5499999999999999,1.65,45.83333333333333,20400,-7248.4400000000005,0.64468431372549,🔴 Below Target,1630,3,4383.8533333333335,0.12393966951449106,🟡 Medium,Groceries,350,2.290714285714286,1
1050,2024-08-28,8,Wednesday,2,Santa Ana,Santa Ana,17,Queso duro blando,Dairy,3.5,0.1,3.15,18,56.7,Credit card,461,1.8,1.7,30.599999999999998,48.57142857142857,19200,-5584.200000000003,0.70915625,🟡 At Risk,1630,3,4538.599999999999,0.11971386183698353,🟡 Medium,Dairy,550,1.1310733333333334,2
1051,2024-11-13,11,Wednesday,8,Chalatenango,Chalatenango,10,Hamaca artesanal,Handicrafts,35.0,0.15,29.75,12,357.0,Debit card,355,18.0,17.0,204.0,48.57142857142857,18000,-1665.6599999999962,0.907463333333334,🟢 On Track,1630,3,5444.780000000002,0.09978976805919307,🟢 High,Handicrafts,2250,2.939564814814815,3
1052,2024-08-22,8,Thursday,4,Soyapango,San Salvador,3,Tamales de elote,Traditional Food,1.0,0.0,1.0,3,3.0,Cash,92,0.55,0.44999999999999996,1.3499999999999999,44.99999999999999,19200,-7206.970000000003,0.624636979166666,🔴 Below Target,1630,3,3997.676666666666,0.13591227571347694,🔴 Low,Traditional Food,1950,0.531975128205128,3
1053,2024-02-25,2,Sunday,2,Santa Ana,Santa Ana,10,Hamaca artesanal,Handicrafts,35.0,0.0,35.0,6,210.0,Cash,76,18.0,17.0,102.0,48.57142857142857,19200,-5584.200000000003,0.70915625,🟡 At Risk,1630,3,4538.599999999999,0.11971386183698353,🟡 Medium,Handicrafts,2250,2.939564814814815,3
1054,2024-04-14,4,Sunday,3,San Miguel,San Miguel,16,Crema salvadoreña,Dairy,1.5,0.1,1.35,17,22.95,Cash,214,0.7,0.8,13.600000000000001,53.333333333333336,18000,-6378.879999999992,0.645617777777778,🔴 Below Target,1630,3,3873.706666666669,0.14026186804714166,🔴 Low,Dairy,550,1.1310733333333334,2
1055,2024-08-30,8,Friday,3,San Miguel,San Miguel,18,Curtido en frasco,Groceries,2.0,0.0,2.0,12,24.0,Cash,331,0.9,1.1,13.200000000000001,55.00000000000001,18000,-6378.879999999992,0.645617777777778,🔴 Below Target,1630,3,3873.706666666669,0.14026186804714166,🔴 Low,Groceries,350,2.290714285714286,1
1056,2024-04-06,4,Saturday,5,Metrocentro,San Salvador,1,Pupusas de queso,Traditional Food,0.5,0.0,0.5,3,1.5,Credit card,119,0.25,0.25,0.75,50.0,20400,-7248.4400000000005,0.64468431372549,🔴 Below Target,1630,3,4383.8533333333335,0.12393966951449106,🟡 Medium,Traditional Food,1950,0.531975128205128,3
1057,2024-07-29,7,Monday,6,Usulután,Usulután,17,Queso duro blando,Dairy,3.5,0.0,3.5,19,66.5,Debit card,403,1.8,1.7,32.3,48.57142857142857,16800,-4396.6900000000005,0.738292261904762,🟡 At Risk,1630,3,4134.4366666666665,0.13141653316735613,🟡 Medium,Dairy,550,1.1310733333333334,2
1058,2024-10-30,10,Wednesday,8,Chalatenango,Chalatenango,11,Jarrito de barro,Handicrafts,8.0,0.15,6.8,17,115.6,Debit card,235,3.5,4.5,76.5,56.25,18000,-1665.6599999999962,0.907463333333334,🟢 On Track,1630,3,5444.780000000002,0.09978976805919307,🟢 High,Handicrafts,2250,2.939564814814815,3
1059,2024-06-05,6,Wednesday,3,San Miguel,San Miguel,10,Hamaca artesanal,Handicrafts,35.0,0.15,29.75,6,178.5,Cash,248,18.0,17.0,102.0,48.57142857142857,18000,-6378.879999999992,0.645617777777778,🔴 Below Target,1630,3,3873.706666666669,0.14026186804714166,🔴 Low,Handicrafts,2250,2.939564814814815,3
1060,2024-01-25,1,Thursday,5,Metrocentro,San Salvador,12,Canasta de palma,Handicrafts,12.0,0.0,12.0,5,60.0,Cash,490,5.5,6.5,32.5,54.166666666666664,20400,-7248.4400000000005,0.64468431372549,🔴 Below Target,1630,3,4383.8533333333335,0.12393966951449106,🟡 Medium,Handicrafts,2250,2.939564814814815,3
1061,2024-12-30,12,Monday,3,San Miguel,San Miguel,6,Kolachampán,Beverages,0.75,0.0,0.75,18,13.5,Cash,90,0.35,0.4,7.2,53.333333333333336,18000,-6378.879999999992,0.645617777777778,🔴 Below Target,1630,3,3873.706666666669,0.14026186804714166,🔴 Low,Beverages,500,1.2037333333333333,2
1062,2024-05-01,5,Wednesday,3,San Miguel,San Miguel,5,Atol de elote,Beverages,1.0,0.0,1.0,4,4.0,Transfer,295,0.45,0.55,2.2,55.00000000000001,18000,-6378.879999999992,0.645617777777778,🔴 Below Target,1630,3,3873.706666666669,0.14026186804714166,🔴 Low,Beverages,500,1.2037333333333333,2
1063,2024-05-13,5,Monday,8,Chalatenango,Chalatenango,5,Atol de elote,Beverages,1.0,0.0,1.0,12,12.0,Cash,363,0.45,0.55,6.6000000000000005,55.00000000000001,18000,-1665.6599999999962,0.907463333333334,🟢 On Track,1630,3,5444.780000000002,0.09978976805919307,🟢 High,Beverages,500,1.2037333333333333,2
1064,2024-06-25,6,Tuesday,6,Usulután,Usulután,2,Pupusas de frijol,Traditional Food,0.5,0.0,0.5,5,2.5,Cash,500,0.2,0.3,1.5,60.0,16800,-4396.6900000000005,0.738292261904762,🟡 At Risk,1630,3,4134.4366666666665,0.13141653316735613,🟡 Medium,Traditional Food,1950,0.531975128205128,3
1065,2024-03-03,3,Sunday,5,Metrocentro,San Salvador,6,Kolachampán,Beverages,0.75,0.0,0.75,1,0.75,Bitcoin,394,0.35,0.4,0.4,53.333333333333336,20400,-7248.4400000000005,0.64468431372549,🔴 Below Target,1630,3,4383.8533333333335,0.12393966951449106,🟡 Medium,Beverages,500,1.2037333333333333,2
1066,2024-06-12,6,Wednesday,8,Chalatenango,Chalatenango,5,Atol de elote,Beverages,1.0,0.0,1.0,5,5.0,Transfer,280,0.45,0.55,2.75,55.00000000000001,18000,-1665.6599999999962,0.907463333333334,🟢 On Track,1630,3,5444.780000000002,0.09978976805919307,🟢 High,Beverages,500,1.2037333333333333,2
1067,2024-11-27,11,Wednesday,6,Usulután,Usulután,17,Queso duro blando,Dairy,3.5,0.0,3.5,10,35.0,Credit card,497,1.8,1.7,17.0,48.57142857142857,16800,-4396.6900000000005,0.738292261904762,🟡 At Risk,1630,3,4134.4366666666665,0.13141653316735613,🟡 Medium,Dairy,550,1.1310733333333334,2
1068,2024-06-22,6,Saturday,8,Chalatenango,Chalatenango,5,Atol de elote,Beverages,1.0,0.1,0.9,4,3.6,Cash,21,0.45,0.55,2.2,55.00000000000001,18000,-1665.6599999999962,0.907463333333334,🟢 On Track,1630,3,5444.780000000002,0.09978976805919307,🟢 High,Beverages,500,1.2037333333333333,2
1069,2024-06-06,6,Thursday,2,Santa Ana,Santa Ana,5,Atol de elote,Beverages,1.0,0.0,1.0,1,1.0,Debit card,113,0.45,0.55,0.55,55.00000000000001,19200,-5584.200000000003,0.70915625,🟡 At Risk,1630,3,4538.599999999999,0.11971386183698353,🟡 Medium,Beverages,500,1.2037333333333333,2
1070,2024-02-17,2,Saturday,6,Usulután,Usulután,15,Arroz blanco 1lb,Groceries,0.9,0.0,0.9,11,9.9,Debit card,100,0.45,0.45,4.95,50.0,16800,-4396.6900000000005,0.738292261904762,🟡 At Risk,1630,3,4134.4366666666665,0.13141653316735613,🟡 Medium,Groceries,350,2.290714285714286,1
1071,2024-05-22,5,Wednesday,4,Soyapango,San Salvador,17,Queso duro blando,Dairy,3.5,0.0,3.5,7,24.5,Cash,435,1.8,1.7,11.9,48.57142857142857,19200,-7206.970000000003,0.624636979166666,🔴 Below Target,1630,3,3997.676666666666,0.13591227571347694,🔴 Low,Dairy,550,1.1310733333333334,2
1072,2024-09-19,9,Thursday,2,Santa Ana,Santa Ana,15,Arroz blanco 1lb,Groceries,0.9,0.0,0.9,13,11.7,Cash,309,0.45,0.45,5.8500000000000005,50.0,19200,-5584.200000000003,0.70915625,🟡 At Risk,1630,3,4538.599999999999,0.11971386183698353,🟡 Medium,Groceries,350,2.290714285714286,1
1073,2024-12-07,12,Saturday,1,San Salvador Centro,San Salvador,17,Queso duro blando,Dairy,3.5,0.0,3.5,12,42.0,Cash,438,1.8,1.7,20.4,48.57142857142857,21600,-7478.849999999997,0.653756944444444,🔴 Below Target,1630,3,4707.050000000001,0.11542969234092122,🟡 Medium,Dairy,550,1.1310733333333334,2
1074,2024-07-16,7,Tuesday,6,Usulután,Usulután,14,Frijoles rojos 1lb,Groceries,1.2,0.0,1.2,12,14.4,Cash,180,0.65,0.5499999999999999,6.6,45.83333333333333,16800,-4396.6900000000005,0.738292261904762,🟡 At Risk,1630,3,4134.4366666666665,0.13141653316735613,🟡 Medium,Groceries,350,2.290714285714286,1
1075,2024-10-14,10,Monday,8,Chalatenango,Chalatenango,10,Hamaca artesanal,Handicrafts,35.0,0.0,35.0,3,105.0,Debit card,228,18.0,17.0,51.0,48.57142857142857,18000,-1665.6599999999962,0.907463333333334,🟢 On Track,1630,3,5444.780000000002,0.09978976805919307,🟢 High,Handicrafts,2250,2.939564814814815,3
1076,2024-05-27,5,Monday,8,Chalatenango,Chalatenango,14,Frijoles rojos 1lb,Groceries,1.2,0.15,1.02,6,6.12,Debit card,460,0.65,0.5499999999999999,3.3,45.83333333333333,18000,-1665.6599999999962,0.907463333333334,🟢 On Track,1630,3,5444.780000000002,0.09978976805919307,🟢 High,Groceries,350,2.290714285714286,1
1077,2024-03-12,3,Tuesday,7,La Libertad,La Libertad,14,Frijoles rojos 1lb,Groceries,1.2,0.05,1.14,19,21.66,Cash,107,0.65,0.5499999999999999,10.45,45.83333333333333,16800,-6134.490000000002,0.634851785714286,🔴 Below Target,1630,3,3555.1699999999996,0.15282907240253868,🔴 Low,Groceries,350,2.290714285714286,1
1078,2024-09-25,9,Wednesday,8,Chalatenango,Chalatenango,10,Hamaca artesanal,Handicrafts,35.0,0.0,35.0,11,385.0,Bitcoin,303,18.0,17.0,187.0,48.57142857142857,18000,-1665.6599999999962,0.907463333333334,🟢 On Track,1630,3,5444.780000000002,0.09978976805919307,🟢 High,Handicrafts,2250,2.939564814814815,3
1079,2024-01-04,1,Thursday,2,Santa Ana,Santa Ana,13,Aceite vegetal 1L,Groceries,2.8,0.1,2.52,14,35.28,Bitcoin,213,1.8,0.9999999999999998,13.999999999999996,35.71428571428571,19200,-5584.200000000003,0.70915625,🟡 At Risk,1630,3,4538.599999999999,0.11971386183698353,🟡 Medium,Groceries,350,2.290714285714286,1
1080,2024-12-29,12,Sunday,8,Chalatenango,Chalatenango,6,Kolachampán,Beverages,0.75,0.15,0.64,19,12.16,Bitcoin,103,0.35,0.4,7.6000000000000005,53.333333333333336,18000,-1665.6599999999962,0.907463333333334,🟢 On Track,1630,3,5444.780000000002,0.09978976805919307,🟢 High,Beverages,500,1.2037333333333333,2
1081,2024-05-28,5,Tuesday,7,La Libertad,La Libertad,6,Kolachampán,Beverages,0.75,0.0,0.75,18,13.5,Cash,424,0.35,0.4,7.2,53.333333333333336,16800,-6134.490000000002,0.634851785714286,🔴 Below Target,1630,3,3555.1699999999996,0.15282907240253868,🔴 Low,Beverages,500,1.2037333333333333,2
1082,2024-09-09,9,Monday,5,Metrocentro,San Salvador,10,Hamaca artesanal,Handicrafts,35.0,0.1,31.5,18,567.0,Cash,14,18.0,17.0,306.0,48.57142857142857,20400,-7248.4400000000005,0.64468431372549,🔴 Below Target,1630,3,4383.8533333333335,0.12393966951449106,🟡 Medium,Handicrafts,2250,2.939564814814815,3
1083,2024-05-14,5,Tuesday,3,San Miguel,San Miguel,1,Pupusas de queso,Traditional Food,0.5,0.1,0.45,10,4.5,Credit card,242,0.25,0.25,2.5,50.0,18000,-6378.879999999992,0.645617777777778,🔴 Below Target,1630,3,3873.706666666669,0.14026186804714166,🔴 Low,Traditional Food,1950,0.531975128205128,3
1084,2024-08-01,8,Thursday,5,Metrocentro,San Salvador,4,Yuca frita,Traditional Food,2.5,0.0,2.5,6,15.0,Bitcoin,331,1.2,1.3,7.800000000000001,52.0,20400,-7248.4400000000005,0.64468431372549,🔴 Below Target,1630,3,4383.8533333333335,0.12393966951449106,🟡 Medium,Traditional Food,1950,0.531975128205128,3
1085,2024-03-02,3,Saturday,1,San Salvador Centro,San Salvador,8,Fresco de tamarindo,Beverages,0.75,0.0,0.75,9,6.75,Transfer,35,0.3,0.45,4.05,60.0,21600,-7478.849999999997,0.653756944444444,🔴 Below Target,1630,3,4707.050000000001,0.11542969234092122,🟡 Medium,Beverages,500,1.2037333333333333,2
1086,2024-10-16,10,Wednesday,8,Chalatenango,Chalatenango,12,Canasta de palma,Handicrafts,12.0,0.15,10.2,14,142.8,Cash,352,5.5,6.5,91.0,54.166666666666664,18000,-1665.6599999999962,0.907463333333334,🟢 On Track,1630,3,5444.780000000002,0.09978976805919307,🟢 High,Handicrafts,2250,2.939564814814815,3
1087,2024-07-10,7,Wednesday,2,Santa Ana,Santa Ana,16,Crema salvadoreña,Dairy,1.5,0.1,1.35,17,22.95,Debit card,433,0.7,0.8,13.600000000000001,53.333333333333336,19200,-5584.200000000003,0.70915625,🟡 At Risk,1630,3,4538.599999999999,0.11971386183698353,🟡 Medium,Dairy,550,1.1310733333333334,2
1088,2024-10-24,10,Thursday,3,San Miguel,San Miguel,9,Camisa guayabera,Clothing,18.0,0.0,18.0,2,36.0,Cash,450,9.0,9.0,18.0,50.0,18000,-6378.879999999992,0.645617777777778,🔴 Below Target,1630,3,3873.706666666669,0.14026186804714166,🔴 Low,Clothing,400,0.89325,1
1089,2024-03-24,3,Sunday,6,Usulután,Usulután,5,Atol de elote,Beverages,1.0,0.0,1.0,2,2.0,Cash,326,0.45,0.55,1.1,55.00000000000001,16800,-4396.6900000000005,0.738292261904762,🟡 At Risk,1630,3,4134.4366666666665,0.13141653316735613,🟡 Medium,Beverages,500,1.2037333333333333,2
1090,2024-05-28,5,Tuesday,1,San Salvador Centro,San Salvador,12,Canasta de palma,Handicrafts,12.0,0.05,11.4,10,114.0,Debit card,40,5.5,6.5,65.0,54.166666666666664,21600,-7478.849999999997,0.653756944444444,🔴 Below Target,1630,3,4707.050000000001,0.11542969234092122,🟡 Medium,Handicrafts,2250,2.939564814814815,3
1091,2024-11-17,11,Sunday,4,Soyapango,San Salvador,17,Queso duro blando,Dairy,3.5,0.15,2.98,6,17.88,Cash,386,1.8,1.7,10.2,48.57142857142857,19200,-7206.970000000003,0.624636979166666,🔴 Below Target,1630,3,3997.676666666666,0.13591227571347694,🔴 Low,Dairy,550,1.1310733333333334,2
1092,2024-06-10,6,Monday,6,Usulután,Usulután,6,Kolachampán,Beverages,0.75,0.0,0.75,10,7.5,Debit card,353,0.35,0.4,4.0,53.333333333333336,16800,-4396.6900000000005,0.738292261904762,🟡 At Risk,1630,3,4134.4366666666665,0.13141653316735613,🟡 Medium,Beverages,500,1.2037333333333333,2
1093,2024-09-30,9,Monday,2,Santa Ana,Santa Ana,12,Canasta de palma,Handicrafts,12.0,0.0,12.0,19,228.0,Credit card,7,5.5,6.5,123.5,54.166666666666664,19200,-5584.200000000003,0.70915625,🟡 At Risk,1630,3,4538.599999999999,0.11971386183698353,🟡 Medium,Handicrafts,2250,2.939564814814815,3
1094,2024-07-09,7,Tuesday,5,Metrocentro,San Salvador,5,Atol de elote,Beverages,1.0,0.0,1.0,16,16.0,Cash,467,0.45,0.55,8.8,55.00000000000001,20400,-7248.4400000000005,0.64468431372549,🔴 Below Target,1630,3,4383.8533333333335,0.12393966951449106,🟡 Medium,Beverages,500,1.2037333333333333,2
1095,2024-04-21,4,Sunday,2,Santa Ana,Santa Ana,6,Kolachampán,Beverages,0.75,0.05,0.71,5,3.55,Cash,97,0.35,0.4,2.0,53.333333333333336,19200,-5584.200000000003,0.70915625,🟡 At Risk,1630,3,4538.599999999999,0.11971386183698353,🟡 Medium,Beverages,500,1.2037333333333333,2
1096,2024-08-01,8,Thursday,2,Santa Ana,Santa Ana,18,Curtido en frasco,Groceries,2.0,0.0,2.0,15,30.0,Cash,68,0.9,1.1,16.5,55.00000000000001,19200,-5584.200000000003,0.70915625,🟡 At Risk,1630,3,4538.599999999999,0.11971386183698353,🟡 Medium,Groceries,350,2.290714285714286,1
1097,2024-06-27,6,Thursday,8,Chalatenango,Chalatenango,1,Pupusas de queso,Traditional Food,0.5,0.1,0.45,10,4.5,Cash,419,0.25,0.25,2.5,50.0,18000,-1665.6599999999962,0.907463333333334,🟢 On Track,1630,3,5444.780000000002,0.09978976805919307,🟢 High,Traditional Food,1950,0.531975128205128,3
1098,2024-03-29,3,Friday,6,Usulután,Usulután,15,Arroz blanco 1lb,Groceries,0.9,0.0,0.9,10,9.0,Debit card,61,0.45,0.45,4.5,50.0,16800,-4396.6900000000005,0.738292261904762,🟡 At Risk,1630,3,4134.4366666666665,0.13141653316735613,🟡 Medium,Groceries,350,2.290714285714286,1
1099,2024-12-21,12,Saturday,3,San Miguel,San Miguel,8,Fresco de tamarindo,Beverages,0.75,0.1,0.68,5,3.4,Cash,65,0.3,0.45,2.25,60.0,18000,-6378.879999999992,0.645617777777778,🔴 Below Target,1630,3,3873.706666666669,0.14026186804714166,🔴 Low,Beverages,500,1.2037333333333333,2
1100,2024-02-10,2,Saturday,3,San Miguel,San Miguel,7,Café salvadoreño,Beverages,1.5,0.1,1.35,14,18.9,Credit card,58,0.65,0.85,11.9,56.666666666666664,18000,-6378.879999999992,0.645617777777778,🔴 Below Target,1630,3,3873.706666666669,0.14026186804714166,🔴 Low,Beverages,500,1.2037333333333333,2
1101,2024-09-04,9,Wednesday,1,San Salvador Centro,San Salvador,3,Tamales de elote,Traditional Food,1.0,0.0,1.0,14,14.0,Cash,17,0.55,0.44999999999999996,6.299999999999999,44.99999999999999,21600,-7478.849999999997,0.653756944444444,🔴 Below Target,1630,3,4707.050000000001,0.11542969234092122,🟡 Medium,Traditional Food,1950,0.531975128205128,3
1102,2024-08-28,8,Wednesday,1,San Salvador Centro,San Salvador,17,Queso duro blando,Dairy,3.5,0.0,3.5,4,14.0,Cash,155,1.8,1.7,6.8,48.57142857142857,21600,-7478.849999999997,0.653756944444444,🔴 Below Target,1630,3,4707.050000000001,0.11542969234092122,🟡 Medium,Dairy,550,1.1310733333333334,2
1103,2024-03-04,3,Monday,2,Santa Ana,Santa Ana,1,Pupusas de queso,Traditional Food,0.5,0.0,0.5,20,10.0,Debit card,103,0.25,0.25,5.0,50.0,19200,-5584.200000000003,0.70915625,🟡 At Risk,1630,3,4538.599999999999,0.11971386183698353,🟡 Medium,Traditional Food,1950,0.531975128205128,3
1104,2024-01-15,1,Monday,6,Usulután,Usulután,6,Kolachampán,Beverages,0.75,0.0,0.75,3,2.25,Credit card,483,0.35,0.4,1.2000000000000002,53.333333333333336,16800,-4396.6900000000005,0.738292261904762,🟡 At Risk,1630,3,4134.4366666666665,0.13141653316735613,🟡 Medium,Beverages,500,1.2037333333333333,2
1105,2024-06-29,6,Saturday,6,Usulután,Usulután,9,Camisa guayabera,Clothing,18.0,0.15,15.3,6,91.8,Debit card,374,9.0,9.0,54.0,50.0,16800,-4396.6900000000005,0.738292261904762,🟡 At Risk,1630,3,4134.4366666666665,0.13141653316735613,🟡 Medium,Clothing,400,0.89325,1
1106,2024-02-20,2,Tuesday,2,Santa Ana,Santa Ana,8,Fresco de tamarindo,Beverages,0.75,0.15,0.64,19,12.16,Cash,112,0.3,0.45,8.55,60.0,19200,-5584.200000000003,0.70915625,🟡 At Risk,1630,3,4538.599999999999,0.11971386183698353,🟡 Medium,Beverages,500,1.2037333333333333,2
1107,2024-03-28,3,Thursday,5,Metrocentro,San Salvador,7,Café salvadoreño,Beverages,1.5,0.0,1.5,18,27.0,Transfer,51,0.65,0.85,15.299999999999999,56.666666666666664,20400,-7248.4400000000005,0.64468431372549,🔴 Below Target,1630,3,4383.8533333333335,0.12393966951449106,🟡 Medium,Beverages,500,1.2037333333333333,2
1108,2024-07-06,7,Saturday,8,Chalatenango,Chalatenango,7,Café salvadoreño,Beverages,1.5,0.0,1.5,19,28.5,Cash,491,0.65,0.85,16.15,56.666666666666664,18000,-1665.6599999999962,0.907463333333334,🟢 On Track,1630,3,5444.780000000002,0.09978976805919307,🟢 High,Beverages,500,1.2037333333333333,2
1109,2024-06-30,6,Sunday,3,San Miguel,San Miguel,4,Yuca frita,Traditional Food,2.5,0.0,2.5,13,32.5,Cash,117,1.2,1.3,16.900000000000002,52.0,18000,-6378.879999999992,0.645617777777778,🔴 Below Target,1630,3,3873.706666666669,0.14026186804714166,🔴 Low,Traditional Food,1950,0.531975128205128,3
1110,2024-06-09,6,Sunday,2,Santa Ana,Santa Ana,14,Frijoles rojos 1lb,Groceries,1.2,0.0,1.2,4,4.8,Cash,70,0.65,0.5499999999999999,2.1999999999999997,45.83333333333333,19200,-5584.200000000003,0.70915625,🟡 At Risk,1630,3,4538.599999999999,0.11971386183698353,🟡 Medium,Groceries,350,2.290714285714286,1
1111,2024-12-26,12,Thursday,6,Usulután,Usulután,16,Crema salvadoreña,Dairy,1.5,0.05,1.42,10,14.2,Debit card,43,0.7,0.8,8.0,53.333333333333336,16800,-4396.6900000000005,0.738292261904762,🟡 At Risk,1630,3,4134.4366666666665,0.13141653316735613,🟡 Medium,Dairy,550,1.1310733333333334,2
1112,2024-02-29,2,Thursday,8,Chalatenango,Chalatenango,11,Jarrito de barro,Handicrafts,8.0,0.0,8.0,13,104.0,Cash,377,3.5,4.5,58.5,56.25,18000,-1665.6599999999962,0.907463333333334,🟢 On Track,1630,3,5444.780000000002,0.09978976805919307,🟢 High,Handicrafts,2250,2.939564814814815,3
1113,2024-04-25,4,Thursday,8,Chalatenango,Chalatenango,10,Hamaca artesanal,Handicrafts,35.0,0.0,35.0,18,630.0,Cash,438,18.0,17.0,306.0,48.57142857142857,18000,-1665.6599999999962,0.907463333333334,🟢 On Track,1630,3,5444.780000000002,0.09978976805919307,🟢 High,Handicrafts,2250,2.939564814814815,3
1114,2024-02-05,2,Monday,4,Soyapango,San Salvador,14,Frijoles rojos 1lb,Groceries,1.2,0.1,1.08,16,17.28,Cash,7,0.65,0.5499999999999999,8.799999999999999,45.83333333333333,19200,-7206.970000000003,0.624636979166666,🔴 Below Target,1630,3,3997.676666666666,0.13591227571347694,🔴 Low,Groceries,350,2.290714285714286,1
1115,2024-07-21,7,Sunday,2,Santa Ana,Santa Ana,16,Crema salvadoreña,Dairy,1.5,0.05,1.42,15,21.3,Debit card,44,0.7,0.8,12.0,53.333333333333336,19200,-5584.200000000003,0.70915625,🟡 At Risk,1630,3,4538.599999999999,0.11971386183698353,🟡 Medium,Dairy,550,1.1310733333333334,2
1116,2024-07-21,7,Sunday,3,San Miguel,San Miguel,4,Yuca frita,Traditional Food,2.5,0.1,2.25,13,29.25,Debit card,53,1.2,1.3,16.900000000000002,52.0,18000,-6378.879999999992,0.645617777777778,🔴 Below Target,1630,3,3873.706666666669,0.14026186804714166,🔴 Low,Traditional Food,1950,0.531975128205128,3
1117,2024-07-05,7,Friday,2,Santa Ana,Santa Ana,6,Kolachampán,Beverages,0.75,0.0,0.75,7,5.25,Cash,433,0.35,0.4,2.8000000000000003,53.333333333333336,19200,-5584.200000000003,0.70915625,🟡 At Risk,1630,3,4538.599999999999,0.11971386183698353,🟡 Medium,Beverages,500,1.2037333333333333,2
1118,2024-04-29,4,Monday,2,Santa Ana,Santa Ana,13,Aceite vegetal 1L,Groceries,2.8,0.1,2.52,14,35.28,Cash,392,1.8,0.9999999999999998,13.999999999999996,35.71428571428571,19200,-5584.200000000003,0.70915625,🟡 At Risk,1630,3,4538.599999999999,0.11971386183698353,🟡 Medium,Groceries,350,2.290714285714286,1
1119,2024-07-01,7,Monday,7,La Libertad,La Libertad,9,Camisa guayabera,Clothing,18.0,0.1,16.2,16,259.2,Debit card,208,9.0,9.0,144.0,50.0,16800,-6134.490000000002,0.634851785714286,🔴 Below Target,1630,3,3555.1699999999996,0.15282907240253868,🔴 Low,Clothing,400,0.89325,1
1120,2024-03-16,3,Saturday,5,Metrocentro,San Salvador,16,Crema salvadoreña,Dairy,1.5,0.0,1.5,15,22.5,Cash,251,0.7,0.8,12.0,53.333333333333336,20400,-7248.4400000000005,0.64468431372549,🔴 Below Target,1630,3,4383.8533333333335,0.12393966951449106,🟡 Medium,Dairy,550,1.1310733333333334,2
1121,2024-11-17,11,Sunday,4,Soyapango,San Salvador,16,Crema salvadoreña,Dairy,1.5,0.0,1.5,5,7.5,Cash,28,0.7,0.8,4.0,53.333333333333336,19200,-7206.970000000003,0.624636979166666,🔴 Below Target,1630,3,3997.676666666666,0.13591227571347694,🔴 Low,Dairy,550,1.1310733333333334,2
1122,2024-12-13,12,Friday,8,Chalatenango,Chalatenango,3,Tamales de elote,Traditional Food,1.0,0.0,1.0,1,1.0,Cash,348,0.55,0.44999999999999996,0.44999999999999996,44.99999999999999,18000,-1665.6599999999962,0.907463333333334,🟢 On Track,1630,3,5444.780000000002,0.09978976805919307,🟢 High,Traditional Food,1950,0.531975128205128,3
1123,2024-06-04,6,Tuesday,3,San Miguel,San Miguel,11,Jarrito de barro,Handicrafts,8.0,0.05,7.6,20,152.0,Cash,40,3.5,4.5,90.0,56.25,18000,-6378.879999999992,0.645617777777778,🔴 Below Target,1630,3,3873.706666666669,0.14026186804714166,🔴 Low,Handicrafts,2250,2.939564814814815,3
1124,2024-08-26,8,Monday,8,Chalatenango,Chalatenango,17,Queso duro blando,Dairy,3.5,0.0,3.5,7,24.5,Debit card,252,1.8,1.7,11.9,48.57142857142857,18000,-1665.6599999999962,0.907463333333334,🟢 On Track,1630,3,5444.780000000002,0.09978976805919307,🟢 High,Dairy,550,1.1310733333333334,2
1125,2024-10-04,10,Friday,5,Metrocentro,San Salvador,17,Queso duro blando,Dairy,3.5,0.15,2.98,11,32.78,Credit card,280,1.8,1.7,18.7,48.57142857142857,20400,-7248.4400000000005,0.64468431372549,🔴 Below Target,1630,3,4383.8533333333335,0.12393966951449106,🟡 Medium,Dairy,550,1.1310733333333334,2
1126,2024-08-08,8,Thursday,1,San Salvador Centro,San Salvador,1,Pupusas de queso,Traditional Food,0.5,0.0,0.5,4,2.0,Cash,437,0.25,0.25,1.0,50.0,21600,-7478.849999999997,0.653756944444444,🔴 Below Target,1630,3,4707.050000000001,0.11542969234092122,🟡 Medium,Traditional Food,1950,0.531975128205128,3
1127,2024-08-23,8,Friday,8,Chalatenango,Chalatenango,13,Aceite vegetal 1L,Groceries,2.8,0.0,2.8,2,5.6,Cash,338,1.8,0.9999999999999998,1.9999999999999996,35.71428571428571,18000,-1665.6599999999962,0.907463333333334,🟢 On Track,1630,3,5444.780000000002,0.09978976805919307,🟢 High,Groceries,350,2.290714285714286,1
1128,2024-09-08,9,Sunday,3,San Miguel,San Miguel,10,Hamaca artesanal,Handicrafts,35.0,0.0,35.0,14,490.0,Cash,200,18.0,17.0,238.0,48.57142857142857,18000,-6378.879999999992,0.645617777777778,🔴 Below Target,1630,3,3873.706666666669,0.14026186804714166,🔴 Low,Handicrafts,2250,2.939564814814815,3
1129,2024-10-18,10,Friday,2,Santa Ana,Santa Ana,16,Crema salvadoreña,Dairy,1.5,0.1,1.35,16,21.6,Debit card,277,0.7,0.8,12.8,53.333333333333336,19200,-5584.200000000003,0.70915625,🟡 At Risk,1630,3,4538.599999999999,0.11971386183698353,🟡 Medium,Dairy,550,1.1310733333333334,2
1130,2024-10-14,10,Monday,8,Chalatenango,Chalatenango,16,Crema salvadoreña,Dairy,1.5,0.05,1.42,6,8.52,Cash,135,0.7,0.8,4.800000000000001,53.333333333333336,18000,-1665.6599999999962,0.907463333333334,🟢 On Track,1630,3,5444.780000000002,0.09978976805919307,🟢 High,Dairy,550,1.1310733333333334,2
1131,2024-11-11,11,Monday,7,La Libertad,La Libertad,16,Crema salvadoreña,Dairy,1.5,0.15,1.27,12,15.24,Transfer,165,0.7,0.8,9.600000000000001,53.333333333333336,16800,-6134.490000000002,0.634851785714286,🔴 Below Target,1630,3,3555.1699999999996,0.15282907240253868,🔴 Low,Dairy,550,1.1310733333333334,2
1132,2024-10-29,10,Tuesday,1,San Salvador Centro,San Salvador,2,Pupusas de frijol,Traditional Food,0.5,0.0,0.5,2,1.0,Credit card,179,0.2,0.3,0.6,60.0,21600,-7478.849999999997,0.653756944444444,🔴 Below Target,1630,3,4707.050000000001,0.11542969234092122,🟡 Medium,Traditional Food,1950,0.531975128205128,3
1133,2024-07-13,7,Saturday,6,Usulután,Usulután,1,Pupusas de queso,Traditional Food,0.5,0.0,0.5,4,2.0,Cash,183,0.25,0.25,1.0,50.0,16800,-4396.6900000000005,0.738292261904762,🟡 At Risk,1630,3,4134.4366666666665,0.13141653316735613,🟡 Medium,Traditional Food,1950,0.531975128205128,3
1134,2024-01-29,1,Monday,6,Usulután,Usulután,14,Frijoles rojos 1lb,Groceries,1.2,0.0,1.2,8,9.6,Cash,160,0.65,0.5499999999999999,4.3999999999999995,45.83333333333333,16800,-4396.6900000000005,0.738292261904762,🟡 At Risk,1630,3,4134.4366666666665,0.13141653316735613,🟡 Medium,Groceries,350,2.290714285714286,1
1135,2024-06-05,6,Wednesday,2,Santa Ana,Santa Ana,3,Tamales de elote,Traditional Food,1.0,0.0,1.0,4,4.0,Cash,276,0.55,0.44999999999999996,1.7999999999999998,44.99999999999999,19200,-5584.200000000003,0.70915625,🟡 At Risk,1630,3,4538.599999999999,0.11971386183698353,🟡 Medium,Traditional Food,1950,0.531975128205128,3
1136,2024-08-23,8,Friday,1,San Salvador Centro,San Salvador,11,Jarrito de barro,Handicrafts,8.0,0.05,7.6,14,106.4,Debit card,216,3.5,4.5,63.0,56.25,21600,-7478.849999999997,0.653756944444444,🔴 Below Target,1630,3,4707.050000000001,0.11542969234092122,🟡 Medium,Handicrafts,2250,2.939564814814815,3
1137,2024-12-22,12,Sunday,1,San Salvador Centro,San Salvador,9,Camisa guayabera,Clothing,18.0,0.05,17.1,16,273.6,Cash,163,9.0,9.0,144.0,50.0,21600,-7478.849999999997,0.653756944444444,🔴 Below Target,1630,3,4707.050000000001,0.11542969234092122,🟡 Medium,Clothing,400,0.89325,1
1138,2024-06-14,6,Friday,7,La Libertad,La Libertad,13,Aceite vegetal 1L,Groceries,2.8,0.0,2.8,19,53.2,Credit card,52,1.8,0.9999999999999998,18.999999999999996,35.71428571428571,16800,-6134.490000000002,0.634851785714286,🔴 Below Target,1630,3,3555.1699999999996,0.15282907240253868,🔴 Low,Groceries,350,2.290714285714286,1
1139,2024-09-11,9,Wednesday,6,Usulután,Usulután,7,Café salvadoreño,Beverages,1.5,0.15,1.27,17,21.59,Credit card,174,0.65,0.85,14.45,56.666666666666664,16800,-4396.6900000000005,0.738292261904762,🟡 At Risk,1630,3,4134.4366666666665,0.13141653316735613,🟡 Medium,Beverages,500,1.2037333333333333,2
1140,2024-07-05,7,Friday,5,Metrocentro,San Salvador,6,Kolachampán,Beverages,0.75,0.0,0.75,14,10.5,Cash,434,0.35,0.4,5.6000000000000005,53.333333333333336,20400,-7248.4400000000005,0.64468431372549,🔴 Below Target,1630,3,4383.8533333333335,0.12393966951449106,🟡 Medium,Beverages,500,1.2037333333333333,2
1141,2024-05-27,5,Monday,4,Soyapango,San Salvador,3,Tamales de elote,Traditional Food,1.0,0.0,1.0,9,9.0,Cash,294,0.55,0.44999999999999996,4.05,44.99999999999999,19200,-7206.970000000003,0.624636979166666,🔴 Below Target,1630,3,3997.676666666666,0.13591227571347694,🔴 Low,Traditional Food,1950,0.531975128205128,3
1142,2024-11-15,11,Friday,4,Soyapango,San Salvador,13,Aceite vegetal 1L,Groceries,2.8,0.1,2.52,3,7.56,Credit card,49,1.8,0.9999999999999998,2.999999999999999,35.71428571428571,19200,-7206.970000000003,0.624636979166666,🔴 Below Target,1630,3,3997.676666666666,0.13591227571347694,🔴 Low,Groceries,350,2.290714285714286,1
1143,2024-02-04,2,Sunday,5,Metrocentro,San Salvador,11,Jarrito de barro,Handicrafts,8.0,0.15,6.8,19,129.2,Debit card,219,3.5,4.5,85.5,56.25,20400,-7248.4400000000005,0.64468431372549,🔴 Below Target,1630,3,4383.8533333333335,0.12393966951449106,🟡 Medium,Handicrafts,2250,2.939564814814815,3
1144,2024-02-09,2,Friday,6,Usulután,Usulután,7,Café salvadoreño,Beverages,1.5,0.05,1.42,10,14.2,Credit card,222,0.65,0.85,8.5,56.666666666666664,16800,-4396.6900000000005,0.738292261904762,🟡 At Risk,1630,3,4134.4366666666665,0.13141653316735613,🟡 Medium,Beverages,500,1.2037333333333333,2
1145,2024-04-12,4,Friday,6,Usulután,Usulután,18,Curtido en frasco,Groceries,2.0,0.0,2.0,14,28.0,Cash,264,0.9,1.1,15.400000000000002,55.00000000000001,16800,-4396.6900000000005,0.738292261904762,🟡 At Risk,1630,3,4134.4366666666665,0.13141653316735613,🟡 Medium,Groceries,350,2.290714285714286,1
1146,2024-01-10,1,Wednesday,3,San Miguel,San Miguel,15,Arroz blanco 1lb,Groceries,0.9,0.15,0.77,17,13.09,Cash,256,0.45,0.45,7.65,50.0,18000,-6378.879999999992,0.645617777777778,🔴 Below Target,1630,3,3873.706666666669,0.14026186804714166,🔴 Low,Groceries,350,2.290714285714286,1
1147,2024-05-17,5,Friday,8,Chalatenango,Chalatenango,7,Café salvadoreño,Beverages,1.5,0.15,1.27,18,22.86,Debit card,394,0.65,0.85,15.299999999999999,56.666666666666664,18000,-1665.6599999999962,0.907463333333334,🟢 On Track,1630,3,5444.780000000002,0.09978976805919307,🟢 High,Beverages,500,1.2037333333333333,2
1148,2024-09-24,9,Tuesday,1,San Salvador Centro,San Salvador,14,Frijoles rojos 1lb,Groceries,1.2,0.0,1.2,7,8.4,Cash,124,0.65,0.5499999999999999,3.8499999999999996,45.83333333333333,21600,-7478.849999999997,0.653756944444444,🔴 Below Target,1630,3,4707.050000000001,0.11542969234092122,🟡 Medium,Groceries,350,2.290714285714286,1
1149,2024-08-10,8,Saturday,5,Metrocentro,San Salvador,5,Atol de elote,Beverages,1.0,0.0,1.0,14,14.0,Credit card,467,0.45,0.55,7.700000000000001,55.00000000000001,20400,-7248.4400000000005,0.64468431372549,🔴 Below Target,1630,3,4383.8533333333335,0.12393966951449106,🟡 Medium,Beverages,500,1.2037333333333333,2
1150,2024-07-30,7,Tuesday,4,Soyapango,San Salvador,3,Tamales de elote,Traditional Food,1.0,0.15,0.85,9,7.65,Cash,83,0.55,0.44999999999999996,4.05,44.99999999999999,19200,-7206.970000000003,0.624636979166666,🔴 Below Target,1630,3,3997.676666666666,0.13591227571347694,🔴 Low,Traditional Food,1950,0.531975128205128,3
1151,2024-07-26,7,Friday,4,Soyapango,San Salvador,9,Camisa guayabera,Clothing,18.0,0.0,18.0,8,144.0,Cash,15,9.0,9.0,72.0,50.0,19200,-7206.970000000003,0.624636979166666,🔴 Below Target,1630,3,3997.676666666666,0.13591227571347694,🔴 Low,Clothing,400,0.89325,1
1152,2024-08-25,8,Sunday,5,Metrocentro,San Salvador,8,Fresco de tamarindo,Beverages,0.75,0.05,0.71,16,11.36,Transfer,217,0.3,0.45,7.2,60.0,20400,-7248.4400000000005,0.64468431372549,🔴 Below Target,1630,3,4383.8533333333335,0.12393966951449106,🟡 Medium,Beverages,500,1.2037333333333333,2
1153,2024-03-22,3,Friday,4,Soyapango,San Salvador,2,Pupusas de frijol,Traditional Food,0.5,0.0,0.5,9,4.5,Cash,405,0.2,0.3,2.6999999999999997,60.0,19200,-7206.970000000003,0.624636979166666,🔴 Below Target,1630,3,3997.676666666666,0.13591227571347694,🔴 Low,Traditional Food,1950,0.531975128205128,3
1154,2024-11-25,11,Monday,3,San Miguel,San Miguel,9,Camisa guayabera,Clothing,18.0,0.1,16.2,2,32.4,Cash,11,9.0,9.0,18.0,50.0,18000,-6378.879999999992,0.645617777777778,🔴 Below Target,1630,3,3873.706666666669,0.14026186804714166,🔴 Low,Clothing,400,0.89325,1
1155,2024-06-09,6,Sunday,2,Santa Ana,Santa Ana,2,Pupusas de frijol,Traditional Food,0.5,0.0,0.5,20,10.0,Credit card,462,0.2,0.3,6.0,60.0,19200,-5584.200000000003,0.70915625,🟡 At Risk,1630,3,4538.599999999999,0.11971386183698353,🟡 Medium,Traditional Food,1950,0.531975128205128,3
1156,2024-12-09,12,Monday,6,Usulután,Usulután,14,Frijoles rojos 1lb,Groceries,1.2,0.0,1.2,3,3.6,Bitcoin,371,0.65,0.5499999999999999,1.65,45.83333333333333,16800,-4396.6900000000005,0.738292261904762,🟡 At Risk,1630,3,4134.4366666666665,0.13141653316735613,🟡 Medium,Groceries,350,2.290714285714286,1
1157,2024-02-27,2,Tuesday,4,Soyapango,San Salvador,5,Atol de elote,Beverages,1.0,0.1,0.9,19,17.1,Debit card,62,0.45,0.55,10.450000000000001,55.00000000000001,19200,-7206.970000000003,0.624636979166666,🔴 Below Target,1630,3,3997.676666666666,0.13591227571347694,🔴 Low,Beverages,500,1.2037333333333333,2
1158,2024-09-11,9,Wednesday,5,Metrocentro,San Salvador,17,Queso duro blando,Dairy,3.5,0.0,3.5,3,10.5,Debit card,396,1.8,1.7,5.1,48.57142857142857,20400,-7248.4400000000005,0.64468431372549,🔴 Below Target,1630,3,4383.8533333333335,0.12393966951449106,🟡 Medium,Dairy,550,1.1310733333333334,2
1159,2024-10-26,10,Saturday,6,Usulután,Usulután,11,Jarrito de barro,Handicrafts,8.0,0.15,6.8,13,88.4,Debit card,121,3.5,4.5,58.5,56.25,16800,-4396.6900000000005,0.738292261904762,🟡 At Risk,1630,3,4134.4366666666665,0.13141653316735613,🟡 Medium,Handicrafts,2250,2.939564814814815,3
1160,2024-03-14,3,Thursday,4,Soyapango,San Salvador,14,Frijoles rojos 1lb,Groceries,1.2,0.0,1.2,4,4.8,Cash,141,0.65,0.5499999999999999,2.1999999999999997,45.83333333333333,19200,-7206.970000000003,0.624636979166666,🔴 Below Target,1630,3,3997.676666666666,0.13591227571347694,🔴 Low,Groceries,350,2.290714285714286,1
1161,2024-05-10,5,Friday,7,La Libertad,La Libertad,15,Arroz blanco 1lb,Groceries,0.9,0.0,0.9,19,17.1,Cash,192,0.45,0.45,8.55,50.0,16800,-6134.490000000002,0.634851785714286,🔴 Below Target,1630,3,3555.1699999999996,0.15282907240253868,🔴 Low,Groceries,350,2.290714285714286,1
1162,2024-10-06,10,Sunday,6,Usulután,Usulután,4,Yuca frita,Traditional Food,2.5,0.0,2.5,14,35.0,Debit card,494,1.2,1.3,18.2,52.0,16800,-4396.6900000000005,0.738292261904762,🟡 At Risk,1630,3,4134.4366666666665,0.13141653316735613,🟡 Medium,Traditional Food,1950,0.531975128205128,3
1163,2024-07-04,7,Thursday,3,San Miguel,San Miguel,9,Camisa guayabera,Clothing,18.0,0.1,16.2,16,259.2,Cash,158,9.0,9.0,144.0,50.0,18000,-6378.879999999992,0.645617777777778,🔴 Below Target,1630,3,3873.706666666669,0.14026186804714166,🔴 Low,Clothing,400,0.89325,1
1164,2024-12-05,12,Thursday,1,San Salvador Centro,San Salvador,1,Pupusas de queso,Traditional Food,0.5,0.1,0.45,2,0.9,Bitcoin,344,0.25,0.25,0.5,50.0,21600,-7478.849999999997,0.653756944444444,🔴 Below Target,1630,3,4707.050000000001,0.11542969234092122,🟡 Medium,Traditional Food,1950,0.531975128205128,3
1165,2024-10-09,10,Wednesday,5,Metrocentro,San Salvador,8,Fresco de tamarindo,Beverages,0.75,0.0,0.75,13,9.75,Debit card,359,0.3,0.45,5.8500000000000005,60.0,20400,-7248.4400000000005,0.64468431372549,🔴 Below Target,1630,3,4383.8533333333335,0.12393966951449106,🟡 Medium,Beverages,500,1.2037333333333333,2
1166,2024-09-30,9,Monday,2,Santa Ana,Santa Ana,12,Canasta de palma,Handicrafts,12.0,0.15,10.2,8,81.6,Cash,5,5.5,6.5,52.0,54.166666666666664,19200,-5584.200000000003,0.70915625,🟡 At Risk,1630,3,4538.599999999999,0.11971386183698353,🟡 Medium,Handicrafts,2250,2.939564814814815,3
1167,2024-06-03,6,Monday,5,Metrocentro,San Salvador,13,Aceite vegetal 1L,Groceries,2.8,0.15,2.38,3,7.14,Credit card,153,1.8,0.9999999999999998,2.999999999999999,35.71428571428571,20400,-7248.4400000000005,0.64468431372549,🔴 Below Target,1630,3,4383.8533333333335,0.12393966951449106,🟡 Medium,Groceries,350,2.290714285714286,1
1168,2024-08-12,8,Monday,3,San Miguel,San Miguel,7,Café salvadoreño,Beverages,1.5,0.15,1.27,11,13.97,Credit card,209,0.65,0.85,9.35,56.666666666666664,18000,-6378.879999999992,0.645617777777778,🔴 Below Target,1630,3,3873.706666666669,0.14026186804714166,🔴 Low,Beverages,500,1.2037333333333333,2
1169,2024-02-11,2,Sunday,5,Metrocentro,San Salvador,2,Pupusas de frijol,Traditional Food,0.5,0.0,0.5,16,8.0,Debit card,475,0.2,0.3,4.8,60.0,20400,-7248.4400000000005,0.64468431372549,🔴 Below Target,1630,3,4383.8533333333335,0.12393966951449106,🟡 Medium,Traditional Food,1950,0.531975128205128,3
1170,2024-02-21,2,Wednesday,7,La Libertad,La Libertad,11,Jarrito de barro,Handicrafts,8.0,0.1,7.2,6,43.2,Cash,34,3.5,4.5,27.0,56.25,16800,-6134.490000000002,0.634851785714286,🔴 Below Target,1630,3,3555.1699999999996,0.15282907240253868,🔴 Low,Handicrafts,2250,2.939564814814815,3
1171,2024-11-04,11,Monday,7,La Libertad,La Libertad,12,Canasta de palma,Handicrafts,12.0,0.1,10.8,18,194.4,Cash,356,5.5,6.5,117.0,54.166666666666664,16800,-6134.490000000002,0.634851785714286,🔴 Below Target,1630,3,3555.1699999999996,0.15282907240253868,🔴 Low,Handicrafts,2250,2.939564814814815,3
1172,2024-11-24,11,Sunday,1,San Salvador Centro,San Salvador,1,Pupusas de queso,Traditional Food,0.5,0.1,0.45,6,2.7,Cash,329,0.25,0.25,1.5,50.0,21600,-7478.849999999997,0.653756944444444,🔴 Below Target,1630,3,4707.050000000001,0.11542969234092122,🟡 Medium,Traditional Food,1950,0.531975128205128,3
1173,2024-07-24,7,Wednesday,1,San Salvador Centro,San Salvador,5,Atol de elote,Beverages,1.0,0.1,0.9,7,6.3,Cash,295,0.45,0.55,3.8500000000000005,55.00000000000001,21600,-7478.849999999997,0.653756944444444,🔴 Below Target,1630,3,4707.050000000001,0.11542969234092122,🟡 Medium,Beverages,500,1.2037333333333333,2
1174,2024-03-21,3,Thursday,2,Santa Ana,Santa Ana,3,Tamales de elote,Traditional Food,1.0,0.05,0.95,8,7.6,Debit card,394,0.55,0.44999999999999996,3.5999999999999996,44.99999999999999,19200,-5584.200000000003,0.70915625,🟡 At Risk,1630,3,4538.599999999999,0.11971386183698353,🟡 Medium,Traditional Food,1950,0.531975128205128,3
1175,2024-06-12,6,Wednesday,7,La Libertad,La Libertad,5,Atol de elote,Beverages,1.0,0.0,1.0,15,15.0,Credit card,69,0.45,0.55,8.25,55.00000000000001,16800,-6134.490000000002,0.634851785714286,🔴 Below Target,1630,3,3555.1699999999996,0.15282907240253868,🔴 Low,Beverages,500,1.2037333333333333,2
1176,2024-12-17,12,Tuesday,3,San Miguel,San Miguel,9,Camisa guayabera,Clothing,18.0,0.15,15.3,19,290.7,Cash,145,9.0,9.0,171.0,50.0,18000,-6378.879999999992,0.645617777777778,🔴 Below Target,1630,3,3873.706666666669,0.14026186804714166,🔴 Low,Clothing,400,0.89325,1
1177,2024-07-31,7,Wednesday,2,Santa Ana,Santa Ana,7,Café salvadoreño,Beverages,1.5,0.0,1.5,12,18.0,Cash,194,0.65,0.85,10.2,56.666666666666664,19200,-5584.200000000003,0.70915625,🟡 At Risk,1630,3,4538.599999999999,0.11971386183698353,🟡 Medium,Beverages,500,1.2037333333333333,2
1178,2024-01-12,1,Friday,1,San Salvador Centro,San Salvador,8,Fresco de tamarindo,Beverages,0.75,0.1,0.68,18,12.24,Debit card,118,0.3,0.45,8.1,60.0,21600,-7478.849999999997,0.653756944444444,🔴 Below Target,1630,3,4707.050000000001,0.11542969234092122,🟡 Medium,Beverages,500,1.2037333333333333,2
1179,2024-04-11,4,Thursday,8,Chalatenango,Chalatenango,3,Tamales de elote,Traditional Food,1.0,0.1,0.9,9,8.1,Credit card,26,0.55,0.44999999999999996,4.05,44.99999999999999,18000,-1665.6599999999962,0.907463333333334,🟢 On Track,1630,3,5444.780000000002,0.09978976805919307,🟢 High,Traditional Food,1950,0.531975128205128,3
1180,2024-11-03,11,Sunday,7,La Libertad,La Libertad,13,Aceite vegetal 1L,Groceries,2.8,0.0,2.8,9,25.2,Cash,189,1.8,0.9999999999999998,8.999999999999998,35.71428571428571,16800,-6134.490000000002,0.634851785714286,🔴 Below Target,1630,3,3555.1699999999996,0.15282907240253868,🔴 Low,Groceries,350,2.290714285714286,1
1181,2024-01-08,1,Monday,2,Santa Ana,Santa Ana,6,Kolachampán,Beverages,0.75,0.0,0.75,17,12.75,Credit card,476,0.35,0.4,6.800000000000001,53.333333333333336,19200,-5584.200000000003,0.70915625,🟡 At Risk,1630,3,4538.599999999999,0.11971386183698353,🟡 Medium,Beverages,500,1.2037333333333333,2
1182,2024-03-01,3,Friday,8,Chalatenango,Chalatenango,15,Arroz blanco 1lb,Groceries,0.9,0.1,0.81,8,6.48,Cash,485,0.45,0.45,3.6,50.0,18000,-1665.6599999999962,0.907463333333334,🟢 On Track,1630,3,5444.780000000002,0.09978976805919307,🟢 High,Groceries,350,2.290714285714286,1
1183,2024-09-10,9,Tuesday,5,Metrocentro,San Salvador,9,Camisa guayabera,Clothing,18.0,0.0,18.0,13,234.0,Cash,106,9.0,9.0,117.0,50.0,20400,-7248.4400000000005,0.64468431372549,🔴 Below Target,1630,3,4383.8533333333335,0.12393966951449106,🟡 Medium,Clothing,400,0.89325,1
1184,2024-12-12,12,Thursday,5,Metrocentro,San Salvador,7,Café salvadoreño,Beverages,1.5,0.0,1.5,7,10.5,Cash,406,0.65,0.85,5.95,56.666666666666664,20400,-7248.4400000000005,0.64468431372549,🔴 Below Target,1630,3,4383.8533333333335,0.12393966951449106,🟡 Medium,Beverages,500,1.2037333333333333,2
1185,2024-05-28,5,Tuesday,1,San Salvador Centro,San Salvador,5,Atol de elote,Beverages,1.0,0.0,1.0,9,9.0,Debit card,465,0.45,0.55,4.95,55.00000000000001,21600,-7478.849999999997,0.653756944444444,🔴 Below Target,1630,3,4707.050000000001,0.11542969234092122,🟡 Medium,Beverages,500,1.2037333333333333,2
1186,2024-10-25,10,Friday,6,Usulután,Usulután,8,Fresco de tamarindo,Beverages,0.75,0.0,0.75,15,11.25,Cash,69,0.3,0.45,6.75,60.0,16800,-4396.6900000000005,0.738292261904762,🟡 At Risk,1630,3,4134.4366666666665,0.13141653316735613,🟡 Medium,Beverages,500,1.2037333333333333,2
1187,2024-12-17,12,Tuesday,7,La Libertad,La Libertad,11,Jarrito de barro,Handicrafts,8.0,0.1,7.2,7,50.4,Cash,217,3.5,4.5,31.5,56.25,16800,-6134.490000000002,0.634851785714286,🔴 Below Target,1630,3,3555.1699999999996,0.15282907240253868,🔴 Low,Handicrafts,2250,2.939564814814815,3
1188,2024-02-18,2,Sunday,2,Santa Ana,Santa Ana,9,Camisa guayabera,Clothing,18.0,0.0,18.0,18,324.0,Cash,477,9.0,9.0,162.0,50.0,19200,-5584.200000000003,0.70915625,🟡 At Risk,1630,3,4538.599999999999,0.11971386183698353,🟡 Medium,Clothing,400,0.89325,1
1189,2024-06-30,6,Sunday,8,Chalatenango,Chalatenango,8,Fresco de tamarindo,Beverages,0.75,0.1,0.68,20,13.6,Transfer,307,0.3,0.45,9.0,60.0,18000,-1665.6599999999962,0.907463333333334,🟢 On Track,1630,3,5444.780000000002,0.09978976805919307,🟢 High,Beverages,500,1.2037333333333333,2
1190,2024-05-09,5,Thursday,1,San Salvador Centro,San Salvador,2,Pupusas de frijol,Traditional Food,0.5,0.05,0.47,17,7.99,Cash,203,0.2,0.3,5.1,60.0,21600,-7478.849999999997,0.653756944444444,🔴 Below Target,1630,3,4707.050000000001,0.11542969234092122,🟡 Medium,Traditional Food,1950,0.531975128205128,3
1191,2024-10-13,10,Sunday,3,San Miguel,San Miguel,12,Canasta de palma,Handicrafts,12.0,0.05,11.4,2,22.8,Cash,87,5.5,6.5,13.0,54.166666666666664,18000,-6378.879999999992,0.645617777777778,🔴 Below Target,1630,3,3873.706666666669,0.14026186804714166,🔴 Low,Handicrafts,2250,2.939564814814815,3
1192,2024-06-22,6,Saturday,8,Chalatenango,Chalatenango,17,Queso duro blando,Dairy,3.5,0.0,3.5,15,52.5,Cash,364,1.8,1.7,25.5,48.57142857142857,18000,-1665.6599999999962,0.907463333333334,🟢 On Track,1630,3,5444.780000000002,0.09978976805919307,🟢 High,Dairy,550,1.1310733333333334,2
1193,2024-03-13,3,Wednesday,7,La Libertad,La Libertad,17,Queso duro blando,Dairy,3.5,0.0,3.5,9,31.5,Cash,66,1.8,1.7,15.299999999999999,48.57142857142857,16800,-6134.490000000002,0.634851785714286,🔴 Below Target,1630,3,3555.1699999999996,0.15282907240253868,🔴 Low,Dairy,550,1.1310733333333334,2
1194,2024-07-03,7,Wednesday,5,Metrocentro,San Salvador,16,Crema salvadoreña,Dairy,1.5,0.0,1.5,14,21.0,Bitcoin,135,0.7,0.8,11.200000000000001,53.333333333333336,20400,-7248.4400000000005,0.64468431372549,🔴 Below Target,1630,3,4383.8533333333335,0.12393966951449106,🟡 Medium,Dairy,550,1.1310733333333334,2
1195,2024-08-11,8,Sunday,6,Usulután,Usulután,9,Camisa guayabera,Clothing,18.0,0.0,18.0,6,108.0,Debit card,252,9.0,9.0,54.0,50.0,16800,-4396.6900000000005,0.738292261904762,🟡 At Risk,1630,3,4134.4366666666665,0.13141653316735613,🟡 Medium,Clothing,400,0.89325,1
1196,2024-01-28,1,Sunday,8,Chalatenango,Chalatenango,5,Atol de elote,Beverages,1.0,0.0,1.0,7,7.0,Cash,94,0.45,0.55,3.8500000000000005,55.00000000000001,18000,-1665.6599999999962,0.907463333333334,🟢 On Track,1630,3,5444.780000000002,0.09978976805919307,🟢 High,Beverages,500,1.2037333333333333,2
1197,2024-05-13,5,Monday,8,Chalatenango,Chalatenango,2,Pupusas de frijol,Traditional Food,0.5,0.1,0.45,6,2.7,Cash,60,0.2,0.3,1.7999999999999998,60.0,18000,-1665.6599999999962,0.907463333333334,🟢 On Track,1630,3,5444.780000000002,0.09978976805919307,🟢 High,Traditional Food,1950,0.531975128205128,3
1198,2024-08-14,8,Wednesday,1,San Salvador Centro,San Salvador,16,Crema salvadoreña,Dairy,1.5,0.1,1.35,12,16.2,Debit card,235,0.7,0.8,9.600000000000001,53.333333333333336,21600,-7478.849999999997,0.653756944444444,🔴 Below Target,1630,3,4707.050000000001,0.11542969234092122,🟡 Medium,Dairy,550,1.1310733333333334,2
1199,2024-03-16,3,Saturday,2,Santa Ana,Santa Ana,16,Crema salvadoreña,Dairy,1.5,0.0,1.5,4,6.0,Cash,445,0.7,0.8,3.2,53.333333333333336,19200,-5584.200000000003,0.70915625,🟡 At Risk,1630,3,4538.599999999999,0.11971386183698353,🟡 Medium,Dairy,550,1.1310733333333334,2
1200,2024-03-27,3,Wednesday,3,San Miguel,San Miguel,10,Hamaca artesanal,Handicrafts,35.0,0.15,29.75,17,505.75,Cash,457,18.0,17.0,289.0,48.57142857142857,18000,-6378.879999999992,0.645617777777778,🔴 Below Target,1630,3,3873.706666666669,0.14026186804714166,🔴 Low,Handicrafts,2250,2.939564814814815,3
1201,2024-09-26,9,Thursday,1,San Salvador Centro,San Salvador,7,Café salvadoreño,Beverages,1.5,0.0,1.5,19,28.5,Cash,40,0.65,0.85,16.15,56.666666666666664,21600,-7478.849999999997,0.653756944444444,🔴 Below Target,1630,3,4707.050000000001,0.11542969234092122,🟡 Medium,Beverages,500,1.2037333333333333,2
1202,2024-12-12,12,Thursday,8,Chalatenango,Chalatenango,8,Fresco de tamarindo,Beverages,0.75,0.0,0.75,4,3.0,Cash,349,0.3,0.45,1.8,60.0,18000,-1665.6599999999962,0.907463333333334,🟢 On Track,1630,3,5444.780000000002,0.09978976805919307,🟢 High,Beverages,500,1.2037333333333333,2
1203,2024-07-10,7,Wednesday,7,La Libertad,La Libertad,4,Yuca frita,Traditional Food,2.5,0.0,2.5,19,47.5,Credit card,79,1.2,1.3,24.7,52.0,16800,-6134.490000000002,0.634851785714286,🔴 Below Target,1630,3,3555.1699999999996,0.15282907240253868,🔴 Low,Traditional Food,1950,0.531975128205128,3
1204,2024-08-23,8,Friday,2,Santa Ana,Santa Ana,1,Pupusas de queso,Traditional Food,0.5,0.0,0.5,16,8.0,Debit card,138,0.25,0.25,4.0,50.0,19200,-5584.200000000003,0.70915625,🟡 At Risk,1630,3,4538.599999999999,0.11971386183698353,🟡 Medium,Traditional Food,1950,0.531975128205128,3
1205,2024-01-23,1,Tuesday,6,Usulután,Usulután,1,Pupusas de queso,Traditional Food,0.5,0.0,0.5,20,10.0,Cash,375,0.25,0.25,5.0,50.0,16800,-4396.6900000000005,0.738292261904762,🟡 At Risk,1630,3,4134.4366666666665,0.13141653316735613,🟡 Medium,Traditional Food,1950,0.531975128205128,3
1206,2024-01-25,1,Thursday,4,Soyapango,San Salvador,5,Atol de elote,Beverages,1.0,0.0,1.0,10,10.0,Credit card,381,0.45,0.55,5.5,55.00000000000001,19200,-7206.970000000003,0.624636979166666,🔴 Below Target,1630,3,3997.676666666666,0.13591227571347694,🔴 Low,Beverages,500,1.2037333333333333,2
1207,2024-02-17,2,Saturday,7,La Libertad,La Libertad,3,Tamales de elote,Traditional Food,1.0,0.0,1.0,13,13.0,Cash,495,0.55,0.44999999999999996,5.85,44.99999999999999,16800,-6134.490000000002,0.634851785714286,🔴 Below Target,1630,3,3555.1699999999996,0.15282907240253868,🔴 Low,Traditional Food,1950,0.531975128205128,3
1208,2024-01-11,1,Thursday,2,Santa Ana,Santa Ana,13,Aceite vegetal 1L,Groceries,2.8,0.0,2.8,7,19.6,Cash,207,1.8,0.9999999999999998,6.999999999999998,35.71428571428571,19200,-5584.200000000003,0.70915625,🟡 At Risk,1630,3,4538.599999999999,0.11971386183698353,🟡 Medium,Groceries,350,2.290714285714286,1
1209,2024-03-02,3,Saturday,3,San Miguel,San Miguel,10,Hamaca artesanal,Handicrafts,35.0,0.0,35.0,10,350.0,Credit card,377,18.0,17.0,170.0,48.57142857142857,18000,-6378.879999999992,0.645617777777778,🔴 Below Target,1630,3,3873.706666666669,0.14026186804714166,🔴 Low,Handicrafts,2250,2.939564814814815,3
1210,2024-07-02,7,Tuesday,3,San Miguel,San Miguel,10,Hamaca artesanal,Handicrafts,35.0,0.15,29.75,4,119.0,Cash,103,18.0,17.0,68.0,48.57142857142857,18000,-6378.879999999992,0.645617777777778,🔴 Below Target,1630,3,3873.706666666669,0.14026186804714166,🔴 Low,Handicrafts,2250,2.939564814814815,3
1211,2024-07-17,7,Wednesday,8,Chalatenango,Chalatenango,16,Crema salvadoreña,Dairy,1.5,0.0,1.5,16,24.0,Debit card,217,0.7,0.8,12.8,53.333333333333336,18000,-1665.6599999999962,0.907463333333334,🟢 On Track,1630,3,5444.780000000002,0.09978976805919307,🟢 High,Dairy,550,1.1310733333333334,2
1212,2024-07-07,7,Sunday,7,La Libertad,La Libertad,3,Tamales de elote,Traditional Food,1.0,0.0,1.0,20,20.0,Cash,219,0.55,0.44999999999999996,9.0,44.99999999999999,16800,-6134.490000000002,0.634851785714286,🔴 Below Target,1630,3,3555.1699999999996,0.15282907240253868,🔴 Low,Traditional Food,1950,0.531975128205128,3
1213,2024-09-19,9,Thursday,1,San Salvador Centro,San Salvador,3,Tamales de elote,Traditional Food,1.0,0.0,1.0,11,11.0,Debit card,332,0.55,0.44999999999999996,4.949999999999999,44.99999999999999,21600,-7478.849999999997,0.653756944444444,🔴 Below Target,1630,3,4707.050000000001,0.11542969234092122,🟡 Medium,Traditional Food,1950,0.531975128205128,3
1214,2024-09-26,9,Thursday,8,Chalatenango,Chalatenango,5,Atol de elote,Beverages,1.0,0.0,1.0,17,17.0,Cash,224,0.45,0.55,9.350000000000001,55.00000000000001,18000,-1665.6599999999962,0.907463333333334,🟢 On Track,1630,3,5444.780000000002,0.09978976805919307,🟢 High,Beverages,500,1.2037333333333333,2
1215,2024-06-02,6,Sunday,8,Chalatenango,Chalatenango,3,Tamales de elote,Traditional Food,1.0,0.0,1.0,5,5.0,Debit card,154,0.55,0.44999999999999996,2.25,44.99999999999999,18000,-1665.6599999999962,0.907463333333334,🟢 On Track,1630,3,5444.780000000002,0.09978976805919307,🟢 High,Traditional Food,1950,0.531975128205128,3
1216,2024-05-31,5,Friday,7,La Libertad,La Libertad,8,Fresco de tamarindo,Beverages,0.75,0.0,0.75,19,14.25,Debit card,470,0.3,0.45,8.55,60.0,16800,-6134.490000000002,0.634851785714286,🔴 Below Target,1630,3,3555.1699999999996,0.15282907240253868,🔴 Low,Beverages,500,1.2037333333333333,2
1217,2024-09-18,9,Wednesday,2,Santa Ana,Santa Ana,2,Pupusas de frijol,Traditional Food,0.5,0.0,0.5,14,7.0,Cash,339,0.2,0.3,4.2,60.0,19200,-5584.200000000003,0.70915625,🟡 At Risk,1630,3,4538.599999999999,0.11971386183698353,🟡 Medium,Traditional Food,1950,0.531975128205128,3
1218,2024-05-10,5,Friday,6,Usulután,Usulután,9,Camisa guayabera,Clothing,18.0,0.0,18.0,19,342.0,Credit card,9,9.0,9.0,171.0,50.0,16800,-4396.6900000000005,0.738292261904762,🟡 At Risk,1630,3,4134.4366666666665,0.13141653316735613,🟡 Medium,Clothing,400,0.89325,1
1219,2024-04-01,4,Monday,8,Chalatenango,Chalatenango,4,Yuca frita,Traditional Food,2.5,0.15,2.12,6,12.72,Cash,43,1.2,1.3,7.800000000000001,52.0,18000,-1665.6599999999962,0.907463333333334,🟢 On Track,1630,3,5444.780000000002,0.09978976805919307,🟢 High,Traditional Food,1950,0.531975128205128,3
1220,2024-06-09,6,Sunday,5,Metrocentro,San Salvador,14,Frijoles rojos 1lb,Groceries,1.2,0.1,1.08,19,20.52,Cash,344,0.65,0.5499999999999999,10.45,45.83333333333333,20400,-7248.4400000000005,0.64468431372549,🔴 Below Target,1630,3,4383.8533333333335,0.12393966951449106,🟡 Medium,Groceries,350,2.290714285714286,1
1221,2024-06-23,6,Sunday,5,Metrocentro,San Salvador,15,Arroz blanco 1lb,Groceries,0.9,0.0,0.9,6,5.4,Cash,383,0.45,0.45,2.7,50.0,20400,-7248.4400000000005,0.64468431372549,🔴 Below Target,1630,3,4383.8533333333335,0.12393966951449106,🟡 Medium,Groceries,350,2.290714285714286,1
1222,2024-08-10,8,Saturday,2,Santa Ana,Santa Ana,9,Camisa guayabera,Clothing,18.0,0.0,18.0,18,324.0,Cash,60,9.0,9.0,162.0,50.0,19200,-5584.200000000003,0.70915625,🟡 At Risk,1630,3,4538.599999999999,0.11971386183698353,🟡 Medium,Clothing,400,0.89325,1
1223,2024-12-01,12,Sunday,3,San Miguel,San Miguel,1,Pupusas de queso,Traditional Food,0.5,0.0,0.5,16,8.0,Debit card,445,0.25,0.25,4.0,50.0,18000,-6378.879999999992,0.645617777777778,🔴 Below Target,1630,3,3873.706666666669,0.14026186804714166,🔴 Low,Traditional Food,1950,0.531975128205128,3
1224,2024-11-12,11,Tuesday,5,Metrocentro,San Salvador,16,Crema salvadoreña,Dairy,1.5,0.0,1.5,20,30.0,Debit card,494,0.7,0.8,16.0,53.333333333333336,20400,-7248.4400000000005,0.64468431372549,🔴 Below Target,1630,3,4383.8533333333335,0.12393966951449106,🟡 Medium,Dairy,550,1.1310733333333334,2
1225,2024-02-14,2,Wednesday,5,Metrocentro,San Salvador,13,Aceite vegetal 1L,Groceries,2.8,0.0,2.8,5,14.0,Cash,58,1.8,0.9999999999999998,4.999999999999999,35.71428571428571,20400,-7248.4400000000005,0.64468431372549,🔴 Below Target,1630,3,4383.8533333333335,0.12393966951449106,🟡 Medium,Groceries,350,2.290714285714286,1
1226,2024-01-14,1,Sunday,4,Soyapango,San Salvador,1,Pupusas de queso,Traditional Food,0.5,0.0,0.5,7,3.5,Debit card,333,0.25,0.25,1.75,50.0,19200,-7206.970000000003,0.624636979166666,🔴 Below Target,1630,3,3997.676666666666,0.13591227571347694,🔴 Low,Traditional Food,1950,0.531975128205128,3
1227,2024-11-16,11,Saturday,7,La Libertad,La Libertad,8,Fresco de tamarindo,Beverages,0.75,0.0,0.75,18,13.5,Cash,395,0.3,0.45,8.1,60.0,16800,-6134.490000000002,0.634851785714286,🔴 Below Target,1630,3,3555.1699999999996,0.15282907240253868,🔴 Low,Beverages,500,1.2037333333333333,2
1228,2024-08-30,8,Friday,3,San Miguel,San Miguel,15,Arroz blanco 1lb,Groceries,0.9,0.0,0.9,14,12.6,Cash,463,0.45,0.45,6.3,50.0,18000,-6378.879999999992,0.645617777777778,🔴 Below Target,1630,3,3873.706666666669,0.14026186804714166,🔴 Low,Groceries,350,2.290714285714286,1
1229,2024-09-05,9,Thursday,8,Chalatenango,Chalatenango,5,Atol de elote,Beverages,1.0,0.0,1.0,16,16.0,Credit card,300,0.45,0.55,8.8,55.00000000000001,18000,-1665.6599999999962,0.907463333333334,🟢 On Track,1630,3,5444.780000000002,0.09978976805919307,🟢 High,Beverages,500,1.2037333333333333,2
1230,2024-05-30,5,Thursday,4,Soyapango,San Salvador,8,Fresco de tamarindo,Beverages,0.75,0.15,0.64,19,12.16,Credit card,27,0.3,0.45,8.55,60.0,19200,-7206.970000000003,0.624636979166666,🔴 Below Target,1630,3,3997.676666666666,0.13591227571347694,🔴 Low,Beverages,500,1.2037333333333333,2
1231,2024-02-22,2,Thursday,1,San Salvador Centro,San Salvador,11,Jarrito de barro,Handicrafts,8.0,0.0,8.0,14,112.0,Credit card,378,3.5,4.5,63.0,56.25,21600,-7478.849999999997,0.653756944444444,🔴 Below Target,1630,3,4707.050000000001,0.11542969234092122,🟡 Medium,Handicrafts,2250,2.939564814814815,3
1232,2024-01-19,1,Friday,5,Metrocentro,San Salvador,18,Curtido en frasco,Groceries,2.0,0.0,2.0,16,32.0,Cash,303,0.9,1.1,17.6,55.00000000000001,20400,-7248.4400000000005,0.64468431372549,🔴 Below Target,1630,3,4383.8533333333335,0.12393966951449106,🟡 Medium,Groceries,350,2.290714285714286,1
1233,2024-02-01,2,Thursday,4,Soyapango,San Salvador,16,Crema salvadoreña,Dairy,1.5,0.0,1.5,17,25.5,Cash,162,0.7,0.8,13.600000000000001,53.333333333333336,19200,-7206.970000000003,0.624636979166666,🔴 Below Target,1630,3,3997.676666666666,0.13591227571347694,🔴 Low,Dairy,550,1.1310733333333334,2
1234,2024-05-17,5,Friday,2,Santa Ana,Santa Ana,18,Curtido en frasco,Groceries,2.0,0.0,2.0,14,28.0,Cash,319,0.9,1.1,15.400000000000002,55.00000000000001,19200,-5584.200000000003,0.70915625,🟡 At Risk,1630,3,4538.599999999999,0.11971386183698353,🟡 Medium,Groceries,350,2.290714285714286,1
1235,2024-12-23,12,Monday,8,Chalatenango,Chalatenango,12,Canasta de palma,Handicrafts,12.0,0.0,12.0,14,168.0,Cash,372,5.5,6.5,91.0,54.166666666666664,18000,-1665.6599999999962,0.907463333333334,🟢 On Track,1630,3,5444.780000000002,0.09978976805919307,🟢 High,Handicrafts,2250,2.939564814814815,3
1236,2024-06-25,6,Tuesday,8,Chalatenango,Chalatenango,7,Café salvadoreño,Beverages,1.5,0.0,1.5,15,22.5,Debit card,301,0.65,0.85,12.75,56.666666666666664,18000,-1665.6599999999962,0.907463333333334,🟢 On Track,1630,3,5444.780000000002,0.09978976805919307,🟢 High,Beverages,500,1.2037333333333333,2
1237,2024-03-08,3,Friday,8,Chalatenango,Chalatenango,11,Jarrito de barro,Handicrafts,8.0,0.1,7.2,10,72.0,Debit card,492,3.5,4.5,45.0,56.25,18000,-1665.6599999999962,0.907463333333334,🟢 On Track,1630,3,5444.780000000002,0.09978976805919307,🟢 High,Handicrafts,2250,2.939564814814815,3
1238,2024-08-29,8,Thursday,6,Usulután,Usulután,14,Frijoles rojos 1lb,Groceries,1.2,0.05,1.14,6,6.84,Cash,354,0.65,0.5499999999999999,3.3,45.83333333333333,16800,-4396.6900000000005,0.738292261904762,🟡 At Risk,1630,3,4134.4366666666665,0.13141653316735613,🟡 Medium,Groceries,350,2.290714285714286,1
1239,2024-03-07,3,Thursday,8,Chalatenango,Chalatenango,3,Tamales de elote,Traditional Food,1.0,0.0,1.0,6,6.0,Cash,252,0.55,0.44999999999999996,2.6999999999999997,44.99999999999999,18000,-1665.6599999999962,0.907463333333334,🟢 On Track,1630,3,5444.780000000002,0.09978976805919307,🟢 High,Traditional Food,1950,0.531975128205128,3
1240,2024-09-09,9,Monday,7,La Libertad,La Libertad,4,Yuca frita,Traditional Food,2.5,0.0,2.5,10,25.0,Cash,25,1.2,1.3,13.0,52.0,16800,-6134.490000000002,0.634851785714286,🔴 Below Target,1630,3,3555.1699999999996,0.15282907240253868,🔴 Low,Traditional Food,1950,0.531975128205128,3
1241,2024-05-13,5,Monday,6,Usulután,Usulután,1,Pupusas de queso,Traditional Food,0.5,0.1,0.45,12,5.4,Cash,424,0.25,0.25,3.0,50.0,16800,-4396.6900000000005,0.738292261904762,🟡 At Risk,1630,3,4134.4366666666665,0.13141653316735613,🟡 Medium,Traditional Food,1950,0.531975128205128,3
1242,2024-02-02,2,Friday,1,San Salvador Centro,San Salvador,17,Queso duro blando,Dairy,3.5,0.0,3.5,11,38.5,Cash,117,1.8,1.7,18.7,48.57142857142857,21600,-7478.849999999997,0.653756944444444,🔴 Below Target,1630,3,4707.050000000001,0.11542969234092122,🟡 Medium,Dairy,550,1.1310733333333334,2
1243,2024-09-06,9,Friday,4,Soyapango,San Salvador,4,Yuca frita,Traditional Food,2.5,0.0,2.5,9,22.5,Credit card,394,1.2,1.3,11.700000000000001,52.0,19200,-7206.970000000003,0.624636979166666,🔴 Below Target,1630,3,3997.676666666666,0.13591227571347694,🔴 Low,Traditional Food,1950,0.531975128205128,3
1244,2024-03-18,3,Monday,5,Metrocentro,San Salvador,2,Pupusas de frijol,Traditional Food,0.5,0.05,0.47,17,7.99,Debit card,362,0.2,0.3,5.1,60.0,20400,-7248.4400000000005,0.64468431372549,🔴 Below Target,1630,3,4383.8533333333335,0.12393966951449106,🟡 Medium,Traditional Food,1950,0.531975128205128,3
1245,2024-08-22,8,Thursday,8,Chalatenango,Chalatenango,2,Pupusas de frijol,Traditional Food,0.5,0.0,0.5,4,2.0,Credit card,313,0.2,0.3,1.2,60.0,18000,-1665.6599999999962,0.907463333333334,🟢 On Track,1630,3,5444.780000000002,0.09978976805919307,🟢 High,Traditional Food,1950,0.531975128205128,3
1246,2024-09-16,9,Monday,1,San Salvador Centro,San Salvador,4,Yuca frita,Traditional Food,2.5,0.0,2.5,4,10.0,Debit card,446,1.2,1.3,5.2,52.0,21600,-7478.849999999997,0.653756944444444,🔴 Below Target,1630,3,4707.050000000001,0.11542969234092122,🟡 Medium,Traditional Food,1950,0.531975128205128,3
1247,2024-03-21,3,Thursday,6,Usulután,Usulután,7,Café salvadoreño,Beverages,1.5,0.1,1.35,10,13.5,Cash,260,0.65,0.85,8.5,56.666666666666664,16800,-4396.6900000000005,0.738292261904762,🟡 At Risk,1630,3,4134.4366666666665,0.13141653316735613,🟡 Medium,Beverages,500,1.2037333333333333,2
1248,2024-03-19,3,Tuesday,2,Santa Ana,Santa Ana,16,Crema salvadoreña,Dairy,1.5,0.0,1.5,12,18.0,Credit card,63,0.7,0.8,9.600000000000001,53.333333333333336,19200,-5584.200000000003,0.70915625,🟡 At Risk,1630,3,4538.599999999999,0.11971386183698353,🟡 Medium,Dairy,550,1.1310733333333334,2
1249,2024-07-31,7,Wednesday,8,Chalatenango,Chalatenango,7,Café salvadoreño,Beverages,1.5,0.0,1.5,1,1.5,Credit card,243,0.65,0.85,0.85,56.666666666666664,18000,-1665.6599999999962,0.907463333333334,🟢 On Track,1630,3,5444.780000000002,0.09978976805919307,🟢 High,Beverages,500,1.2037333333333333,2
1250,2024-09-15,9,Sunday,5,Metrocentro,San Salvador,11,Jarrito de barro,Handicrafts,8.0,0.0,8.0,6,48.0,Cash,367,3.5,4.5,27.0,56.25,20400,-7248.4400000000005,0.64468431372549,🔴 Below Target,1630,3,4383.8533333333335,0.12393966951449106,🟡 Medium,Handicrafts,2250,2.939564814814815,3
1251,2024-11-18,11,Monday,6,Usulután,Usulután,14,Frijoles rojos 1lb,Groceries,1.2,0.0,1.2,8,9.6,Credit card,272,0.65,0.5499999999999999,4.3999999999999995,45.83333333333333,16800,-4396.6900000000005,0.738292261904762,🟡 At Risk,1630,3,4134.4366666666665,0.13141653316735613,🟡 Medium,Groceries,350,2.290714285714286,1
1252,2024-03-11,3,Monday,4,Soyapango,San Salvador,14,Frijoles rojos 1lb,Groceries,1.2,0.0,1.2,14,16.8,Bitcoin,460,0.65,0.5499999999999999,7.699999999999999,45.83333333333333,19200,-7206.970000000003,0.624636979166666,🔴 Below Target,1630,3,3997.676666666666,0.13591227571347694,🔴 Low,Groceries,350,2.290714285714286,1
1253,2024-01-16,1,Tuesday,6,Usulután,Usulután,15,Arroz blanco 1lb,Groceries,0.9,0.0,0.9,15,13.5,Credit card,368,0.45,0.45,6.75,50.0,16800,-4396.6900000000005,0.738292261904762,🟡 At Risk,1630,3,4134.4366666666665,0.13141653316735613,🟡 Medium,Groceries,350,2.290714285714286,1
1254,2024-02-13,2,Tuesday,2,Santa Ana,Santa Ana,17,Queso duro blando,Dairy,3.5,0.0,3.5,11,38.5,Cash,396,1.8,1.7,18.7,48.57142857142857,19200,-5584.200000000003,0.70915625,🟡 At Risk,1630,3,4538.599999999999,0.11971386183698353,🟡 Medium,Dairy,550,1.1310733333333334,2
1255,2024-02-01,2,Thursday,7,La Libertad,La Libertad,6,Kolachampán,Beverages,0.75,0.15,0.64,13,8.32,Cash,473,0.35,0.4,5.2,53.333333333333336,16800,-6134.490000000002,0.634851785714286,🔴 Below Target,1630,3,3555.1699999999996,0.15282907240253868,🔴 Low,Beverages,500,1.2037333333333333,2
1256,2024-11-19,11,Tuesday,1,San Salvador Centro,San Salvador,5,Atol de elote,Beverages,1.0,0.0,1.0,17,17.0,Cash,454,0.45,0.55,9.350000000000001,55.00000000000001,21600,-7478.849999999997,0.653756944444444,🔴 Below Target,1630,3,4707.050000000001,0.11542969234092122,🟡 Medium,Beverages,500,1.2037333333333333,2
1257,2024-06-09,6,Sunday,5,Metrocentro,San Salvador,18,Curtido en frasco,Groceries,2.0,0.0,2.0,12,24.0,Credit card,461,0.9,1.1,13.200000000000001,55.00000000000001,20400,-7248.4400000000005,0.64468431372549,🔴 Below Target,1630,3,4383.8533333333335,0.12393966951449106,🟡 Medium,Groceries,350,2.290714285714286,1
1258,2024-12-24,12,Tuesday,3,San Miguel,San Miguel,17,Queso duro blando,Dairy,3.5,0.0,3.5,13,45.5,Debit card,455,1.8,1.7,22.099999999999998,48.57142857142857,18000,-6378.879999999992,0.645617777777778,🔴 Below Target,1630,3,3873.706666666669,0.14026186804714166,🔴 Low,Dairy,550,1.1310733333333334,2
1259,2024-12-23,12,Monday,8,Chalatenango,Chalatenango,18,Curtido en frasco,Groceries,2.0,0.15,1.7,12,20.4,Credit card,208,0.9,1.1,13.200000000000001,55.00000000000001,18000,-1665.6599999999962,0.907463333333334,🟢 On Track,1630,3,5444.780000000002,0.09978976805919307,🟢 High,Groceries,350,2.290714285714286,1
1260,2024-02-13,2,Tuesday,5,Metrocentro,San Salvador,7,Café salvadoreño,Beverages,1.5,0.05,1.42,2,2.84,Cash,372,0.65,0.85,1.7,56.666666666666664,20400,-7248.4400000000005,0.64468431372549,🔴 Below Target,1630,3,4383.8533333333335,0.12393966951449106,🟡 Medium,Beverages,500,1.2037333333333333,2
1261,2024-04-19,4,Friday,5,Metrocentro,San Salvador,5,Atol de elote,Beverages,1.0,0.05,0.95,3,2.85,Debit card,267,0.45,0.55,1.6500000000000001,55.00000000000001,20400,-7248.4400000000005,0.64468431372549,🔴 Below Target,1630,3,4383.8533333333335,0.12393966951449106,🟡 Medium,Beverages,500,1.2037333333333333,2
1262,2024-01-12,1,Friday,3,San Miguel,San Miguel,11,Jarrito de barro,Handicrafts,8.0,0.15,6.8,1,6.8,Debit card,133,3.5,4.5,4.5,56.25,18000,-6378.879999999992,0.645617777777778,🔴 Below Target,1630,3,3873.706666666669,0.14026186804714166,🔴 Low,Handicrafts,2250,2.939564814814815,3
1263,2024-08-04,8,Sunday,5,Metrocentro,San Salvador,8,Fresco de tamarindo,Beverages,0.75,0.0,0.75,17,12.75,Debit card,431,0.3,0.45,7.65,60.0,20400,-7248.4400000000005,0.64468431372549,🔴 Below Target,1630,3,4383.8533333333335,0.12393966951449106,🟡 Medium,Beverages,500,1.2037333333333333,2
1264,2024-11-17,11,Sunday,5,Metrocentro,San Salvador,12,Canasta de palma,Handicrafts,12.0,0.0,12.0,17,204.0,Cash,388,5.5,6.5,110.5,54.166666666666664,20400,-7248.4400000000005,0.64468431372549,🔴 Below Target,1630,3,4383.8533333333335,0.12393966951449106,🟡 Medium,Handicrafts,2250,2.939564814814815,3
1265,2024-06-01,6,Saturday,8,Chalatenango,Chalatenango,4,Yuca frita,Traditional Food,2.5,0.1,2.25,19,42.75,Cash,174,1.2,1.3,24.7,52.0,18000,-1665.6599999999962,0.907463333333334,🟢 On Track,1630,3,5444.780000000002,0.09978976805919307,🟢 High,Traditional Food,1950,0.531975128205128,3
1266,2024-06-28,6,Friday,4,Soyapango,San Salvador,8,Fresco de tamarindo,Beverages,0.75,0.0,0.75,10,7.5,Debit card,418,0.3,0.45,4.5,60.0,19200,-7206.970000000003,0.624636979166666,🔴 Below Target,1630,3,3997.676666666666,0.13591227571347694,🔴 Low,Beverages,500,1.2037333333333333,2
1267,2024-09-23,9,Monday,7,La Libertad,La Libertad,5,Atol de elote,Beverages,1.0,0.0,1.0,8,8.0,Cash,299,0.45,0.55,4.4,55.00000000000001,16800,-6134.490000000002,0.634851785714286,🔴 Below Target,1630,3,3555.1699999999996,0.15282907240253868,🔴 Low,Beverages,500,1.2037333333333333,2
1268,2024-08-20,8,Tuesday,6,Usulután,Usulután,7,Café salvadoreño,Beverages,1.5,0.0,1.5,4,6.0,Debit card,425,0.65,0.85,3.4,56.666666666666664,16800,-4396.6900000000005,0.738292261904762,🟡 At Risk,1630,3,4134.4366666666665,0.13141653316735613,🟡 Medium,Beverages,500,1.2037333333333333,2
1269,2024-02-17,2,Saturday,2,Santa Ana,Santa Ana,14,Frijoles rojos 1lb,Groceries,1.2,0.0,1.2,2,2.4,Credit card,244,0.65,0.5499999999999999,1.0999999999999999,45.83333333333333,19200,-5584.200000000003,0.70915625,🟡 At Risk,1630,3,4538.599999999999,0.11971386183698353,🟡 Medium,Groceries,350,2.290714285714286,1
1270,2024-02-09,2,Friday,8,Chalatenango,Chalatenango,7,Café salvadoreño,Beverages,1.5,0.1,1.35,12,16.2,Debit card,302,0.65,0.85,10.2,56.666666666666664,18000,-1665.6599999999962,0.907463333333334,🟢 On Track,1630,3,5444.780000000002,0.09978976805919307,🟢 High,Beverages,500,1.2037333333333333,2
1271,2024-05-15,5,Wednesday,7,La Libertad,La Libertad,18,Curtido en frasco,Groceries,2.0,0.0,2.0,19,38.0,Debit card,226,0.9,1.1,20.900000000000002,55.00000000000001,16800,-6134.490000000002,0.634851785714286,🔴 Below Target,1630,3,3555.1699999999996,0.15282907240253868,🔴 Low,Groceries,350,2.290714285714286,1
1272,2024-03-24,3,Sunday,7,La Libertad,La Libertad,16,Crema salvadoreña,Dairy,1.5,0.05,1.42,5,7.1,Cash,365,0.7,0.8,4.0,53.333333333333336,16800,-6134.490000000002,0.634851785714286,🔴 Below Target,1630,3,3555.1699999999996,0.15282907240253868,🔴 Low,Dairy,550,1.1310733333333334,2
1273,2024-12-26,12,Thursday,3,San Miguel,San Miguel,15,Arroz blanco 1lb,Groceries,0.9,0.15,0.77,17,13.09,Debit card,356,0.45,0.45,7.65,50.0,18000,-6378.879999999992,0.645617777777778,🔴 Below Target,1630,3,3873.706666666669,0.14026186804714166,🔴 Low,Groceries,350,2.290714285714286,1
1274,2024-08-30,8,Friday,8,Chalatenango,Chalatenango,7,Café salvadoreño,Beverages,1.5,0.1,1.35,2,2.7,Cash,287,0.65,0.85,1.7,56.666666666666664,18000,-1665.6599999999962,0.907463333333334,🟢 On Track,1630,3,5444.780000000002,0.09978976805919307,🟢 High,Beverages,500,1.2037333333333333,2
1275,2024-11-04,11,Monday,2,Santa Ana,Santa Ana,12,Canasta de palma,Handicrafts,12.0,0.0,12.0,14,168.0,Cash,293,5.5,6.5,91.0,54.166666666666664,19200,-5584.200000000003,0.70915625,🟡 At Risk,1630,3,4538.599999999999,0.11971386183698353,🟡 Medium,Handicrafts,2250,2.939564814814815,3
1276,2024-09-24,9,Tuesday,1,San Salvador Centro,San Salvador,10,Hamaca artesanal,Handicrafts,35.0,0.0,35.0,5,175.0,Cash,192,18.0,17.0,85.0,48.57142857142857,21600,-7478.849999999997,0.653756944444444,🔴 Below Target,1630,3,4707.050000000001,0.11542969234092122,🟡 Medium,Handicrafts,2250,2.939564814814815,3
1277,2024-09-05,9,Thursday,5,Metrocentro,San Salvador,10,Hamaca artesanal,Handicrafts,35.0,0.15,29.75,1,29.75,Cash,402,18.0,17.0,17.0,48.57142857142857,20400,-7248.4400000000005,0.64468431372549,🔴 Below Target,1630,3,4383.8533333333335,0.12393966951449106,🟡 Medium,Handicrafts,2250,2.939564814814815,3
1278,2024-06-05,6,Wednesday,1,San Salvador Centro,San Salvador,14,Frijoles rojos 1lb,Groceries,1.2,0.0,1.2,10,12.0,Cash,379,0.65,0.5499999999999999,5.499999999999999,45.83333333333333,21600,-7478.849999999997,0.653756944444444,🔴 Below Target,1630,3,4707.050000000001,0.11542969234092122,🟡 Medium,Groceries,350,2.290714285714286,1
1279,2024-03-03,3,Sunday,1,San Salvador Centro,San Salvador,16,Crema salvadoreña,Dairy,1.5,0.0,1.5,18,27.0,Cash,23,0.7,0.8,14.4,53.333333333333336,21600,-7478.849999999997,0.653756944444444,🔴 Below Target,1630,3,4707.050000000001,0.11542969234092122,🟡 Medium,Dairy,550,1.1310733333333334,2
1280,2024-10-20,10,Sunday,8,Chalatenango,Chalatenango,14,Frijoles rojos 1lb,Groceries,1.2,0.05,1.14,10,11.4,Cash,173,0.65,0.5499999999999999,5.499999999999999,45.83333333333333,18000,-1665.6599999999962,0.907463333333334,🟢 On Track,1630,3,5444.780000000002,0.09978976805919307,🟢 High,Groceries,350,2.290714285714286,1
1281,2024-11-06,11,Wednesday,8,Chalatenango,Chalatenango,13,Aceite vegetal 1L,Groceries,2.8,0.15,2.38,5,11.9,Cash,326,1.8,0.9999999999999998,4.999999999999999,35.71428571428571,18000,-1665.6599999999962,0.907463333333334,🟢 On Track,1630,3,5444.780000000002,0.09978976805919307,🟢 High,Groceries,350,2.290714285714286,1
1282,2024-12-07,12,Saturday,8,Chalatenango,Chalatenango,15,Arroz blanco 1lb,Groceries,0.9,0.0,0.9,15,13.5,Credit card,167,0.45,0.45,6.75,50.0,18000,-1665.6599999999962,0.907463333333334,🟢 On Track,1630,3,5444.780000000002,0.09978976805919307,🟢 High,Groceries,350,2.290714285714286,1
1283,2024-07-17,7,Wednesday,7,La Libertad,La Libertad,3,Tamales de elote,Traditional Food,1.0,0.0,1.0,8,8.0,Cash,24,0.55,0.44999999999999996,3.5999999999999996,44.99999999999999,16800,-6134.490000000002,0.634851785714286,🔴 Below Target,1630,3,3555.1699999999996,0.15282907240253868,🔴 Low,Traditional Food,1950,0.531975128205128,3
1284,2024-11-26,11,Tuesday,5,Metrocentro,San Salvador,15,Arroz blanco 1lb,Groceries,0.9,0.15,0.77,3,2.31,Cash,13,0.45,0.45,1.35,50.0,20400,-7248.4400000000005,0.64468431372549,🔴 Below Target,1630,3,4383.8533333333335,0.12393966951449106,🟡 Medium,Groceries,350,2.290714285714286,1
1285,2024-11-25,11,Monday,2,Santa Ana,Santa Ana,10,Hamaca artesanal,Handicrafts,35.0,0.0,35.0,18,630.0,Cash,317,18.0,17.0,306.0,48.57142857142857,19200,-5584.200000000003,0.70915625,🟡 At Risk,1630,3,4538.599999999999,0.11971386183698353,🟡 Medium,Handicrafts,2250,2.939564814814815,3
1286,2024-10-18,10,Friday,1,San Salvador Centro,San Salvador,18,Curtido en frasco,Groceries,2.0,0.0,2.0,17,34.0,Credit card,258,0.9,1.1,18.700000000000003,55.00000000000001,21600,-7478.849999999997,0.653756944444444,🔴 Below Target,1630,3,4707.050000000001,0.11542969234092122,🟡 Medium,Groceries,350,2.290714285714286,1
1287,2024-12-03,12,Tuesday,2,Santa Ana,Santa Ana,1,Pupusas de queso,Traditional Food,0.5,0.0,0.5,18,9.0,Transfer,141,0.25,0.25,4.5,50.0,19200,-5584.200000000003,0.70915625,🟡 At Risk,1630,3,4538.599999999999,0.11971386183698353,🟡 Medium,Traditional Food,1950,0.531975128205128,3
1288,2024-12-27,12,Friday,4,Soyapango,San Salvador,7,Café salvadoreño,Beverages,1.5,0.0,1.5,19,28.5,Cash,274,0.65,0.85,16.15,56.666666666666664,19200,-7206.970000000003,0.624636979166666,🔴 Below Target,1630,3,3997.676666666666,0.13591227571347694,🔴 Low,Beverages,500,1.2037333333333333,2
1289,2024-10-28,10,Monday,7,La Libertad,La Libertad,11,Jarrito de barro,Handicrafts,8.0,0.0,8.0,2,16.0,Credit card,12,3.5,4.5,9.0,56.25,16800,-6134.490000000002,0.634851785714286,🔴 Below Target,1630,3,3555.1699999999996,0.15282907240253868,🔴 Low,Handicrafts,2250,2.939564814814815,3
1290,2024-04-02,4,Tuesday,7,La Libertad,La Libertad,11,Jarrito de barro,Handicrafts,8.0,0.0,8.0,14,112.0,Credit card,163,3.5,4.5,63.0,56.25,16800,-6134.490000000002,0.634851785714286,🔴 Below Target,1630,3,3555.1699999999996,0.15282907240253868,🔴 Low,Handicrafts,2250,2.939564814814815,3
1291,2024-02-16,2,Friday,5,Metrocentro,San Salvador,13,Aceite vegetal 1L,Groceries,2.8,0.0,2.8,4,11.2,Debit card,147,1.8,0.9999999999999998,3.999999999999999,35.71428571428571,20400,-7248.4400000000005,0.64468431372549,🔴 Below Target,1630,3,4383.8533333333335,0.12393966951449106,🟡 Medium,Groceries,350,2.290714285714286,1
1292,2024-05-10,5,Friday,3,San Miguel,San Miguel,5,Atol de elote,Beverages,1.0,0.0,1.0,3,3.0,Cash,209,0.45,0.55,1.6500000000000001,55.00000000000001,18000,-6378.879999999992,0.645617777777778,🔴 Below Target,1630,3,3873.706666666669,0.14026186804714166,🔴 Low,Beverages,500,1.2037333333333333,2
1293,2024-11-10,11,Sunday,1,San Salvador Centro,San Salvador,6,Kolachampán,Beverages,0.75,0.0,0.75,11,8.25,Cash,30,0.35,0.4,4.4,53.333333333333336,21600,-7478.849999999997,0.653756944444444,🔴 Below Target,1630,3,4707.050000000001,0.11542969234092122,🟡 Medium,Beverages,500,1.2037333333333333,2
1294,2024-02-20,2,Tuesday,7,La Libertad,La Libertad,10,Hamaca artesanal,Handicrafts,35.0,0.0,35.0,11,385.0,Cash,166,18.0,17.0,187.0,48.57142857142857,16800,-6134.490000000002,0.634851785714286,🔴 Below Target,1630,3,3555.1699999999996,0.15282907240253868,🔴 Low,Handicrafts,2250,2.939564814814815,3
1295,2024-03-02,3,Saturday,7,La Libertad,La Libertad,9,Camisa guayabera,Clothing,18.0,0.0,18.0,2,36.0,Cash,306,9.0,9.0,18.0,50.0,16800,-6134.490000000002,0.634851785714286,🔴 Below Target,1630,3,3555.1699999999996,0.15282907240253868,🔴 Low,Clothing,400,0.89325,1
1296,2024-09-17,9,Tuesday,8,Chalatenango,Chalatenango,8,Fresco de tamarindo,Beverages,0.75,0.0,0.75,17,12.75,Bitcoin,138,0.3,0.45,7.65,60.0,18000,-1665.6599999999962,0.907463333333334,🟢 On Track,1630,3,5444.780000000002,0.09978976805919307,🟢 High,Beverages,500,1.2037333333333333,2
1297,2024-08-25,8,Sunday,6,Usulután,Usulután,2,Pupusas de frijol,Traditional Food,0.5,0.0,0.5,18,9.0,Cash,15,0.2,0.3,5.3999999999999995,60.0,16800,-4396.6900000000005,0.738292261904762,🟡 At Risk,1630,3,4134.4366666666665,0.13141653316735613,🟡 Medium,Traditional Food,1950,0.531975128205128,3
1298,2024-01-10,1,Wednesday,4,Soyapango,San Salvador,14,Frijoles rojos 1lb,Groceries,1.2,0.05,1.14,9,10.26,Transfer,346,0.65,0.5499999999999999,4.949999999999999,45.83333333333333,19200,-7206.970000000003,0.624636979166666,🔴 Below Target,1630,3,3997.676666666666,0.13591227571347694,🔴 Low,Groceries,350,2.290714285714286,1
1299,2024-10-11,10,Friday,4,Soyapango,San Salvador,4,Yuca frita,Traditional Food,2.5,0.0,2.5,5,12.5,Debit card,229,1.2,1.3,6.5,52.0,19200,-7206.970000000003,0.624636979166666,🔴 Below Target,1630,3,3997.676666666666,0.13591227571347694,🔴 Low,Traditional Food,1950,0.531975128205128,3
1300,2024-03-13,3,Wednesday,4,Soyapango,San Salvador,3,Tamales de elote,Traditional Food,1.0,0.05,0.95,12,11.4,Transfer,401,0.55,0.44999999999999996,5.3999999999999995,44.99999999999999,19200,-7206.970000000003,0.624636979166666,🔴 Below Target,1630,3,3997.676666666666,0.13591227571347694,🔴 Low,Traditional Food,1950,0.531975128205128,3
1301,2024-10-11,10,Friday,7,La Libertad,La Libertad,8,Fresco de tamarindo,Beverages,0.75,0.0,0.75,15,11.25,Cash,238,0.3,0.45,6.75,60.0,16800,-6134.490000000002,0.634851785714286,🔴 Below Target,1630,3,3555.1699999999996,0.15282907240253868,🔴 Low,Beverages,500,1.2037333333333333,2
1302,2024-01-01,1,Monday,3,San Miguel,San Miguel,10,Hamaca artesanal,Handicrafts,35.0,0.0,35.0,2,70.0,Cash,129,18.0,17.0,34.0,48.57142857142857,18000,-6378.879999999992,0.645617777777778,🔴 Below Target,1630,3,3873.706666666669,0.14026186804714166,🔴 Low,Handicrafts,2250,2.939564814814815,3
1303,2024-11-19,11,Tuesday,6,Usulután,Usulután,13,Aceite vegetal 1L,Groceries,2.8,0.05,2.66,7,18.62,Credit card,145,1.8,0.9999999999999998,6.999999999999998,35.71428571428571,16800,-4396.6900000000005,0.738292261904762,🟡 At Risk,1630,3,4134.4366666666665,0.13141653316735613,🟡 Medium,Groceries,350,2.290714285714286,1
1304,2024-09-30,9,Monday,3,San Miguel,San Miguel,2,Pupusas de frijol,Traditional Food,0.5,0.0,0.5,19,9.5,Cash,203,0.2,0.3,5.7,60.0,18000,-6378.879999999992,0.645617777777778,🔴 Below Target,1630,3,3873.706666666669,0.14026186804714166,🔴 Low,Traditional Food,1950,0.531975128205128,3
1305,2024-10-11,10,Friday,3,San Miguel,San Miguel,4,Yuca frita,Traditional Food,2.5,0.0,2.5,9,22.5,Cash,259,1.2,1.3,11.700000000000001,52.0,18000,-6378.879999999992,0.645617777777778,🔴 Below Target,1630,3,3873.706666666669,0.14026186804714166,🔴 Low,Traditional Food,1950,0.531975128205128,3
1306,2024-11-21,11,Thursday,6,Usulután,Usulután,11,Jarrito de barro,Handicrafts,8.0,0.15,6.8,9,61.2,Debit card,140,3.5,4.5,40.5,56.25,16800,-4396.6900000000005,0.738292261904762,🟡 At Risk,1630,3,4134.4366666666665,0.13141653316735613,🟡 Medium,Handicrafts,2250,2.939564814814815,3
1307,2024-06-23,6,Sunday,6,Usulután,Usulután,8,Fresco de tamarindo,Beverages,0.75,0.0,0.75,7,5.25,Transfer,169,0.3,0.45,3.15,60.0,16800,-4396.6900000000005,0.738292261904762,🟡 At Risk,1630,3,4134.4366666666665,0.13141653316735613,🟡 Medium,Beverages,500,1.2037333333333333,2
1308,2024-11-26,11,Tuesday,3,San Miguel,San Miguel,1,Pupusas de queso,Traditional Food,0.5,0.05,0.47,1,0.47,Cash,462,0.25,0.25,0.25,50.0,18000,-6378.879999999992,0.645617777777778,🔴 Below Target,1630,3,3873.706666666669,0.14026186804714166,🔴 Low,Traditional Food,1950,0.531975128205128,3
1309,2024-07-30,7,Tuesday,3,San Miguel,San Miguel,1,Pupusas de queso,Traditional Food,0.5,0.1,0.45,18,8.1,Debit card,391,0.25,0.25,4.5,50.0,18000,-6378.879999999992,0.645617777777778,🔴 Below Target,1630,3,3873.706666666669,0.14026186804714166,🔴 Low,Traditional Food,1950,0.531975128205128,3
1310,2024-11-28,11,Thursday,2,Santa Ana,Santa Ana,13,Aceite vegetal 1L,Groceries,2.8,0.05,2.66,3,7.98,Cash,427,1.8,0.9999999999999998,2.999999999999999,35.71428571428571,19200,-5584.200000000003,0.70915625,🟡 At Risk,1630,3,4538.599999999999,0.11971386183698353,🟡 Medium,Groceries,350,2.290714285714286,1
1311,2024-06-29,6,Saturday,2,Santa Ana,Santa Ana,15,Arroz blanco 1lb,Groceries,0.9,0.15,0.77,13,10.01,Debit card,199,0.45,0.45,5.8500000000000005,50.0,19200,-5584.200000000003,0.70915625,🟡 At Risk,1630,3,4538.599999999999,0.11971386183698353,🟡 Medium,Groceries,350,2.290714285714286,1
1312,2024-03-04,3,Monday,1,San Salvador Centro,San Salvador,6,Kolachampán,Beverages,0.75,0.0,0.75,15,11.25,Bitcoin,228,0.35,0.4,6.0,53.333333333333336,21600,-7478.849999999997,0.653756944444444,🔴 Below Target,1630,3,4707.050000000001,0.11542969234092122,🟡 Medium,Beverages,500,1.2037333333333333,2
1313,2024-01-11,1,Thursday,4,Soyapango,San Salvador,1,Pupusas de queso,Traditional Food,0.5,0.1,0.45,9,4.05,Bitcoin,184,0.25,0.25,2.25,50.0,19200,-7206.970000000003,0.624636979166666,🔴 Below Target,1630,3,3997.676666666666,0.13591227571347694,🔴 Low,Traditional Food,1950,0.531975128205128,3
1314,2024-11-10,11,Sunday,2,Santa Ana,Santa Ana,7,Café salvadoreño,Beverages,1.5,0.15,1.27,10,12.7,Debit card,120,0.65,0.85,8.5,56.666666666666664,19200,-5584.200000000003,0.70915625,🟡 At Risk,1630,3,4538.599999999999,0.11971386183698353,🟡 Medium,Beverages,500,1.2037333333333333,2
1315,2024-01-19,1,Friday,6,Usulután,Usulután,16,Crema salvadoreña,Dairy,1.5,0.0,1.5,9,13.5,Bitcoin,362,0.7,0.8,7.2,53.333333333333336,16800,-4396.6900000000005,0.738292261904762,🟡 At Risk,1630,3,4134.4366666666665,0.13141653316735613,🟡 Medium,Dairy,550,1.1310733333333334,2
1316,2024-04-10,4,Wednesday,1,San Salvador Centro,San Salvador,7,Café salvadoreño,Beverages,1.5,0.0,1.5,13,19.5,Credit card,292,0.65,0.85,11.049999999999999,56.666666666666664,21600,-7478.849999999997,0.653756944444444,🔴 Below Target,1630,3,4707.050000000001,0.11542969234092122,🟡 Medium,Beverages,500,1.2037333333333333,2
1317,2024-03-28,3,Thursday,8,Chalatenango,Chalatenango,17,Queso duro blando,Dairy,3.5,0.0,3.5,18,63.0,Debit card,290,1.8,1.7,30.599999999999998,48.57142857142857,18000,-1665.6599999999962,0.907463333333334,🟢 On Track,1630,3,5444.780000000002,0.09978976805919307,🟢 High,Dairy,550,1.1310733333333334,2
1318,2024-10-28,10,Monday,2,Santa Ana,Santa Ana,6,Kolachampán,Beverages,0.75,0.1,0.68,5,3.4,Cash,133,0.35,0.4,2.0,53.333333333333336,19200,-5584.200000000003,0.70915625,🟡 At Risk,1630,3,4538.599999999999,0.11971386183698353,🟡 Medium,Beverages,500,1.2037333333333333,2
1319,2024-04-08,4,Monday,5,Metrocentro,San Salvador,8,Fresco de tamarindo,Beverages,0.75,0.1,0.68,1,0.68,Debit card,315,0.3,0.45,0.45,60.0,20400,-7248.4400000000005,0.64468431372549,🔴 Below Target,1630,3,4383.8533333333335,0.12393966951449106,🟡 Medium,Beverages,500,1.2037333333333333,2
1320,2024-01-02,1,Tuesday,8,Chalatenango,Chalatenango,9,Camisa guayabera,Clothing,18.0,0.1,16.2,14,226.8,Debit card,333,9.0,9.0,126.0,50.0,18000,-1665.6599999999962,0.907463333333334,🟢 On Track,1630,3,5444.780000000002,0.09978976805919307,🟢 High,Clothing,400,0.89325,1
1321,2024-08-09,8,Friday,6,Usulután,Usulután,2,Pupusas de frijol,Traditional Food,0.5,0.0,0.5,14,7.0,Cash,266,0.2,0.3,4.2,60.0,16800,-4396.6900000000005,0.738292261904762,🟡 At Risk,1630,3,4134.4366666666665,0.13141653316735613,🟡 Medium,Traditional Food,1950,0.531975128205128,3
1322,2024-07-04,7,Thursday,8,Chalatenango,Chalatenango,15,Arroz blanco 1lb,Groceries,0.9,0.15,0.77,17,13.09,Cash,370,0.45,0.45,7.65,50.0,18000,-1665.6599999999962,0.907463333333334,🟢 On Track,1630,3,5444.780000000002,0.09978976805919307,🟢 High,Groceries,350,2.290714285714286,1
1323,2024-05-22,5,Wednesday,1,San Salvador Centro,San Salvador,8,Fresco de tamarindo,Beverages,0.75,0.05,0.71,14,9.94,Cash,3,0.3,0.45,6.3,60.0,21600,-7478.849999999997,0.653756944444444,🔴 Below Target,1630,3,4707.050000000001,0.11542969234092122,🟡 Medium,Beverages,500,1.2037333333333333,2
1324,2024-06-20,6,Thursday,4,Soyapango,San Salvador,13,Aceite vegetal 1L,Groceries,2.8,0.05,2.66,3,7.98,Credit card,378,1.8,0.9999999999999998,2.999999999999999,35.71428571428571,19200,-7206.970000000003,0.624636979166666,🔴 Below Target,1630,3,3997.676666666666,0.13591227571347694,🔴 Low,Groceries,350,2.290714285714286,1
1325,2024-02-08,2,Thursday,7,La Libertad,La Libertad,8,Fresco de tamarindo,Beverages,0.75,0.0,0.75,8,6.0,Cash,160,0.3,0.45,3.6,60.0,16800,-6134.490000000002,0.634851785714286,🔴 Below Target,1630,3,3555.1699999999996,0.15282907240253868,🔴 Low,Beverages,500,1.2037333333333333,2
1326,2024-01-15,1,Monday,2,Santa Ana,Santa Ana,3,Tamales de elote,Traditional Food,1.0,0.0,1.0,16,16.0,Credit card,304,0.55,0.44999999999999996,7.199999999999999,44.99999999999999,19200,-5584.200000000003,0.70915625,🟡 At Risk,1630,3,4538.599999999999,0.11971386183698353,🟡 Medium,Traditional Food,1950,0.531975128205128,3
1327,2024-05-06,5,Monday,5,Metrocentro,San Salvador,11,Jarrito de barro,Handicrafts,8.0,0.0,8.0,4,32.0,Cash,175,3.5,4.5,18.0,56.25,20400,-7248.4400000000005,0.64468431372549,🔴 Below Target,1630,3,4383.8533333333335,0.12393966951449106,🟡 Medium,Handicrafts,2250,2.939564814814815,3
1328,2024-09-23,9,Monday,6,Usulután,Usulután,2,Pupusas de frijol,Traditional Food,0.5,0.0,0.5,8,4.0,Credit card,318,0.2,0.3,2.4,60.0,16800,-4396.6900000000005,0.738292261904762,🟡 At Risk,1630,3,4134.4366666666665,0.13141653316735613,🟡 Medium,Traditional Food,1950,0.531975128205128,3
1329,2024-11-16,11,Saturday,2,Santa Ana,Santa Ana,15,Arroz blanco 1lb,Groceries,0.9,0.05,0.85,15,12.75,Cash,499,0.45,0.45,6.75,50.0,19200,-5584.200000000003,0.70915625,🟡 At Risk,1630,3,4538.599999999999,0.11971386183698353,🟡 Medium,Groceries,350,2.290714285714286,1
1330,2024-07-12,7,Friday,1,San Salvador Centro,San Salvador,2,Pupusas de frijol,Traditional Food,0.5,0.15,0.42,11,4.62,Debit card,401,0.2,0.3,3.3,60.0,21600,-7478.849999999997,0.653756944444444,🔴 Below Target,1630,3,4707.050000000001,0.11542969234092122,🟡 Medium,Traditional Food,1950,0.531975128205128,3
1331,2024-08-14,8,Wednesday,1,San Salvador Centro,San Salvador,5,Atol de elote,Beverages,1.0,0.0,1.0,2,2.0,Debit card,222,0.45,0.55,1.1,55.00000000000001,21600,-7478.849999999997,0.653756944444444,🔴 Below Target,1630,3,4707.050000000001,0.11542969234092122,🟡 Medium,Beverages,500,1.2037333333333333,2
1332,2024-12-12,12,Thursday,2,Santa Ana,Santa Ana,3,Tamales de elote,Traditional Food,1.0,0.05,0.95,2,1.9,Cash,436,0.55,0.44999999999999996,0.8999999999999999,44.99999999999999,19200,-5584.200000000003,0.70915625,🟡 At Risk,1630,3,4538.599999999999,0.11971386183698353,🟡 Medium,Traditional Food,1950,0.531975128205128,3
1333,2024-02-19,2,Monday,7,La Libertad,La Libertad,13,Aceite vegetal 1L,Groceries,2.8,0.15,2.38,20,47.6,Cash,443,1.8,0.9999999999999998,19.999999999999996,35.71428571428571,16800,-6134.490000000002,0.634851785714286,🔴 Below Target,1630,3,3555.1699999999996,0.15282907240253868,🔴 Low,Groceries,350,2.290714285714286,1
1334,2024-07-15,7,Monday,8,Chalatenango,Chalatenango,1,Pupusas de queso,Traditional Food,0.5,0.15,0.42,15,6.3,Cash,318,0.25,0.25,3.75,50.0,18000,-1665.6599999999962,0.907463333333334,🟢 On Track,1630,3,5444.780000000002,0.09978976805919307,🟢 High,Traditional Food,1950,0.531975128205128,3
1335,2024-11-29,11,Friday,6,Usulután,Usulután,4,Yuca frita,Traditional Food,2.5,0.0,2.5,1,2.5,Debit card,301,1.2,1.3,1.3,52.0,16800,-4396.6900000000005,0.738292261904762,🟡 At Risk,1630,3,4134.4366666666665,0.13141653316735613,🟡 Medium,Traditional Food,1950,0.531975128205128,3
1336,2024-02-22,2,Thursday,2,Santa Ana,Santa Ana,7,Café salvadoreño,Beverages,1.5,0.05,1.42,1,1.42,Debit card,304,0.65,0.85,0.85,56.666666666666664,19200,-5584.200000000003,0.70915625,🟡 At Risk,1630,3,4538.599999999999,0.11971386183698353,🟡 Medium,Beverages,500,1.2037333333333333,2
1337,2024-11-22,11,Friday,3,San Miguel,San Miguel,7,Café salvadoreño,Beverages,1.5,0.0,1.5,17,25.5,Cash,247,0.65,0.85,14.45,56.666666666666664,18000,-6378.879999999992,0.645617777777778,🔴 Below Target,1630,3,3873.706666666669,0.14026186804714166,🔴 Low,Beverages,500,1.2037333333333333,2
1338,2024-05-04,5,Saturday,3,San Miguel,San Miguel,15,Arroz blanco 1lb,Groceries,0.9,0.15,0.77,5,3.85,Cash,66,0.45,0.45,2.25,50.0,18000,-6378.879999999992,0.645617777777778,🔴 Below Target,1630,3,3873.706666666669,0.14026186804714166,🔴 Low,Groceries,350,2.290714285714286,1
1339,2024-09-19,9,Thursday,7,La Libertad,La Libertad,10,Hamaca artesanal,Handicrafts,35.0,0.0,35.0,12,420.0,Debit card,278,18.0,17.0,204.0,48.57142857142857,16800,-6134.490000000002,0.634851785714286,🔴 Below Target,1630,3,3555.1699999999996,0.15282907240253868,🔴 Low,Handicrafts,2250,2.939564814814815,3
1340,2024-08-28,8,Wednesday,3,San Miguel,San Miguel,5,Atol de elote,Beverages,1.0,0.05,0.95,10,9.5,Cash,189,0.45,0.55,5.5,55.00000000000001,18000,-6378.879999999992,0.645617777777778,🔴 Below Target,1630,3,3873.706666666669,0.14026186804714166,🔴 Low,Beverages,500,1.2037333333333333,2
1341,2024-01-30,1,Tuesday,3,San Miguel,San Miguel,1,Pupusas de queso,Traditional Food,0.5,0.05,0.47,8,3.76,Credit card,287,0.25,0.25,2.0,50.0,18000,-6378.879999999992,0.645617777777778,🔴 Below Target,1630,3,3873.706666666669,0.14026186804714166,🔴 Low,Traditional Food,1950,0.531975128205128,3
1342,2024-06-25,6,Tuesday,7,La Libertad,La Libertad,2,Pupusas de frijol,Traditional Food,0.5,0.0,0.5,7,3.5,Debit card,104,0.2,0.3,2.1,60.0,16800,-6134.490000000002,0.634851785714286,🔴 Below Target,1630,3,3555.1699999999996,0.15282907240253868,🔴 Low,Traditional Food,1950,0.531975128205128,3
1343,2024-04-06,4,Saturday,6,Usulután,Usulután,3,Tamales de elote,Traditional Food,1.0,0.1,0.9,16,14.4,Debit card,240,0.55,0.44999999999999996,7.199999999999999,44.99999999999999,16800,-4396.6900000000005,0.738292261904762,🟡 At Risk,1630,3,4134.4366666666665,0.13141653316735613,🟡 Medium,Traditional Food,1950,0.531975128205128,3
1344,2024-11-11,11,Monday,6,Usulután,Usulután,11,Jarrito de barro,Handicrafts,8.0,0.0,8.0,10,80.0,Cash,54,3.5,4.5,45.0,56.25,16800,-4396.6900000000005,0.738292261904762,🟡 At Risk,1630,3,4134.4366666666665,0.13141653316735613,🟡 Medium,Handicrafts,2250,2.939564814814815,3
1345,2024-09-10,9,Tuesday,1,San Salvador Centro,San Salvador,15,Arroz blanco 1lb,Groceries,0.9,0.0,0.9,8,7.2,Debit card,355,0.45,0.45,3.6,50.0,21600,-7478.849999999997,0.653756944444444,🔴 Below Target,1630,3,4707.050000000001,0.11542969234092122,🟡 Medium,Groceries,350,2.290714285714286,1
1346,2024-11-15,11,Friday,8,Chalatenango,Chalatenango,8,Fresco de tamarindo,Beverages,0.75,0.0,0.75,7,5.25,Cash,394,0.3,0.45,3.15,60.0,18000,-1665.6599999999962,0.907463333333334,🟢 On Track,1630,3,5444.780000000002,0.09978976805919307,🟢 High,Beverages,500,1.2037333333333333,2
1347,2024-04-15,4,Monday,7,La Libertad,La Libertad,11,Jarrito de barro,Handicrafts,8.0,0.0,8.0,13,104.0,Credit card,4,3.5,4.5,58.5,56.25,16800,-6134.490000000002,0.634851785714286,🔴 Below Target,1630,3,3555.1699999999996,0.15282907240253868,🔴 Low,Handicrafts,2250,2.939564814814815,3
1348,2024-02-07,2,Wednesday,1,San Salvador Centro,San Salvador,12,Canasta de palma,Handicrafts,12.0,0.0,12.0,12,144.0,Debit card,73,5.5,6.5,78.0,54.166666666666664,21600,-7478.849999999997,0.653756944444444,🔴 Below Target,1630,3,4707.050000000001,0.11542969234092122,🟡 Medium,Handicrafts,2250,2.939564814814815,3
1349,2024-04-09,4,Tuesday,8,Chalatenango,Chalatenango,10,Hamaca artesanal,Handicrafts,35.0,0.15,29.75,19,565.25,Cash,500,18.0,17.0,323.0,48.57142857142857,18000,-1665.6599999999962,0.907463333333334,🟢 On Track,1630,3,5444.780000000002,0.09978976805919307,🟢 High,Handicrafts,2250,2.939564814814815,3
1350,2024-04-11,4,Thursday,4,Soyapango,San Salvador,1,Pupusas de queso,Traditional Food,0.5,0.0,0.5,10,5.0,Cash,135,0.25,0.25,2.5,50.0,19200,-7206.970000000003,0.624636979166666,🔴 Below Target,1630,3,3997.676666666666,0.13591227571347694,🔴 Low,Traditional Food,1950,0.531975128205128,3
1351,2024-10-10,10,Thursday,6,Usulután,Usulután,6,Kolachampán,Beverages,0.75,0.0,0.75,8,6.0,Cash,91,0.35,0.4,3.2,53.333333333333336,16800,-4396.6900000000005,0.738292261904762,🟡 At Risk,1630,3,4134.4366666666665,0.13141653316735613,🟡 Medium,Beverages,500,1.2037333333333333,2
1352,2024-01-11,1,Thursday,2,Santa Ana,Santa Ana,9,Camisa guayabera,Clothing,18.0,0.0,18.0,5,90.0,Debit card,454,9.0,9.0,45.0,50.0,19200,-5584.200000000003,0.70915625,🟡 At Risk,1630,3,4538.599999999999,0.11971386183698353,🟡 Medium,Clothing,400,0.89325,1
1353,2024-04-17,4,Wednesday,6,Usulután,Usulután,4,Yuca frita,Traditional Food,2.5,0.0,2.5,10,25.0,Cash,415,1.2,1.3,13.0,52.0,16800,-4396.6900000000005,0.738292261904762,🟡 At Risk,1630,3,4134.4366666666665,0.13141653316735613,🟡 Medium,Traditional Food,1950,0.531975128205128,3
1354,2024-09-26,9,Thursday,3,San Miguel,San Miguel,12,Canasta de palma,Handicrafts,12.0,0.0,12.0,20,240.0,Credit card,34,5.5,6.5,130.0,54.166666666666664,18000,-6378.879999999992,0.645617777777778,🔴 Below Target,1630,3,3873.706666666669,0.14026186804714166,🔴 Low,Handicrafts,2250,2.939564814814815,3
1355,2024-03-07,3,Thursday,3,San Miguel,San Miguel,4,Yuca frita,Traditional Food,2.5,0.0,2.5,7,17.5,Debit card,356,1.2,1.3,9.1,52.0,18000,-6378.879999999992,0.645617777777778,🔴 Below Target,1630,3,3873.706666666669,0.14026186804714166,🔴 Low,Traditional Food,1950,0.531975128205128,3
1356,2024-11-02,11,Saturday,6,Usulután,Usulután,12,Canasta de palma,Handicrafts,12.0,0.1,10.8,14,151.2,Cash,24,5.5,6.5,91.0,54.166666666666664,16800,-4396.6900000000005,0.738292261904762,🟡 At Risk,1630,3,4134.4366666666665,0.13141653316735613,🟡 Medium,Handicrafts,2250,2.939564814814815,3
1357,2024-03-17,3,Sunday,5,Metrocentro,San Salvador,7,Café salvadoreño,Beverages,1.5,0.0,1.5,11,16.5,Cash,408,0.65,0.85,9.35,56.666666666666664,20400,-7248.4400000000005,0.64468431372549,🔴 Below Target,1630,3,4383.8533333333335,0.12393966951449106,🟡 Medium,Beverages,500,1.2037333333333333,2
1358,2024-09-17,9,Tuesday,3,San Miguel,San Miguel,9,Camisa guayabera,Clothing,18.0,0.0,18.0,19,342.0,Cash,42,9.0,9.0,171.0,50.0,18000,-6378.879999999992,0.645617777777778,🔴 Below Target,1630,3,3873.706666666669,0.14026186804714166,🔴 Low,Clothing,400,0.89325,1
1359,2024-03-26,3,Tuesday,2,Santa Ana,Santa Ana,16,Crema salvadoreña,Dairy,1.5,0.0,1.5,17,25.5,Credit card,331,0.7,0.8,13.600000000000001,53.333333333333336,19200,-5584.200000000003,0.70915625,🟡 At Risk,1630,3,4538.599999999999,0.11971386183698353,🟡 Medium,Dairy,550,1.1310733333333334,2
1360,2024-09-12,9,Thursday,6,Usulután,Usulután,17,Queso duro blando,Dairy,3.5,0.0,3.5,17,59.5,Cash,365,1.8,1.7,28.9,48.57142857142857,16800,-4396.6900000000005,0.738292261904762,🟡 At Risk,1630,3,4134.4366666666665,0.13141653316735613,🟡 Medium,Dairy,550,1.1310733333333334,2
1361,2024-09-10,9,Tuesday,8,Chalatenango,Chalatenango,12,Canasta de palma,Handicrafts,12.0,0.0,12.0,16,192.0,Debit card,327,5.5,6.5,104.0,54.166666666666664,18000,-1665.6599999999962,0.907463333333334,🟢 On Track,1630,3,5444.780000000002,0.09978976805919307,🟢 High,Handicrafts,2250,2.939564814814815,3
1362,2024-04-22,4,Monday,4,Soyapango,San Salvador,2,Pupusas de frijol,Traditional Food,0.5,0.0,0.5,7,3.5,Credit card,203,0.2,0.3,2.1,60.0,19200,-7206.970000000003,0.624636979166666,🔴 Below Target,1630,3,3997.676666666666,0.13591227571347694,🔴 Low,Traditional Food,1950,0.531975128205128,3
1363,2024-08-05,8,Monday,5,Metrocentro,San Salvador,7,Café salvadoreño,Beverages,1.5,0.05,1.42,13,18.46,Cash,432,0.65,0.85,11.049999999999999,56.666666666666664,20400,-7248.4400000000005,0.64468431372549,🔴 Below Target,1630,3,4383.8533333333335,0.12393966951449106,🟡 Medium,Beverages,500,1.2037333333333333,2
1364,2024-10-08,10,Tuesday,5,Metrocentro,San Salvador,12,Canasta de palma,Handicrafts,12.0,0.0,12.0,3,36.0,Credit card,152,5.5,6.5,19.5,54.166666666666664,20400,-7248.4400000000005,0.64468431372549,🔴 Below Target,1630,3,4383.8533333333335,0.12393966951449106,🟡 Medium,Handicrafts,2250,2.939564814814815,3
1365,2024-04-27,4,Saturday,6,Usulután,Usulután,15,Arroz blanco 1lb,Groceries,0.9,0.0,0.9,19,17.1,Cash,319,0.45,0.45,8.55,50.0,16800,-4396.6900000000005,0.738292261904762,🟡 At Risk,1630,3,4134.4366666666665,0.13141653316735613,🟡 Medium,Groceries,350,2.290714285714286,1
1366,2024-08-18,8,Sunday,7,La Libertad,La Libertad,11,Jarrito de barro,Handicrafts,8.0,0.0,8.0,15,120.0,Cash,412,3.5,4.5,67.5,56.25,16800,-6134.490000000002,0.634851785714286,🔴 Below Target,1630,3,3555.1699999999996,0.15282907240253868,🔴 Low,Handicrafts,2250,2.939564814814815,3
1367,2024-05-19,5,Sunday,6,Usulután,Usulután,16,Crema salvadoreña,Dairy,1.5,0.0,1.5,13,19.5,Cash,120,0.7,0.8,10.4,53.333333333333336,16800,-4396.6900000000005,0.738292261904762,🟡 At Risk,1630,3,4134.4366666666665,0.13141653316735613,🟡 Medium,Dairy,550,1.1310733333333334,2
1368,2024-07-02,7,Tuesday,2,Santa Ana,Santa Ana,9,Camisa guayabera,Clothing,18.0,0.0,18.0,3,54.0,Credit card,263,9.0,9.0,27.0,50.0,19200,-5584.200000000003,0.70915625,🟡 At Risk,1630,3,4538.599999999999,0.11971386183698353,🟡 Medium,Clothing,400,0.89325,1
1369,2024-05-21,5,Tuesday,2,Santa Ana,Santa Ana,18,Curtido en frasco,Groceries,2.0,0.0,2.0,8,16.0,Cash,185,0.9,1.1,8.8,55.00000000000001,19200,-5584.200000000003,0.70915625,🟡 At Risk,1630,3,4538.599999999999,0.11971386183698353,🟡 Medium,Groceries,350,2.290714285714286,1
1370,2024-06-19,6,Wednesday,4,Soyapango,San Salvador,2,Pupusas de frijol,Traditional Food,0.5,0.1,0.45,7,3.15,Cash,155,0.2,0.3,2.1,60.0,19200,-7206.970000000003,0.624636979166666,🔴 Below Target,1630,3,3997.676666666666,0.13591227571347694,🔴 Low,Traditional Food,1950,0.531975128205128,3
1371,2024-12-27,12,Friday,4,Soyapango,San Salvador,9,Camisa guayabera,Clothing,18.0,0.0,18.0,20,360.0,Transfer,386,9.0,9.0,180.0,50.0,19200,-7206.970000000003,0.624636979166666,🔴 Below Target,1630,3,3997.676666666666,0.13591227571347694,🔴 Low,Clothing,400,0.89325,1
1372,2024-01-05,1,Friday,5,Metrocentro,San Salvador,18,Curtido en frasco,Groceries,2.0,0.0,2.0,10,20.0,Credit card,401,0.9,1.1,11.0,55.00000000000001,20400,-7248.4400000000005,0.64468431372549,🔴 Below Target,1630,3,4383.8533333333335,0.12393966951449106,🟡 Medium,Groceries,350,2.290714285714286,1
1373,2024-10-23,10,Wednesday,7,La Libertad,La Libertad,13,Aceite vegetal 1L,Groceries,2.8,0.0,2.8,1,2.8,Debit card,390,1.8,0.9999999999999998,0.9999999999999998,35.71428571428571,16800,-6134.490000000002,0.634851785714286,🔴 Below Target,1630,3,3555.1699999999996,0.15282907240253868,🔴 Low,Groceries,350,2.290714285714286,1
1374,2024-04-26,4,Friday,7,La Libertad,La Libertad,5,Atol de elote,Beverages,1.0,0.1,0.9,8,7.2,Debit card,243,0.45,0.55,4.4,55.00000000000001,16800,-6134.490000000002,0.634851785714286,🔴 Below Target,1630,3,3555.1699999999996,0.15282907240253868,🔴 Low,Beverages,500,1.2037333333333333,2
1375,2024-08-24,8,Saturday,8,Chalatenango,Chalatenango,8,Fresco de tamarindo,Beverages,0.75,0.15,0.64,11,7.04,Cash,434,0.3,0.45,4.95,60.0,18000,-1665.6599999999962,0.907463333333334,🟢 On Track,1630,3,5444.780000000002,0.09978976805919307,🟢 High,Beverages,500,1.2037333333333333,2
1376,2024-12-23,12,Monday,7,La Libertad,La Libertad,7,Café salvadoreño,Beverages,1.5,0.0,1.5,14,21.0,Cash,437,0.65,0.85,11.9,56.666666666666664,16800,-6134.490000000002,0.634851785714286,🔴 Below Target,1630,3,3555.1699999999996,0.15282907240253868,🔴 Low,Beverages,500,1.2037333333333333,2
1377,2024-07-10,7,Wednesday,1,San Salvador Centro,San Salvador,18,Curtido en frasco,Groceries,2.0,0.05,1.9,5,9.5,Credit card,157,0.9,1.1,5.5,55.00000000000001,21600,-7478.849999999997,0.653756944444444,🔴 Below Target,1630,3,4707.050000000001,0.11542969234092122,🟡 Medium,Groceries,350,2.290714285714286,1
1378,2024-12-03,12,Tuesday,8,Chalatenango,Chalatenango,1,Pupusas de queso,Traditional Food,0.5,0.0,0.5,12,6.0,Cash,218,0.25,0.25,3.0,50.0,18000,-1665.6599999999962,0.907463333333334,🟢 On Track,1630,3,5444.780000000002,0.09978976805919307,🟢 High,Traditional Food,1950,0.531975128205128,3
1379,2024-06-15,6,Saturday,5,Metrocentro,San Salvador,13,Aceite vegetal 1L,Groceries,2.8,0.0,2.8,19,53.2,Debit card,17,1.8,0.9999999999999998,18.999999999999996,35.71428571428571,20400,-7248.4400000000005,0.64468431372549,🔴 Below Target,1630,3,4383.8533333333335,0.12393966951449106,🟡 Medium,Groceries,350,2.290714285714286,1
1380,2024-06-18,6,Tuesday,3,San Miguel,San Miguel,5,Atol de elote,Beverages,1.0,0.1,0.9,19,17.1,Credit card,468,0.45,0.55,10.450000000000001,55.00000000000001,18000,-6378.879999999992,0.645617777777778,🔴 Below Target,1630,3,3873.706666666669,0.14026186804714166,🔴 Low,Beverages,500,1.2037333333333333,2
1381,2024-04-14,4,Sunday,7,La Libertad,La Libertad,13,Aceite vegetal 1L,Groceries,2.8,0.0,2.8,13,36.4,Debit card,97,1.8,0.9999999999999998,12.999999999999996,35.71428571428571,16800,-6134.490000000002,0.634851785714286,🔴 Below Target,1630,3,3555.1699999999996,0.15282907240253868,🔴 Low,Groceries,350,2.290714285714286,1
1382,2024-06-17,6,Monday,2,Santa Ana,Santa Ana,16,Crema salvadoreña,Dairy,1.5,0.0,1.5,19,28.5,Debit card,156,0.7,0.8,15.200000000000001,53.333333333333336,19200,-5584.200000000003,0.70915625,🟡 At Risk,1630,3,4538.599999999999,0.11971386183698353,🟡 Medium,Dairy,550,1.1310733333333334,2
1383,2024-02-23,2,Friday,3,San Miguel,San Miguel,3,Tamales de elote,Traditional Food,1.0,0.0,1.0,18,18.0,Cash,353,0.55,0.44999999999999996,8.1,44.99999999999999,18000,-6378.879999999992,0.645617777777778,🔴 Below Target,1630,3,3873.706666666669,0.14026186804714166,🔴 Low,Traditional Food,1950,0.531975128205128,3
1384,2024-04-05,4,Friday,1,San Salvador Centro,San Salvador,16,Crema salvadoreña,Dairy,1.5,0.0,1.5,7,10.5,Bitcoin,198,0.7,0.8,5.6000000000000005,53.333333333333336,21600,-7478.849999999997,0.653756944444444,🔴 Below Target,1630,3,4707.050000000001,0.11542969234092122,🟡 Medium,Dairy,550,1.1310733333333334,2
1385,2024-04-29,4,Monday,4,Soyapango,San Salvador,10,Hamaca artesanal,Handicrafts,35.0,0.1,31.5,10,315.0,Debit card,233,18.0,17.0,170.0,48.57142857142857,19200,-7206.970000000003,0.624636979166666,🔴 Below Target,1630,3,3997.676666666666,0.13591227571347694,🔴 Low,Handicrafts,2250,2.939564814814815,3
1386,2024-09-22,9,Sunday,6,Usulután,Usulután,2,Pupusas de frijol,Traditional Food,0.5,0.0,0.5,1,0.5,Cash,466,0.2,0.3,0.3,60.0,16800,-4396.6900000000005,0.738292261904762,🟡 At Risk,1630,3,4134.4366666666665,0.13141653316735613,🟡 Medium,Traditional Food,1950,0.531975128205128,3
1387,2024-03-21,3,Thursday,7,La Libertad,La Libertad,14,Frijoles rojos 1lb,Groceries,1.2,0.0,1.2,4,4.8,Debit card,245,0.65,0.5499999999999999,2.1999999999999997,45.83333333333333,16800,-6134.490000000002,0.634851785714286,🔴 Below Target,1630,3,3555.1699999999996,0.15282907240253868,🔴 Low,Groceries,350,2.290714285714286,1
1388,2024-04-15,4,Monday,7,La Libertad,La Libertad,3,Tamales de elote,Traditional Food,1.0,0.15,0.85,5,4.25,Cash,222,0.55,0.44999999999999996,2.25,44.99999999999999,16800,-6134.490000000002,0.634851785714286,🔴 Below Target,1630,3,3555.1699999999996,0.15282907240253868,🔴 Low,Traditional Food,1950,0.531975128205128,3
1389,2024-11-05,11,Tuesday,3,San Miguel,San Miguel,16,Crema salvadoreña,Dairy,1.5,0.0,1.5,19,28.5,Debit card,258,0.7,0.8,15.200000000000001,53.333333333333336,18000,-6378.879999999992,0.645617777777778,🔴 Below Target,1630,3,3873.706666666669,0.14026186804714166,🔴 Low,Dairy,550,1.1310733333333334,2
1390,2024-04-13,4,Saturday,5,Metrocentro,San Salvador,15,Arroz blanco 1lb,Groceries,0.9,0.0,0.9,1,0.9,Cash,423,0.45,0.45,0.45,50.0,20400,-7248.4400000000005,0.64468431372549,🔴 Below Target,1630,3,4383.8533333333335,0.12393966951449106,🟡 Medium,Groceries,350,2.290714285714286,1
1391,2024-09-26,9,Thursday,4,Soyapango,San Salvador,13,Aceite vegetal 1L,Groceries,2.8,0.05,2.66,11,29.26,Credit card,236,1.8,0.9999999999999998,10.999999999999998,35.71428571428571,19200,-7206.970000000003,0.624636979166666,🔴 Below Target,1630,3,3997.676666666666,0.13591227571347694,🔴 Low,Groceries,350,2.290714285714286,1
1392,2024-02-16,2,Friday,1,San Salvador Centro,San Salvador,15,Arroz blanco 1lb,Groceries,0.9,0.1,0.81,10,8.1,Credit card,234,0.45,0.45,4.5,50.0,21600,-7478.849999999997,0.653756944444444,🔴 Below Target,1630,3,4707.050000000001,0.11542969234092122,🟡 Medium,Groceries,350,2.290714285714286,1
1393,2024-07-19,7,Friday,5,Metrocentro,San Salvador,12,Canasta de palma,Handicrafts,12.0,0.15,10.2,20,204.0,Credit card,90,5.5,6.5,130.0,54.166666666666664,20400,-7248.4400000000005,0.64468431372549,🔴 Below Target,1630,3,4383.8533333333335,0.12393966951449106,🟡 Medium,Handicrafts,2250,2.939564814814815,3
1394,2024-04-01,4,Monday,4,Soyapango,San Salvador,14,Frijoles rojos 1lb,Groceries,1.2,0.1,1.08,20,21.6,Cash,197,0.65,0.5499999999999999,10.999999999999998,45.83333333333333,19200,-7206.970000000003,0.624636979166666,🔴 Below Target,1630,3,3997.676666666666,0.13591227571347694,🔴 Low,Groceries,350,2.290714285714286,1
1395,2024-07-20,7,Saturday,2,Santa Ana,Santa Ana,6,Kolachampán,Beverages,0.75,0.0,0.75,2,1.5,Credit card,81,0.35,0.4,0.8,53.333333333333336,19200,-5584.200000000003,0.70915625,🟡 At Risk,1630,3,4538.599999999999,0.11971386183698353,🟡 Medium,Beverages,500,1.2037333333333333,2
1396,2024-12-07,12,Saturday,5,Metrocentro,San Salvador,9,Camisa guayabera,Clothing,18.0,0.1,16.2,3,48.6,Debit card,462,9.0,9.0,27.0,50.0,20400,-7248.4400000000005,0.64468431372549,🔴 Below Target,1630,3,4383.8533333333335,0.12393966951449106,🟡 Medium,Clothing,400,0.89325,1
1397,2024-07-29,7,Monday,8,Chalatenango,Chalatenango,7,Café salvadoreño,Beverages,1.5,0.0,1.5,18,27.0,Transfer,40,0.65,0.85,15.299999999999999,56.666666666666664,18000,-1665.6599999999962,0.907463333333334,🟢 On Track,1630,3,5444.780000000002,0.09978976805919307,🟢 High,Beverages,500,1.2037333333333333,2
1398,2024-07-28,7,Sunday,6,Usulután,Usulután,4,Yuca frita,Traditional Food,2.5,0.0,2.5,15,37.5,Cash,260,1.2,1.3,19.5,52.0,16800,-4396.6900000000005,0.738292261904762,🟡 At Risk,1630,3,4134.4366666666665,0.13141653316735613,🟡 Medium,Traditional Food,1950,0.531975128205128,3
1399,2024-01-14,1,Sunday,8,Chalatenango,Chalatenango,2,Pupusas de frijol,Traditional Food,0.5,0.1,0.45,3,1.35,Debit card,384,0.2,0.3,0.8999999999999999,60.0,18000,-1665.6599999999962,0.907463333333334,🟢 On Track,1630,3,5444.780000000002,0.09978976805919307,🟢 High,Traditional Food,1950,0.531975128205128,3
1400,2024-06-24,6,Monday,7,La Libertad,La Libertad,15,Arroz blanco 1lb,Groceries,0.9,0.15,0.77,13,10.01,Cash,20,0.45,0.45,5.8500000000000005,50.0,16800,-6134.490000000002,0.634851785714286,🔴 Below Target,1630,3,3555.1699999999996,0.15282907240253868,🔴 Low,Groceries,350,2.290714285714286,1
1401,2024-02-28,2,Wednesday,5,Metrocentro,San Salvador,1,Pupusas de queso,Traditional Food,0.5,0.0,0.5,5,2.5,Debit card,238,0.25,0.25,1.25,50.0,20400,-7248.4400000000005,0.64468431372549,🔴 Below Target,1630,3,4383.8533333333335,0.12393966951449106,🟡 Medium,Traditional Food,1950,0.531975128205128,3
1402,2024-02-04,2,Sunday,8,Chalatenango,Chalatenango,16,Crema salvadoreña,Dairy,1.5,0.05,1.42,3,4.26,Debit card,366,0.7,0.8,2.4000000000000004,53.333333333333336,18000,-1665.6599999999962,0.907463333333334,🟢 On Track,1630,3,5444.780000000002,0.09978976805919307,🟢 High,Dairy,550,1.1310733333333334,2
1403,2024-08-29,8,Thursday,3,San Miguel,San Miguel,15,Arroz blanco 1lb,Groceries,0.9,0.15,0.77,9,6.93,Cash,430,0.45,0.45,4.05,50.0,18000,-6378.879999999992,0.645617777777778,🔴 Below Target,1630,3,3873.706666666669,0.14026186804714166,🔴 Low,Groceries,350,2.290714285714286,1
1404,2024-03-31,3,Sunday,2,Santa Ana,Santa Ana,1,Pupusas de queso,Traditional Food,0.5,0.0,0.5,10,5.0,Debit card,201,0.25,0.25,2.5,50.0,19200,-5584.200000000003,0.70915625,🟡 At Risk,1630,3,4538.599999999999,0.11971386183698353,🟡 Medium,Traditional Food,1950,0.531975128205128,3
1405,2024-12-09,12,Monday,2,Santa Ana,Santa Ana,6,Kolachampán,Beverages,0.75,0.1,0.68,1,0.68,Cash,226,0.35,0.4,0.4,53.333333333333336,19200,-5584.200000000003,0.70915625,🟡 At Risk,1630,3,4538.599999999999,0.11971386183698353,🟡 Medium,Beverages,500,1.2037333333333333,2
1406,2024-04-20,4,Saturday,3,San Miguel,San Miguel,12,Canasta de palma,Handicrafts,12.0,0.1,10.8,2,21.6,Debit card,227,5.5,6.5,13.0,54.166666666666664,18000,-6378.879999999992,0.645617777777778,🔴 Below Target,1630,3,3873.706666666669,0.14026186804714166,🔴 Low,Handicrafts,2250,2.939564814814815,3
1407,2024-07-18,7,Thursday,2,Santa Ana,Santa Ana,2,Pupusas de frijol,Traditional Food,0.5,0.0,0.5,10,5.0,Cash,3,0.2,0.3,3.0,60.0,19200,-5584.200000000003,0.70915625,🟡 At Risk,1630,3,4538.599999999999,0.11971386183698353,🟡 Medium,Traditional Food,1950,0.531975128205128,3
1408,2024-04-13,4,Saturday,7,La Libertad,La Libertad,2,Pupusas de frijol,Traditional Food,0.5,0.0,0.5,8,4.0,Bitcoin,103,0.2,0.3,2.4,60.0,16800,-6134.490000000002,0.634851785714286,🔴 Below Target,1630,3,3555.1699999999996,0.15282907240253868,🔴 Low,Traditional Food,1950,0.531975128205128,3
1409,2024-08-03,8,Saturday,1,San Salvador Centro,San Salvador,3,Tamales de elote,Traditional Food,1.0,0.0,1.0,1,1.0,Cash,99,0.55,0.44999999999999996,0.44999999999999996,44.99999999999999,21600,-7478.849999999997,0.653756944444444,🔴 Below Target,1630,3,4707.050000000001,0.11542969234092122,🟡 Medium,Traditional Food,1950,0.531975128205128,3
1410,2024-02-19,2,Monday,4,Soyapango,San Salvador,3,Tamales de elote,Traditional Food,1.0,0.1,0.9,6,5.4,Cash,213,0.55,0.44999999999999996,2.6999999999999997,44.99999999999999,19200,-7206.970000000003,0.624636979166666,🔴 Below Target,1630,3,3997.676666666666,0.13591227571347694,🔴 Low,Traditional Food,1950,0.531975128205128,3
1411,2024-06-16,6,Sunday,2,Santa Ana,Santa Ana,17,Queso duro blando,Dairy,3.5,0.05,3.32,11,36.52,Debit card,320,1.8,1.7,18.7,48.57142857142857,19200,-5584.200000000003,0.70915625,🟡 At Risk,1630,3,4538.599999999999,0.11971386183698353,🟡 Medium,Dairy,550,1.1310733333333334,2
1412,2024-08-07,8,Wednesday,7,La Libertad,La Libertad,7,Café salvadoreño,Beverages,1.5,0.0,1.5,4,6.0,Cash,183,0.65,0.85,3.4,56.666666666666664,16800,-6134.490000000002,0.634851785714286,🔴 Below Target,1630,3,3555.1699999999996,0.15282907240253868,🔴 Low,Beverages,500,1.2037333333333333,2
1413,2024-01-08,1,Monday,3,San Miguel,San Miguel,11,Jarrito de barro,Handicrafts,8.0,0.1,7.2,13,93.6,Cash,200,3.5,4.5,58.5,56.25,18000,-6378.879999999992,0.645617777777778,🔴 Below Target,1630,3,3873.706666666669,0.14026186804714166,🔴 Low,Handicrafts,2250,2.939564814814815,3
1414,2024-04-22,4,Monday,8,Chalatenango,Chalatenango,7,Café salvadoreño,Beverages,1.5,0.1,1.35,3,4.05,Credit card,333,0.65,0.85,2.55,56.666666666666664,18000,-1665.6599999999962,0.907463333333334,🟢 On Track,1630,3,5444.780000000002,0.09978976805919307,🟢 High,Beverages,500,1.2037333333333333,2
1415,2024-02-04,2,Sunday,1,San Salvador Centro,San Salvador,12,Canasta de palma,Handicrafts,12.0,0.0,12.0,7,84.0,Cash,307,5.5,6.5,45.5,54.166666666666664,21600,-7478.849999999997,0.653756944444444,🔴 Below Target,1630,3,4707.050000000001,0.11542969234092122,🟡 Medium,Handicrafts,2250,2.939564814814815,3
1416,2024-12-30,12,Monday,2,Santa Ana,Santa Ana,16,Crema salvadoreña,Dairy,1.5,0.15,1.27,18,22.86,Transfer,436,0.7,0.8,14.4,53.333333333333336,19200,-5584.200000000003,0.70915625,🟡 At Risk,1630,3,4538.599999999999,0.11971386183698353,🟡 Medium,Dairy,550,1.1310733333333334,2
1417,2024-02-18,2,Sunday,5,Metrocentro,San Salvador,6,Kolachampán,Beverages,0.75,0.0,0.75,20,15.0,Transfer,357,0.35,0.4,8.0,53.333333333333336,20400,-7248.4400000000005,0.64468431372549,🔴 Below Target,1630,3,4383.8533333333335,0.12393966951449106,🟡 Medium,Beverages,500,1.2037333333333333,2
1418,2024-06-19,6,Wednesday,3,San Miguel,San Miguel,13,Aceite vegetal 1L,Groceries,2.8,0.1,2.52,6,15.12,Credit card,353,1.8,0.9999999999999998,5.999999999999998,35.71428571428571,18000,-6378.879999999992,0.645617777777778,🔴 Below Target,1630,3,3873.706666666669,0.14026186804714166,🔴 Low,Groceries,350,2.290714285714286,1
1419,2024-02-04,2,Sunday,8,Chalatenango,Chalatenango,11,Jarrito de barro,Handicrafts,8.0,0.0,8.0,11,88.0,Debit card,300,3.5,4.5,49.5,56.25,18000,-1665.6599999999962,0.907463333333334,🟢 On Track,1630,3,5444.780000000002,0.09978976805919307,🟢 High,Handicrafts,2250,2.939564814814815,3
1420,2024-09-18,9,Wednesday,7,La Libertad,La Libertad,15,Arroz blanco 1lb,Groceries,0.9,0.05,0.85,8,6.8,Debit card,7,0.45,0.45,3.6,50.0,16800,-6134.490000000002,0.634851785714286,🔴 Below Target,1630,3,3555.1699999999996,0.15282907240253868,🔴 Low,Groceries,350,2.290714285714286,1
1421,2024-11-11,11,Monday,1,San Salvador Centro,San Salvador,8,Fresco de tamarindo,Beverages,0.75,0.0,0.75,4,3.0,Cash,220,0.3,0.45,1.8,60.0,21600,-7478.849999999997,0.653756944444444,🔴 Below Target,1630,3,4707.050000000001,0.11542969234092122,🟡 Medium,Beverages,500,1.2037333333333333,2
1422,2024-01-31,1,Wednesday,2,Santa Ana,Santa Ana,8,Fresco de tamarindo,Beverages,0.75,0.0,0.75,5,3.75,Cash,104,0.3,0.45,2.25,60.0,19200,-5584.200000000003,0.70915625,🟡 At Risk,1630,3,4538.599999999999,0.11971386183698353,🟡 Medium,Beverages,500,1.2037333333333333,2
1423,2024-04-14,4,Sunday,7,La Libertad,La Libertad,5,Atol de elote,Beverages,1.0,0.0,1.0,2,2.0,Bitcoin,307,0.45,0.55,1.1,55.00000000000001,16800,-6134.490000000002,0.634851785714286,🔴 Below Target,1630,3,3555.1699999999996,0.15282907240253868,🔴 Low,Beverages,500,1.2037333333333333,2
1424,2024-03-09,3,Saturday,6,Usulután,Usulután,15,Arroz blanco 1lb,Groceries,0.9,0.0,0.9,9,8.1,Debit card,390,0.45,0.45,4.05,50.0,16800,-4396.6900000000005,0.738292261904762,🟡 At Risk,1630,3,4134.4366666666665,0.13141653316735613,🟡 Medium,Groceries,350,2.290714285714286,1
1425,2024-11-27,11,Wednesday,7,La Libertad,La Libertad,2,Pupusas de frijol,Traditional Food,0.5,0.15,0.42,10,4.2,Cash,434,0.2,0.3,3.0,60.0,16800,-6134.490000000002,0.634851785714286,🔴 Below Target,1630,3,3555.1699999999996,0.15282907240253868,🔴 Low,Traditional Food,1950,0.531975128205128,3
1426,2024-05-04,5,Saturday,6,Usulután,Usulután,11,Jarrito de barro,Handicrafts,8.0,0.05,7.6,7,53.2,Cash,470,3.5,4.5,31.5,56.25,16800,-4396.6900000000005,0.738292261904762,🟡 At Risk,1630,3,4134.4366666666665,0.13141653316735613,🟡 Medium,Handicrafts,2250,2.939564814814815,3
1427,2024-11-07,11,Thursday,4,Soyapango,San Salvador,8,Fresco de tamarindo,Beverages,0.75,0.05,0.71,13,9.23,Cash,227,0.3,0.45,5.8500000000000005,60.0,19200,-7206.970000000003,0.624636979166666,🔴 Below Target,1630,3,3997.676666666666,0.13591227571347694,🔴 Low,Beverages,500,1.2037333333333333,2
1428,2024-09-08,9,Sunday,2,Santa Ana,Santa Ana,1,Pupusas de queso,Traditional Food,0.5,0.0,0.5,3,1.5,Cash,73,0.25,0.25,0.75,50.0,19200,-5584.200000000003,0.70915625,🟡 At Risk,1630,3,4538.599999999999,0.11971386183698353,🟡 Medium,Traditional Food,1950,0.531975128205128,3
1429,2024-02-16,2,Friday,3,San Miguel,San Miguel,7,Café salvadoreño,Beverages,1.5,0.05,1.42,6,8.52,Debit card,408,0.65,0.85,5.1,56.666666666666664,18000,-6378.879999999992,0.645617777777778,🔴 Below Target,1630,3,3873.706666666669,0.14026186804714166,🔴 Low,Beverages,500,1.2037333333333333,2
1430,2024-09-16,9,Monday,4,Soyapango,San Salvador,7,Café salvadoreño,Beverages,1.5,0.0,1.5,3,4.5,Debit card,160,0.65,0.85,2.55,56.666666666666664,19200,-7206.970000000003,0.624636979166666,🔴 Below Target,1630,3,3997.676666666666,0.13591227571347694,🔴 Low,Beverages,500,1.2037333333333333,2
1431,2024-05-05,5,Sunday,4,Soyapango,San Salvador,6,Kolachampán,Beverages,0.75,0.0,0.75,14,10.5,Debit card,156,0.35,0.4,5.6000000000000005,53.333333333333336,19200,-7206.970000000003,0.624636979166666,🔴 Below Target,1630,3,3997.676666666666,0.13591227571347694,🔴 Low,Beverages,500,1.2037333333333333,2
1432,2024-11-21,11,Thursday,8,Chalatenango,Chalatenango,10,Hamaca artesanal,Handicrafts,35.0,0.0,35.0,7,245.0,Credit card,247,18.0,17.0,119.0,48.57142857142857,18000,-1665.6599999999962,0.907463333333334,🟢 On Track,1630,3,5444.780000000002,0.09978976805919307,🟢 High,Handicrafts,2250,2.939564814814815,3
1433,2024-07-22,7,Monday,6,Usulután,Usulután,3,Tamales de elote,Traditional Food,1.0,0.0,1.0,13,13.0,Cash,217,0.55,0.44999999999999996,5.85,44.99999999999999,16800,-4396.6900000000005,0.738292261904762,🟡 At Risk,1630,3,4134.4366666666665,0.13141653316735613,🟡 Medium,Traditional Food,1950,0.531975128205128,3
1434,2024-03-20,3,Wednesday,7,La Libertad,La Libertad,17,Queso duro blando,Dairy,3.5,0.0,3.5,16,56.0,Credit card,219,1.8,1.7,27.2,48.57142857142857,16800,-6134.490000000002,0.634851785714286,🔴 Below Target,1630,3,3555.1699999999996,0.15282907240253868,🔴 Low,Dairy,550,1.1310733333333334,2
1435,2024-10-31,10,Thursday,5,Metrocentro,San Salvador,3,Tamales de elote,Traditional Food,1.0,0.0,1.0,18,18.0,Debit card,90,0.55,0.44999999999999996,8.1,44.99999999999999,20400,-7248.4400000000005,0.64468431372549,🔴 Below Target,1630,3,4383.8533333333335,0.12393966951449106,🟡 Medium,Traditional Food,1950,0.531975128205128,3
1436,2024-08-25,8,Sunday,7,La Libertad,La Libertad,9,Camisa guayabera,Clothing,18.0,0.0,18.0,10,180.0,Cash,288,9.0,9.0,90.0,50.0,16800,-6134.490000000002,0.634851785714286,🔴 Below Target,1630,3,3555.1699999999996,0.15282907240253868,🔴 Low,Clothing,400,0.89325,1
1437,2024-06-19,6,Wednesday,2,Santa Ana,Santa Ana,16,Crema salvadoreña,Dairy,1.5,0.1,1.35,5,6.75,Cash,80,0.7,0.8,4.0,53.333333333333336,19200,-5584.200000000003,0.70915625,🟡 At Risk,1630,3,4538.599999999999,0.11971386183698353,🟡 Medium,Dairy,550,1.1310733333333334,2
1438,2024-01-07,1,Sunday,1,San Salvador Centro,San Salvador,7,Café salvadoreño,Beverages,1.5,0.1,1.35,17,22.95,Debit card,252,0.65,0.85,14.45,56.666666666666664,21600,-7478.849999999997,0.653756944444444,🔴 Below Target,1630,3,4707.050000000001,0.11542969234092122,🟡 Medium,Beverages,500,1.2037333333333333,2
1439,2024-07-21,7,Sunday,7,La Libertad,La Libertad,13,Aceite vegetal 1L,Groceries,2.8,0.0,2.8,12,33.6,Cash,329,1.8,0.9999999999999998,11.999999999999996,35.71428571428571,16800,-6134.490000000002,0.634851785714286,🔴 Below Target,1630,3,3555.1699999999996,0.15282907240253868,🔴 Low,Groceries,350,2.290714285714286,1
1440,2024-01-20,1,Saturday,7,La Libertad,La Libertad,3,Tamales de elote,Traditional Food,1.0,0.0,1.0,4,4.0,Bitcoin,84,0.55,0.44999999999999996,1.7999999999999998,44.99999999999999,16800,-6134.490000000002,0.634851785714286,🔴 Below Target,1630,3,3555.1699999999996,0.15282907240253868,🔴 Low,Traditional Food,1950,0.531975128205128,3
1441,2024-05-10,5,Friday,7,La Libertad,La Libertad,7,Café salvadoreño,Beverages,1.5,0.05,1.42,12,17.04,Debit card,326,0.65,0.85,10.2,56.666666666666664,16800,-6134.490000000002,0.634851785714286,🔴 Below Target,1630,3,3555.1699999999996,0.15282907240253868,🔴 Low,Beverages,500,1.2037333333333333,2
1442,2024-11-29,11,Friday,1,San Salvador Centro,San Salvador,12,Canasta de palma,Handicrafts,12.0,0.0,12.0,13,156.0,Debit card,125,5.5,6.5,84.5,54.166666666666664,21600,-7478.849999999997,0.653756944444444,🔴 Below Target,1630,3,4707.050000000001,0.11542969234092122,🟡 Medium,Handicrafts,2250,2.939564814814815,3
1443,2024-07-04,7,Thursday,1,San Salvador Centro,San Salvador,16,Crema salvadoreña,Dairy,1.5,0.1,1.35,1,1.35,Debit card,76,0.7,0.8,0.8,53.333333333333336,21600,-7478.849999999997,0.653756944444444,🔴 Below Target,1630,3,4707.050000000001,0.11542969234092122,🟡 Medium,Dairy,550,1.1310733333333334,2
1444,2024-12-14,12,Saturday,8,Chalatenango,Chalatenango,9,Camisa guayabera,Clothing,18.0,0.0,18.0,5,90.0,Cash,297,9.0,9.0,45.0,50.0,18000,-1665.6599999999962,0.907463333333334,🟢 On Track,1630,3,5444.780000000002,0.09978976805919307,🟢 High,Clothing,400,0.89325,1
1445,2024-02-29,2,Thursday,1,San Salvador Centro,San Salvador,6,Kolachampán,Beverages,0.75,0.1,0.68,3,2.04,Debit card,197,0.35,0.4,1.2000000000000002,53.333333333333336,21600,-7478.849999999997,0.653756944444444,🔴 Below Target,1630,3,4707.050000000001,0.11542969234092122,🟡 Medium,Beverages,500,1.2037333333333333,2
1446,2024-09-22,9,Sunday,2,Santa Ana,Santa Ana,13,Aceite vegetal 1L,Groceries,2.8,0.0,2.8,7,19.6,Cash,219,1.8,0.9999999999999998,6.999999999999998,35.71428571428571,19200,-5584.200000000003,0.70915625,🟡 At Risk,1630,3,4538.599999999999,0.11971386183698353,🟡 Medium,Groceries,350,2.290714285714286,1
1447,2024-09-13,9,Friday,5,Metrocentro,San Salvador,9,Camisa guayabera,Clothing,18.0,0.1,16.2,18,291.6,Credit card,301,9.0,9.0,162.0,50.0,20400,-7248.4400000000005,0.64468431372549,🔴 Below Target,1630,3,4383.8533333333335,0.12393966951449106,🟡 Medium,Clothing,400,0.89325,1
1448,2024-02-15,2,Thursday,7,La Libertad,La Libertad,10,Hamaca artesanal,Handicrafts,35.0,0.1,31.5,4,126.0,Debit card,409,18.0,17.0,68.0,48.57142857142857,16800,-6134.490000000002,0.634851785714286,🔴 Below Target,1630,3,3555.1699999999996,0.15282907240253868,🔴 Low,Handicrafts,2250,2.939564814814815,3
1449,2024-05-17,5,Friday,3,San Miguel,San Miguel,12,Canasta de palma,Handicrafts,12.0,0.1,10.8,7,75.6,Cash,158,5.5,6.5,45.5,54.166666666666664,18000,-6378.879999999992,0.645617777777778,🔴 Below Target,1630,3,3873.706666666669,0.14026186804714166,🔴 Low,Handicrafts,2250,2.939564814814815,3
1450,2024-09-08,9,Sunday,3,San Miguel,San Miguel,1,Pupusas de queso,Traditional Food,0.5,0.0,0.5,1,0.5,Cash,357,0.25,0.25,0.25,50.0,18000,-6378.879999999992,0.645617777777778,🔴 Below Target,1630,3,3873.706666666669,0.14026186804714166,🔴 Low,Traditional Food,1950,0.531975128205128,3
1451,2024-12-01,12,Sunday,7,La Libertad,La Libertad,14,Frijoles rojos 1lb,Groceries,1.2,0.1,1.08,10,10.8,Cash,91,0.65,0.5499999999999999,5.499999999999999,45.83333333333333,16800,-6134.490000000002,0.634851785714286,🔴 Below Target,1630,3,3555.1699999999996,0.15282907240253868,🔴 Low,Groceries,350,2.290714285714286,1
1452,2024-12-26,12,Thursday,3,San Miguel,San Miguel,12,Canasta de palma,Handicrafts,12.0,0.0,12.0,5,60.0,Cash,258,5.5,6.5,32.5,54.166666666666664,18000,-6378.879999999992,0.645617777777778,🔴 Below Target,1630,3,3873.706666666669,0.14026186804714166,🔴 Low,Handicrafts,2250,2.939564814814815,3
1453,2024-10-17,10,Thursday,8,Chalatenango,Chalatenango,4,Yuca frita,Traditional Food,2.5,0.0,2.5,7,17.5,Cash,384,1.2,1.3,9.1,52.0,18000,-1665.6599999999962,0.907463333333334,🟢 On Track,1630,3,5444.780000000002,0.09978976805919307,🟢 High,Traditional Food,1950,0.531975128205128,3
1454,2024-05-12,5,Sunday,4,Soyapango,San Salvador,6,Kolachampán,Beverages,0.75,0.0,0.75,14,10.5,Debit card,320,0.35,0.4,5.6000000000000005,53.333333333333336,19200,-7206.970000000003,0.624636979166666,🔴 Below Target,1630,3,3997.676666666666,0.13591227571347694,🔴 Low,Beverages,500,1.2037333333333333,2
1455,2024-02-10,2,Saturday,3,San Miguel,San Miguel,4,Yuca frita,Traditional Food,2.5,0.0,2.5,10,25.0,Cash,142,1.2,1.3,13.0,52.0,18000,-6378.879999999992,0.645617777777778,🔴 Below Target,1630,3,3873.706666666669,0.14026186804714166,🔴 Low,Traditional Food,1950,0.531975128205128,3
1456,2024-01-16,1,Tuesday,6,Usulután,Usulután,3,Tamales de elote,Traditional Food,1.0,0.0,1.0,19,19.0,Cash,345,0.55,0.44999999999999996,8.549999999999999,44.99999999999999,16800,-4396.6900000000005,0.738292261904762,🟡 At Risk,1630,3,4134.4366666666665,0.13141653316735613,🟡 Medium,Traditional Food,1950,0.531975128205128,3
1457,2024-02-01,2,Thursday,1,San Salvador Centro,San Salvador,4,Yuca frita,Traditional Food,2.5,0.15,2.12,9,19.08,Transfer,341,1.2,1.3,11.700000000000001,52.0,21600,-7478.849999999997,0.653756944444444,🔴 Below Target,1630,3,4707.050000000001,0.11542969234092122,🟡 Medium,Traditional Food,1950,0.531975128205128,3
1458,2024-04-18,4,Thursday,2,Santa Ana,Santa Ana,2,Pupusas de frijol,Traditional Food,0.5,0.15,0.42,17,7.14,Cash,309,0.2,0.3,5.1,60.0,19200,-5584.200000000003,0.70915625,🟡 At Risk,1630,3,4538.599999999999,0.11971386183698353,🟡 Medium,Traditional Food,1950,0.531975128205128,3
1459,2024-09-05,9,Thursday,5,Metrocentro,San Salvador,17,Queso duro blando,Dairy,3.5,0.15,2.98,16,47.68,Cash,220,1.8,1.7,27.2,48.57142857142857,20400,-7248.4400000000005,0.64468431372549,🔴 Below Target,1630,3,4383.8533333333335,0.12393966951449106,🟡 Medium,Dairy,550,1.1310733333333334,2
1460,2024-12-15,12,Sunday,6,Usulután,Usulután,11,Jarrito de barro,Handicrafts,8.0,0.0,8.0,11,88.0,Credit card,482,3.5,4.5,49.5,56.25,16800,-4396.6900000000005,0.738292261904762,🟡 At Risk,1630,3,4134.4366666666665,0.13141653316735613,🟡 Medium,Handicrafts,2250,2.939564814814815,3
1461,2024-07-12,7,Friday,7,La Libertad,La Libertad,12,Canasta de palma,Handicrafts,12.0,0.0,12.0,20,240.0,Transfer,448,5.5,6.5,130.0,54.166666666666664,16800,-6134.490000000002,0.634851785714286,🔴 Below Target,1630,3,3555.1699999999996,0.15282907240253868,🔴 Low,Handicrafts,2250,2.939564814814815,3
1462,2024-01-02,1,Tuesday,2,Santa Ana,Santa Ana,11,Jarrito de barro,Handicrafts,8.0,0.15,6.8,15,102.0,Debit card,372,3.5,4.5,67.5,56.25,19200,-5584.200000000003,0.70915625,🟡 At Risk,1630,3,4538.599999999999,0.11971386183698353,🟡 Medium,Handicrafts,2250,2.939564814814815,3
1463,2024-11-04,11,Monday,1,San Salvador Centro,San Salvador,5,Atol de elote,Beverages,1.0,0.15,0.85,4,3.4,Debit card,487,0.45,0.55,2.2,55.00000000000001,21600,-7478.849999999997,0.653756944444444,🔴 Below Target,1630,3,4707.050000000001,0.11542969234092122,🟡 Medium,Beverages,500,1.2037333333333333,2
1464,2024-08-19,8,Monday,6,Usulután,Usulután,8,Fresco de tamarindo,Beverages,0.75,0.1,0.68,20,13.6,Debit card,244,0.3,0.45,9.0,60.0,16800,-4396.6900000000005,0.738292261904762,🟡 At Risk,1630,3,4134.4366666666665,0.13141653316735613,🟡 Medium,Beverages,500,1.2037333333333333,2
1465,2024-12-04,12,Wednesday,7,La Libertad,La Libertad,17,Queso duro blando,Dairy,3.5,0.0,3.5,7,24.5,Transfer,491,1.8,1.7,11.9,48.57142857142857,16800,-6134.490000000002,0.634851785714286,🔴 Below Target,1630,3,3555.1699999999996,0.15282907240253868,🔴 Low,Dairy,550,1.1310733333333334,2
1466,2024-11-20,11,Wednesday,1,San Salvador Centro,San Salvador,11,Jarrito de barro,Handicrafts,8.0,0.15,6.8,12,81.6,Cash,414,3.5,4.5,54.0,56.25,21600,-7478.849999999997,0.653756944444444,🔴 Below Target,1630,3,4707.050000000001,0.11542969234092122,🟡 Medium,Handicrafts,2250,2.939564814814815,3
1467,2024-04-29,4,Monday,8,Chalatenango,Chalatenango,11,Jarrito de barro,Handicrafts,8.0,0.0,8.0,20,160.0,Cash,314,3.5,4.5,90.0,56.25,18000,-1665.6599999999962,0.907463333333334,🟢 On Track,1630,3,5444.780000000002,0.09978976805919307,🟢 High,Handicrafts,2250,2.939564814814815,3
1468,2024-08-07,8,Wednesday,6,Usulután,Usulután,3,Tamales de elote,Traditional Food,1.0,0.1,0.9,16,14.4,Credit card,464,0.55,0.44999999999999996,7.199999999999999,44.99999999999999,16800,-4396.6900000000005,0.738292261904762,🟡 At Risk,1630,3,4134.4366666666665,0.13141653316735613,🟡 Medium,Traditional Food,1950,0.531975128205128,3
1469,2024-05-30,5,Thursday,7,La Libertad,La Libertad,4,Yuca frita,Traditional Food,2.5,0.0,2.5,20,50.0,Debit card,446,1.2,1.3,26.0,52.0,16800,-6134.490000000002,0.634851785714286,🔴 Below Target,1630,3,3555.1699999999996,0.15282907240253868,🔴 Low,Traditional Food,1950,0.531975128205128,3
1470,2024-03-06,3,Wednesday,1,San Salvador Centro,San Salvador,17,Queso duro blando,Dairy,3.5,0.15,2.98,16,47.68,Cash,427,1.8,1.7,27.2,48.57142857142857,21600,-7478.849999999997,0.653756944444444,🔴 Below Target,1630,3,4707.050000000001,0.11542969234092122,🟡 Medium,Dairy,550,1.1310733333333334,2
1471,2024-03-27,3,Wednesday,8,Chalatenango,Chalatenango,18,Curtido en frasco,Groceries,2.0,0.0,2.0,15,30.0,Cash,277,0.9,1.1,16.5,55.00000000000001,18000,-1665.6599999999962,0.907463333333334,🟢 On Track,1630,3,5444.780000000002,0.09978976805919307,🟢 High,Groceries,350,2.290714285714286,1
1472,2024-04-18,4,Thursday,4,Soyapango,San Salvador,8,Fresco de tamarindo,Beverages,0.75,0.15,0.64,6,3.84,Bitcoin,359,0.3,0.45,2.7,60.0,19200,-7206.970000000003,0.624636979166666,🔴 Below Target,1630,3,3997.676666666666,0.13591227571347694,🔴 Low,Beverages,500,1.2037333333333333,2
1473,2024-08-10,8,Saturday,2,Santa Ana,Santa Ana,3,Tamales de elote,Traditional Food,1.0,0.0,1.0,1,1.0,Bitcoin,168,0.55,0.44999999999999996,0.44999999999999996,44.99999999999999,19200,-5584.200000000003,0.70915625,🟡 At Risk,1630,3,4538.599999999999,0.11971386183698353,🟡 Medium,Traditional Food,1950,0.531975128205128,3
1474,2024-04-22,4,Monday,5,Metrocentro,San Salvador,13,Aceite vegetal 1L,Groceries,2.8,0.1,2.52,9,22.68,Cash,460,1.8,0.9999999999999998,8.999999999999998,35.71428571428571,20400,-7248.4400000000005,0.64468431372549,🔴 Below Target,1630,3,4383.8533333333335,0.12393966951449106,🟡 Medium,Groceries,350,2.290714285714286,1
1475,2024-09-30,9,Monday,3,San Miguel,San Miguel,4,Yuca frita,Traditional Food,2.5,0.0,2.5,16,40.0,Credit card,171,1.2,1.3,20.8,52.0,18000,-6378.879999999992,0.645617777777778,🔴 Below Target,1630,3,3873.706666666669,0.14026186804714166,🔴 Low,Traditional Food,1950,0.531975128205128,3
1476,2024-11-25,11,Monday,2,Santa Ana,Santa Ana,8,Fresco de tamarindo,Beverages,0.75,0.0,0.75,11,8.25,Bitcoin,381,0.3,0.45,4.95,60.0,19200,-5584.200000000003,0.70915625,🟡 At Risk,1630,3,4538.599999999999,0.11971386183698353,🟡 Medium,Beverages,500,1.2037333333333333,2
1477,2024-04-29,4,Monday,7,La Libertad,La Libertad,13,Aceite vegetal 1L,Groceries,2.8,0.0,2.8,8,22.4,Cash,45,1.8,0.9999999999999998,7.999999999999998,35.71428571428571,16800,-6134.490000000002,0.634851785714286,🔴 Below Target,1630,3,3555.1699999999996,0.15282907240253868,🔴 Low,Groceries,350,2.290714285714286,1
1478,2024-06-23,6,Sunday,2,Santa Ana,Santa Ana,4,Yuca frita,Traditional Food,2.5,0.0,2.5,19,47.5,Debit card,60,1.2,1.3,24.7,52.0,19200,-5584.200000000003,0.70915625,🟡 At Risk,1630,3,4538.599999999999,0.11971386183698353,🟡 Medium,Traditional Food,1950,0.531975128205128,3
1479,2024-06-09,6,Sunday,3,San Miguel,San Miguel,12,Canasta de palma,Handicrafts,12.0,0.05,11.4,13,148.2,Debit card,160,5.5,6.5,84.5,54.166666666666664,18000,-6378.879999999992,0.645617777777778,🔴 Below Target,1630,3,3873.706666666669,0.14026186804714166,🔴 Low,Handicrafts,2250,2.939564814814815,3
1480,2024-07-17,7,Wednesday,4,Soyapango,San Salvador,2,Pupusas de frijol,Traditional Food,0.5,0.0,0.5,14,7.0,Credit card,409,0.2,0.3,4.2,60.0,19200,-7206.970000000003,0.624636979166666,🔴 Below Target,1630,3,3997.676666666666,0.13591227571347694,🔴 Low,Traditional Food,1950,0.531975128205128,3
1481,2024-02-24,2,Saturday,4,Soyapango,San Salvador,5,Atol de elote,Beverages,1.0,0.0,1.0,13,13.0,Debit card,236,0.45,0.55,7.15,55.00000000000001,19200,-7206.970000000003,0.624636979166666,🔴 Below Target,1630,3,3997.676666666666,0.13591227571347694,🔴 Low,Beverages,500,1.2037333333333333,2
1482,2024-05-31,5,Friday,3,San Miguel,San Miguel,11,Jarrito de barro,Handicrafts,8.0,0.0,8.0,8,64.0,Debit card,76,3.5,4.5,36.0,56.25,18000,-6378.879999999992,0.645617777777778,🔴 Below Target,1630,3,3873.706666666669,0.14026186804714166,🔴 Low,Handicrafts,2250,2.939564814814815,3
1483,2024-12-06,12,Friday,3,San Miguel,San Miguel,10,Hamaca artesanal,Handicrafts,35.0,0.05,33.25,2,66.5,Cash,258,18.0,17.0,34.0,48.57142857142857,18000,-6378.879999999992,0.645617777777778,🔴 Below Target,1630,3,3873.706666666669,0.14026186804714166,🔴 Low,Handicrafts,2250,2.939564814814815,3
1484,2024-12-27,12,Friday,5,Metrocentro,San Salvador,4,Yuca frita,Traditional Food,2.5,0.0,2.5,19,47.5,Debit card,111,1.2,1.3,24.7,52.0,20400,-7248.4400000000005,0.64468431372549,🔴 Below Target,1630,3,4383.8533333333335,0.12393966951449106,🟡 Medium,Traditional Food,1950,0.531975128205128,3
1485,2024-12-26,12,Thursday,5,Metrocentro,San Salvador,16,Crema salvadoreña,Dairy,1.5,0.0,1.5,13,19.5,Transfer,171,0.7,0.8,10.4,53.333333333333336,20400,-7248.4400000000005,0.64468431372549,🔴 Below Target,1630,3,4383.8533333333335,0.12393966951449106,🟡 Medium,Dairy,550,1.1310733333333334,2
1486,2024-04-25,4,Thursday,4,Soyapango,San Salvador,5,Atol de elote,Beverages,1.0,0.15,0.85,2,1.7,Credit card,439,0.45,0.55,1.1,55.00000000000001,19200,-7206.970000000003,0.624636979166666,🔴 Below Target,1630,3,3997.676666666666,0.13591227571347694,🔴 Low,Beverages,500,1.2037333333333333,2
1487,2024-06-02,6,Sunday,7,La Libertad,La Libertad,16,Crema salvadoreña,Dairy,1.5,0.0,1.5,6,9.0,Debit card,173,0.7,0.8,4.800000000000001,53.333333333333336,16800,-6134.490000000002,0.634851785714286,🔴 Below Target,1630,3,3555.1699999999996,0.15282907240253868,🔴 Low,Dairy,550,1.1310733333333334,2
1488,2024-06-27,6,Thursday,8,Chalatenango,Chalatenango,14,Frijoles rojos 1lb,Groceries,1.2,0.0,1.2,13,15.6,Cash,373,0.65,0.5499999999999999,7.1499999999999995,45.83333333333333,18000,-1665.6599999999962,0.907463333333334,🟢 On Track,1630,3,5444.780000000002,0.09978976805919307,🟢 High,Groceries,350,2.290714285714286,1
1489,2024-12-22,12,Sunday,5,Metrocentro,San Salvador,10,Hamaca artesanal,Handicrafts,35.0,0.1,31.5,7,220.5,Credit card,202,18.0,17.0,119.0,48.57142857142857,20400,-7248.4400000000005,0.64468431372549,🔴 Below Target,1630,3,4383.8533333333335,0.12393966951449106,🟡 Medium,Handicrafts,2250,2.939564814814815,3
1490,2024-06-14,6,Friday,3,San Miguel,San Miguel,4,Yuca frita,Traditional Food,2.5,0.15,2.12,19,40.28,Credit card,436,1.2,1.3,24.7,52.0,18000,-6378.879999999992,0.645617777777778,🔴 Below Target,1630,3,3873.706666666669,0.14026186804714166,🔴 Low,Traditional Food,1950,0.531975128205128,3
1491,2024-12-01,12,Sunday,8,Chalatenango,Chalatenango,10,Hamaca artesanal,Handicrafts,35.0,0.05,33.25,6,199.5,Cash,357,18.0,17.0,102.0,48.57142857142857,18000,-1665.6599999999962,0.907463333333334,🟢 On Track,1630,3,5444.780000000002,0.09978976805919307,🟢 High,Handicrafts,2250,2.939564814814815,3
1492,2024-03-15,3,Friday,5,Metrocentro,San Salvador,16,Crema salvadoreña,Dairy,1.5,0.0,1.5,7,10.5,Credit card,101,0.7,0.8,5.6000000000000005,53.333333333333336,20400,-7248.4400000000005,0.64468431372549,🔴 Below Target,1630,3,4383.8533333333335,0.12393966951449106,🟡 Medium,Dairy,550,1.1310733333333334,2
1493,2024-10-21,10,Monday,6,Usulután,Usulután,1,Pupusas de queso,Traditional Food,0.5,0.1,0.45,4,1.8,Credit card,440,0.25,0.25,1.0,50.0,16800,-4396.6900000000005,0.738292261904762,🟡 At Risk,1630,3,4134.4366666666665,0.13141653316735613,🟡 Medium,Traditional Food,1950,0.531975128205128,3
1494,2024-08-06,8,Tuesday,7,La Libertad,La Libertad,5,Atol de elote,Beverages,1.0,0.0,1.0,6,6.0,Cash,499,0.45,0.55,3.3000000000000003,55.00000000000001,16800,-6134.490000000002,0.634851785714286,🔴 Below Target,1630,3,3555.1699999999996,0.15282907240253868,🔴 Low,Beverages,500,1.2037333333333333,2
1495,2024-01-27,1,Saturday,3,San Miguel,San Miguel,16,Crema salvadoreña,Dairy,1.5,0.05,1.42,4,5.68,Debit card,304,0.7,0.8,3.2,53.333333333333336,18000,-6378.879999999992,0.645617777777778,🔴 Below Target,1630,3,3873.706666666669,0.14026186804714166,🔴 Low,Dairy,550,1.1310733333333334,2
1496,2024-11-17,11,Sunday,3,San Miguel,San Miguel,14,Frijoles rojos 1lb,Groceries,1.2,0.0,1.2,13,15.6,Cash,124,0.65,0.5499999999999999,7.1499999999999995,45.83333333333333,18000,-6378.879999999992,0.645617777777778,🔴 Below Target,1630,3,3873.706666666669,0.14026186804714166,🔴 Low,Groceries,350,2.290714285714286,1
1497,2024-06-03,6,Monday,8,Chalatenango,Chalatenango,13,Aceite vegetal 1L,Groceries,2.8,0.0,2.8,20,56.0,Debit card,193,1.8,0.9999999999999998,19.999999999999996,35.71428571428571,18000,-1665.6599999999962,0.907463333333334,🟢 On Track,1630,3,5444.780000000002,0.09978976805919307,🟢 High,Groceries,350,2.290714285714286,1
1498,2024-11-28,11,Thursday,8,Chalatenango,Chalatenango,3,Tamales de elote,Traditional Food,1.0,0.0,1.0,13,13.0,Debit card,228,0.55,0.44999999999999996,5.85,44.99999999999999,18000,-1665.6599999999962,0.907463333333334,🟢 On Track,1630,3,5444.780000000002,0.09978976805919307,🟢 High,Traditional Food,1950,0.531975128205128,3
1499,2024-03-02,3,Saturday,1,San Salvador Centro,San Salvador,12,Canasta de palma,Handicrafts,12.0,0.0,12.0,4,48.0,Cash,329,5.5,6.5,26.0,54.166666666666664,21600,-7478.849999999997,0.653756944444444,🔴 Below Target,1630,3,4707.050000000001,0.11542969234092122,🟡 Medium,Handicrafts,2250,2.939564814814815,3
1500,2024-01-12,1,Friday,4,Soyapango,San Salvador,17,Queso duro blando,Dairy,3.5,0.05,3.32,19,63.08,Transfer,246,1.8,1.7,32.3,48.57142857142857,19200,-7206.970000000003,0.624636979166666,🔴 Below Target,1630,3,3997.676666666666,0.13591227571347694,🔴 Low,Dairy,550,1.1310733333333334,2
1501,2024-10-30,10,Wednesday,2,Santa Ana,Santa Ana,9,Camisa guayabera,Clothing,18.0,0.0,18.0,6,108.0,Cash,331,9.0,9.0,54.0,50.0,19200,-5584.200000000003,0.70915625,🟡 At Risk,1630,3,4538.599999999999,0.11971386183698353,🟡 Medium,Clothing,400,0.89325,1
1502,2024-10-19,10,Saturday,5,Metrocentro,San Salvador,14,Frijoles rojos 1lb,Groceries,1.2,0.0,1.2,5,6.0,Cash,366,0.65,0.5499999999999999,2.7499999999999996,45.83333333333333,20400,-7248.4400000000005,0.64468431372549,🔴 Below Target,1630,3,4383.8533333333335,0.12393966951449106,🟡 Medium,Groceries,350,2.290714285714286,1
1503,2024-07-26,7,Friday,3,San Miguel,San Miguel,18,Curtido en frasco,Groceries,2.0,0.0,2.0,1,2.0,Debit card,275,0.9,1.1,1.1,55.00000000000001,18000,-6378.879999999992,0.645617777777778,🔴 Below Target,1630,3,3873.706666666669,0.14026186804714166,🔴 Low,Groceries,350,2.290714285714286,1
1504,2024-02-02,2,Friday,8,Chalatenango,Chalatenango,17,Queso duro blando,Dairy,3.5,0.15,2.98,17,50.66,Debit card,366,1.8,1.7,28.9,48.57142857142857,18000,-1665.6599999999962,0.907463333333334,🟢 On Track,1630,3,5444.780000000002,0.09978976805919307,🟢 High,Dairy,550,1.1310733333333334,2
1505,2024-12-03,12,Tuesday,4,Soyapango,San Salvador,4,Yuca frita,Traditional Food,2.5,0.0,2.5,4,10.0,Credit card,356,1.2,1.3,5.2,52.0,19200,-7206.970000000003,0.624636979166666,🔴 Below Target,1630,3,3997.676666666666,0.13591227571347694,🔴 Low,Traditional Food,1950,0.531975128205128,3
1506,2024-10-11,10,Friday,1,San Salvador Centro,San Salvador,6,Kolachampán,Beverages,0.75,0.15,0.64,15,9.6,Cash,21,0.35,0.4,6.0,53.333333333333336,21600,-7478.849999999997,0.653756944444444,🔴 Below Target,1630,3,4707.050000000001,0.11542969234092122,🟡 Medium,Beverages,500,1.2037333333333333,2
1507,2024-11-30,11,Saturday,4,Soyapango,San Salvador,5,Atol de elote,Beverages,1.0,0.0,1.0,6,6.0,Debit card,436,0.45,0.55,3.3000000000000003,55.00000000000001,19200,-7206.970000000003,0.624636979166666,🔴 Below Target,1630,3,3997.676666666666,0.13591227571347694,🔴 Low,Beverages,500,1.2037333333333333,2
1508,2024-03-04,3,Monday,2,Santa Ana,Santa Ana,2,Pupusas de frijol,Traditional Food,0.5,0.0,0.5,17,8.5,Cash,279,0.2,0.3,5.1,60.0,19200,-5584.200000000003,0.70915625,🟡 At Risk,1630,3,4538.599999999999,0.11971386183698353,🟡 Medium,Traditional Food,1950,0.531975128205128,3
1509,2024-12-02,12,Monday,7,La Libertad,La Libertad,6,Kolachampán,Beverages,0.75,0.0,0.75,1,0.75,Cash,485,0.35,0.4,0.4,53.333333333333336,16800,-6134.490000000002,0.634851785714286,🔴 Below Target,1630,3,3555.1699999999996,0.15282907240253868,🔴 Low,Beverages,500,1.2037333333333333,2
1510,2024-12-03,12,Tuesday,5,Metrocentro,San Salvador,17,Queso duro blando,Dairy,3.5,0.0,3.5,18,63.0,Cash,252,1.8,1.7,30.599999999999998,48.57142857142857,20400,-7248.4400000000005,0.64468431372549,🔴 Below Target,1630,3,4383.8533333333335,0.12393966951449106,🟡 Medium,Dairy,550,1.1310733333333334,2
1511,2024-11-06,11,Wednesday,6,Usulután,Usulután,11,Jarrito de barro,Handicrafts,8.0,0.05,7.6,18,136.8,Cash,51,3.5,4.5,81.0,56.25,16800,-4396.6900000000005,0.738292261904762,🟡 At Risk,1630,3,4134.4366666666665,0.13141653316735613,🟡 Medium,Handicrafts,2250,2.939564814814815,3
1512,2024-01-19,1,Friday,4,Soyapango,San Salvador,2,Pupusas de frijol,Traditional Food,0.5,0.0,0.5,7,3.5,Cash,427,0.2,0.3,2.1,60.0,19200,-7206.970000000003,0.624636979166666,🔴 Below Target,1630,3,3997.676666666666,0.13591227571347694,🔴 Low,Traditional Food,1950,0.531975128205128,3
1513,2024-11-04,11,Monday,3,San Miguel,San Miguel,7,Café salvadoreño,Beverages,1.5,0.0,1.5,18,27.0,Debit card,143,0.65,0.85,15.299999999999999,56.666666666666664,18000,-6378.879999999992,0.645617777777778,🔴 Below Target,1630,3,3873.706666666669,0.14026186804714166,🔴 Low,Beverages,500,1.2037333333333333,2
1514,2024-02-08,2,Thursday,7,La Libertad,La Libertad,5,Atol de elote,Beverages,1.0,0.0,1.0,18,18.0,Cash,333,0.45,0.55,9.9,55.00000000000001,16800,-6134.490000000002,0.634851785714286,🔴 Below Target,1630,3,3555.1699999999996,0.15282907240253868,🔴 Low,Beverages,500,1.2037333333333333,2
1515,2024-08-21,8,Wednesday,7,La Libertad,La Libertad,6,Kolachampán,Beverages,0.75,0.0,0.75,3,2.25,Debit card,482,0.35,0.4,1.2000000000000002,53.333333333333336,16800,-6134.490000000002,0.634851785714286,🔴 Below Target,1630,3,3555.1699999999996,0.15282907240253868,🔴 Low,Beverages,500,1.2037333333333333,2
1516,2024-02-06,2,Tuesday,4,Soyapango,San Salvador,5,Atol de elote,Beverages,1.0,0.1,0.9,9,8.1,Debit card,99,0.45,0.55,4.95,55.00000000000001,19200,-7206.970000000003,0.624636979166666,🔴 Below Target,1630,3,3997.676666666666,0.13591227571347694,🔴 Low,Beverages,500,1.2037333333333333,2
1517,2024-08-02,8,Friday,3,San Miguel,San Miguel,12,Canasta de palma,Handicrafts,12.0,0.0,12.0,5,60.0,Transfer,223,5.5,6.5,32.5,54.166666666666664,18000,-6378.879999999992,0.645617777777778,🔴 Below Target,1630,3,3873.706666666669,0.14026186804714166,🔴 Low,Handicrafts,2250,2.939564814814815,3
1518,2024-11-05,11,Tuesday,1,San Salvador Centro,San Salvador,13,Aceite vegetal 1L,Groceries,2.8,0.0,2.8,8,22.4,Cash,273,1.8,0.9999999999999998,7.999999999999998,35.71428571428571,21600,-7478.849999999997,0.653756944444444,🔴 Below Target,1630,3,4707.050000000001,0.11542969234092122,🟡 Medium,Groceries,350,2.290714285714286,1
1519,2024-02-03,2,Saturday,7,La Libertad,La Libertad,4,Yuca frita,Traditional Food,2.5,0.1,2.25,11,24.75,Cash,466,1.2,1.3,14.3,52.0,16800,-6134.490000000002,0.634851785714286,🔴 Below Target,1630,3,3555.1699999999996,0.15282907240253868,🔴 Low,Traditional Food,1950,0.531975128205128,3
1520,2024-03-15,3,Friday,5,Metrocentro,San Salvador,11,Jarrito de barro,Handicrafts,8.0,0.0,8.0,8,64.0,Cash,194,3.5,4.5,36.0,56.25,20400,-7248.4400000000005,0.64468431372549,🔴 Below Target,1630,3,4383.8533333333335,0.12393966951449106,🟡 Medium,Handicrafts,2250,2.939564814814815,3
1521,2024-02-23,2,Friday,7,La Libertad,La Libertad,8,Fresco de tamarindo,Beverages,0.75,0.0,0.75,4,3.0,Debit card,449,0.3,0.45,1.8,60.0,16800,-6134.490000000002,0.634851785714286,🔴 Below Target,1630,3,3555.1699999999996,0.15282907240253868,🔴 Low,Beverages,500,1.2037333333333333,2
1522,2024-02-18,2,Sunday,8,Chalatenango,Chalatenango,10,Hamaca artesanal,Handicrafts,35.0,0.0,35.0,17,595.0,Debit card,444,18.0,17.0,289.0,48.57142857142857,18000,-1665.6599999999962,0.907463333333334,🟢 On Track,1630,3,5444.780000000002,0.09978976805919307,🟢 High,Handicrafts,2250,2.939564814814815,3
1523,2024-11-07,11,Thursday,5,Metrocentro,San Salvador,10,Hamaca artesanal,Handicrafts,35.0,0.0,35.0,4,140.0,Cash,485,18.0,17.0,68.0,48.57142857142857,20400,-7248.4400000000005,0.64468431372549,🔴 Below Target,1630,3,4383.8533333333335,0.12393966951449106,🟡 Medium,Handicrafts,2250,2.939564814814815,3
1524,2024-06-25,6,Tuesday,3,San Miguel,San Miguel,13,Aceite vegetal 1L,Groceries,2.8,0.05,2.66,18,47.88,Debit card,436,1.8,0.9999999999999998,17.999999999999996,35.71428571428571,18000,-6378.879999999992,0.645617777777778,🔴 Below Target,1630,3,3873.706666666669,0.14026186804714166,🔴 Low,Groceries,350,2.290714285714286,1
1525,2024-10-30,10,Wednesday,8,Chalatenango,Chalatenango,13,Aceite vegetal 1L,Groceries,2.8,0.0,2.8,5,14.0,Cash,263,1.8,0.9999999999999998,4.999999999999999,35.71428571428571,18000,-1665.6599999999962,0.907463333333334,🟢 On Track,1630,3,5444.780000000002,0.09978976805919307,🟢 High,Groceries,350,2.290714285714286,1
1526,2024-03-14,3,Thursday,3,San Miguel,San Miguel,5,Atol de elote,Beverages,1.0,0.05,0.95,13,12.35,Debit card,28,0.45,0.55,7.15,55.00000000000001,18000,-6378.879999999992,0.645617777777778,🔴 Below Target,1630,3,3873.706666666669,0.14026186804714166,🔴 Low,Beverages,500,1.2037333333333333,2
1527,2024-12-13,12,Friday,4,Soyapango,San Salvador,12,Canasta de palma,Handicrafts,12.0,0.0,12.0,20,240.0,Debit card,94,5.5,6.5,130.0,54.166666666666664,19200,-7206.970000000003,0.624636979166666,🔴 Below Target,1630,3,3997.676666666666,0.13591227571347694,🔴 Low,Handicrafts,2250,2.939564814814815,3
1528,2024-08-27,8,Tuesday,6,Usulután,Usulután,15,Arroz blanco 1lb,Groceries,0.9,0.0,0.9,17,15.3,Cash,220,0.45,0.45,7.65,50.0,16800,-4396.6900000000005,0.738292261904762,🟡 At Risk,1630,3,4134.4366666666665,0.13141653316735613,🟡 Medium,Groceries,350,2.290714285714286,1
1529,2024-06-05,6,Wednesday,4,Soyapango,San Salvador,17,Queso duro blando,Dairy,3.5,0.0,3.5,3,10.5,Cash,161,1.8,1.7,5.1,48.57142857142857,19200,-7206.970000000003,0.624636979166666,🔴 Below Target,1630,3,3997.676666666666,0.13591227571347694,🔴 Low,Dairy,550,1.1310733333333334,2
1530,2024-02-09,2,Friday,2,Santa Ana,Santa Ana,3,Tamales de elote,Traditional Food,1.0,0.0,1.0,8,8.0,Cash,30,0.55,0.44999999999999996,3.5999999999999996,44.99999999999999,19200,-5584.200000000003,0.70915625,🟡 At Risk,1630,3,4538.599999999999,0.11971386183698353,🟡 Medium,Traditional Food,1950,0.531975128205128,3
1531,2024-10-10,10,Thursday,5,Metrocentro,San Salvador,3,Tamales de elote,Traditional Food,1.0,0.15,0.85,16,13.6,Credit card,493,0.55,0.44999999999999996,7.199999999999999,44.99999999999999,20400,-7248.4400000000005,0.64468431372549,🔴 Below Target,1630,3,4383.8533333333335,0.12393966951449106,🟡 Medium,Traditional Food,1950,0.531975128205128,3
1532,2024-09-02,9,Monday,3,San Miguel,San Miguel,14,Frijoles rojos 1lb,Groceries,1.2,0.05,1.14,16,18.24,Debit card,347,0.65,0.5499999999999999,8.799999999999999,45.83333333333333,18000,-6378.879999999992,0.645617777777778,🔴 Below Target,1630,3,3873.706666666669,0.14026186804714166,🔴 Low,Groceries,350,2.290714285714286,1
1533,2024-07-26,7,Friday,2,Santa Ana,Santa Ana,18,Curtido en frasco,Groceries,2.0,0.05,1.9,1,1.9,Cash,426,0.9,1.1,1.1,55.00000000000001,19200,-5584.200000000003,0.70915625,🟡 At Risk,1630,3,4538.599999999999,0.11971386183698353,🟡 Medium,Groceries,350,2.290714285714286,1
1534,2024-12-25,12,Wednesday,7,La Libertad,La Libertad,1,Pupusas de queso,Traditional Food,0.5,0.1,0.45,18,8.1,Cash,379,0.25,0.25,4.5,50.0,16800,-6134.490000000002,0.634851785714286,🔴 Below Target,1630,3,3555.1699999999996,0.15282907240253868,🔴 Low,Traditional Food,1950,0.531975128205128,3
1535,2024-11-06,11,Wednesday,1,San Salvador Centro,San Salvador,17,Queso duro blando,Dairy,3.5,0.0,3.5,15,52.5,Debit card,452,1.8,1.7,25.5,48.57142857142857,21600,-7478.849999999997,0.653756944444444,🔴 Below Target,1630,3,4707.050000000001,0.11542969234092122,🟡 Medium,Dairy,550,1.1310733333333334,2
1536,2024-03-30,3,Saturday,4,Soyapango,San Salvador,17,Queso duro blando,Dairy,3.5,0.0,3.5,3,10.5,Credit card,264,1.8,1.7,5.1,48.57142857142857,19200,-7206.970000000003,0.624636979166666,🔴 Below Target,1630,3,3997.676666666666,0.13591227571347694,🔴 Low,Dairy,550,1.1310733333333334,2
1537,2024-08-04,8,Sunday,1,San Salvador Centro,San Salvador,12,Canasta de palma,Handicrafts,12.0,0.0,12.0,16,192.0,Cash,497,5.5,6.5,104.0,54.166666666666664,21600,-7478.849999999997,0.653756944444444,🔴 Below Target,1630,3,4707.050000000001,0.11542969234092122,🟡 Medium,Handicrafts,2250,2.939564814814815,3
1538,2024-12-13,12,Friday,6,Usulután,Usulután,4,Yuca frita,Traditional Food,2.5,0.15,2.12,8,16.96,Debit card,393,1.2,1.3,10.4,52.0,16800,-4396.6900000000005,0.738292261904762,🟡 At Risk,1630,3,4134.4366666666665,0.13141653316735613,🟡 Medium,Traditional Food,1950,0.531975128205128,3
1539,2024-06-02,6,Sunday,5,Metrocentro,San Salvador,4,Yuca frita,Traditional Food,2.5,0.0,2.5,16,40.0,Cash,2,1.2,1.3,20.8,52.0,20400,-7248.4400000000005,0.64468431372549,🔴 Below Target,1630,3,4383.8533333333335,0.12393966951449106,🟡 Medium,Traditional Food,1950,0.531975128205128,3
1540,2024-06-05,6,Wednesday,4,Soyapango,San Salvador,13,Aceite vegetal 1L,Groceries,2.8,0.15,2.38,17,40.46,Credit card,479,1.8,0.9999999999999998,16.999999999999996,35.71428571428571,19200,-7206.970000000003,0.624636979166666,🔴 Below Target,1630,3,3997.676666666666,0.13591227571347694,🔴 Low,Groceries,350,2.290714285714286,1
1541,2024-01-30,1,Tuesday,8,Chalatenango,Chalatenango,15,Arroz blanco 1lb,Groceries,0.9,0.0,0.9,12,10.8,Debit card,169,0.45,0.45,5.4,50.0,18000,-1665.6599999999962,0.907463333333334,🟢 On Track,1630,3,5444.780000000002,0.09978976805919307,🟢 High,Groceries,350,2.290714285714286,1
1542,2024-02-24,2,Saturday,6,Usulután,Usulután,10,Hamaca artesanal,Handicrafts,35.0,0.0,35.0,1,35.0,Credit card,96,18.0,17.0,17.0,48.57142857142857,16800,-4396.6900000000005,0.738292261904762,🟡 At Risk,1630,3,4134.4366666666665,0.13141653316735613,🟡 Medium,Handicrafts,2250,2.939564814814815,3
1543,2024-01-05,1,Friday,6,Usulután,Usulután,13,Aceite vegetal 1L,Groceries,2.8,0.0,2.8,4,11.2,Cash,44,1.8,0.9999999999999998,3.999999999999999,35.71428571428571,16800,-4396.6900000000005,0.738292261904762,🟡 At Risk,1630,3,4134.4366666666665,0.13141653316735613,🟡 Medium,Groceries,350,2.290714285714286,1
1544,2024-07-29,7,Monday,3,San Miguel,San Miguel,17,Queso duro blando,Dairy,3.5,0.0,3.5,4,14.0,Cash,394,1.8,1.7,6.8,48.57142857142857,18000,-6378.879999999992,0.645617777777778,🔴 Below Target,1630,3,3873.706666666669,0.14026186804714166,🔴 Low,Dairy,550,1.1310733333333334,2
1545,2024-08-28,8,Wednesday,4,Soyapango,San Salvador,9,Camisa guayabera,Clothing,18.0,0.0,18.0,13,234.0,Cash,220,9.0,9.0,117.0,50.0,19200,-7206.970000000003,0.624636979166666,🔴 Below Target,1630,3,3997.676666666666,0.13591227571347694,🔴 Low,Clothing,400,0.89325,1
1546,2024-02-25,2,Sunday,5,Metrocentro,San Salvador,6,Kolachampán,Beverages,0.75,0.1,0.68,15,10.2,Credit card,83,0.35,0.4,6.0,53.333333333333336,20400,-7248.4400000000005,0.64468431372549,🔴 Below Target,1630,3,4383.8533333333335,0.12393966951449106,🟡 Medium,Beverages,500,1.2037333333333333,2
1547,2024-08-10,8,Saturday,6,Usulután,Usulután,5,Atol de elote,Beverages,1.0,0.0,1.0,1,1.0,Credit card,364,0.45,0.55,0.55,55.00000000000001,16800,-4396.6900000000005,0.738292261904762,🟡 At Risk,1630,3,4134.4366666666665,0.13141653316735613,🟡 Medium,Beverages,500,1.2037333333333333,2
1548,2024-04-07,4,Sunday,2,Santa Ana,Santa Ana,7,Café salvadoreño,Beverages,1.5,0.0,1.5,10,15.0,Cash,216,0.65,0.85,8.5,56.666666666666664,19200,-5584.200000000003,0.70915625,🟡 At Risk,1630,3,4538.599999999999,0.11971386183698353,🟡 Medium,Beverages,500,1.2037333333333333,2
1549,2024-03-23,3,Saturday,1,San Salvador Centro,San Salvador,11,Jarrito de barro,Handicrafts,8.0,0.0,8.0,7,56.0,Transfer,137,3.5,4.5,31.5,56.25,21600,-7478.849999999997,0.653756944444444,🔴 Below Target,1630,3,4707.050000000001,0.11542969234092122,🟡 Medium,Handicrafts,2250,2.939564814814815,3
1550,2024-09-07,9,Saturday,7,La Libertad,La Libertad,4,Yuca frita,Traditional Food,2.5,0.0,2.5,18,45.0,Credit card,366,1.2,1.3,23.400000000000002,52.0,16800,-6134.490000000002,0.634851785714286,🔴 Below Target,1630,3,3555.1699999999996,0.15282907240253868,🔴 Low,Traditional Food,1950,0.531975128205128,3
1551,2024-07-23,7,Tuesday,6,Usulután,Usulután,5,Atol de elote,Beverages,1.0,0.1,0.9,17,15.3,Bitcoin,432,0.45,0.55,9.350000000000001,55.00000000000001,16800,-4396.6900000000005,0.738292261904762,🟡 At Risk,1630,3,4134.4366666666665,0.13141653316735613,🟡 Medium,Beverages,500,1.2037333333333333,2
1552,2024-02-26,2,Monday,3,San Miguel,San Miguel,13,Aceite vegetal 1L,Groceries,2.8,0.15,2.38,4,9.52,Cash,80,1.8,0.9999999999999998,3.999999999999999,35.71428571428571,18000,-6378.879999999992,0.645617777777778,🔴 Below Target,1630,3,3873.706666666669,0.14026186804714166,🔴 Low,Groceries,350,2.290714285714286,1
1553,2024-12-16,12,Monday,1,San Salvador Centro,San Salvador,12,Canasta de palma,Handicrafts,12.0,0.0,12.0,8,96.0,Debit card,176,5.5,6.5,52.0,54.166666666666664,21600,-7478.849999999997,0.653756944444444,🔴 Below Target,1630,3,4707.050000000001,0.11542969234092122,🟡 Medium,Handicrafts,2250,2.939564814814815,3
1554,2024-08-10,8,Saturday,1,San Salvador Centro,San Salvador,14,Frijoles rojos 1lb,Groceries,1.2,0.0,1.2,16,19.2,Cash,43,0.65,0.5499999999999999,8.799999999999999,45.83333333333333,21600,-7478.849999999997,0.653756944444444,🔴 Below Target,1630,3,4707.050000000001,0.11542969234092122,🟡 Medium,Groceries,350,2.290714285714286,1
1555,2024-11-12,11,Tuesday,4,Soyapango,San Salvador,14,Frijoles rojos 1lb,Groceries,1.2,0.1,1.08,5,5.4,Debit card,128,0.65,0.5499999999999999,2.7499999999999996,45.83333333333333,19200,-7206.970000000003,0.624636979166666,🔴 Below Target,1630,3,3997.676666666666,0.13591227571347694,🔴 Low,Groceries,350,2.290714285714286,1
1556,2024-05-14,5,Tuesday,2,Santa Ana,Santa Ana,9,Camisa guayabera,Clothing,18.0,0.1,16.2,8,129.6,Credit card,102,9.0,9.0,72.0,50.0,19200,-5584.200000000003,0.70915625,🟡 At Risk,1630,3,4538.599999999999,0.11971386183698353,🟡 Medium,Clothing,400,0.89325,1
1557,2024-12-24,12,Tuesday,2,Santa Ana,Santa Ana,16,Crema salvadoreña,Dairy,1.5,0.05,1.42,17,24.14,Cash,438,0.7,0.8,13.600000000000001,53.333333333333336,19200,-5584.200000000003,0.70915625,🟡 At Risk,1630,3,4538.599999999999,0.11971386183698353,🟡 Medium,Dairy,550,1.1310733333333334,2
1558,2024-03-02,3,Saturday,4,Soyapango,San Salvador,5,Atol de elote,Beverages,1.0,0.0,1.0,5,5.0,Cash,99,0.45,0.55,2.75,55.00000000000001,19200,-7206.970000000003,0.624636979166666,🔴 Below Target,1630,3,3997.676666666666,0.13591227571347694,🔴 Low,Beverages,500,1.2037333333333333,2
1559,2024-01-10,1,Wednesday,7,La Libertad,La Libertad,5,Atol de elote,Beverages,1.0,0.0,1.0,20,20.0,Cash,27,0.45,0.55,11.0,55.00000000000001,16800,-6134.490000000002,0.634851785714286,🔴 Below Target,1630,3,3555.1699999999996,0.15282907240253868,🔴 Low,Beverages,500,1.2037333333333333,2
1560,2024-09-25,9,Wednesday,7,La Libertad,La Libertad,13,Aceite vegetal 1L,Groceries,2.8,0.1,2.52,10,25.2,Debit card,119,1.8,0.9999999999999998,9.999999999999998,35.71428571428571,16800,-6134.490000000002,0.634851785714286,🔴 Below Target,1630,3,3555.1699999999996,0.15282907240253868,🔴 Low,Groceries,350,2.290714285714286,1
1561,2024-08-06,8,Tuesday,6,Usulután,Usulután,8,Fresco de tamarindo,Beverages,0.75,0.0,0.75,16,12.0,Debit card,330,0.3,0.45,7.2,60.0,16800,-4396.6900000000005,0.738292261904762,🟡 At Risk,1630,3,4134.4366666666665,0.13141653316735613,🟡 Medium,Beverages,500,1.2037333333333333,2
1562,2024-02-26,2,Monday,5,Metrocentro,San Salvador,2,Pupusas de frijol,Traditional Food,0.5,0.0,0.5,9,4.5,Cash,180,0.2,0.3,2.6999999999999997,60.0,20400,-7248.4400000000005,0.64468431372549,🔴 Below Target,1630,3,4383.8533333333335,0.12393966951449106,🟡 Medium,Traditional Food,1950,0.531975128205128,3
1563,2024-06-12,6,Wednesday,4,Soyapango,San Salvador,14,Frijoles rojos 1lb,Groceries,1.2,0.0,1.2,2,2.4,Cash,27,0.65,0.5499999999999999,1.0999999999999999,45.83333333333333,19200,-7206.970000000003,0.624636979166666,🔴 Below Target,1630,3,3997.676666666666,0.13591227571347694,🔴 Low,Groceries,350,2.290714285714286,1
1564,2024-05-26,5,Sunday,4,Soyapango,San Salvador,11,Jarrito de barro,Handicrafts,8.0,0.0,8.0,16,128.0,Bitcoin,52,3.5,4.5,72.0,56.25,19200,-7206.970000000003,0.624636979166666,🔴 Below Target,1630,3,3997.676666666666,0.13591227571347694,🔴 Low,Handicrafts,2250,2.939564814814815,3
1565,2024-05-09,5,Thursday,3,San Miguel,San Miguel,14,Frijoles rojos 1lb,Groceries,1.2,0.0,1.2,16,19.2,Cash,58,0.65,0.5499999999999999,8.799999999999999,45.83333333333333,18000,-6378.879999999992,0.645617777777778,🔴 Below Target,1630,3,3873.706666666669,0.14026186804714166,🔴 Low,Groceries,350,2.290714285714286,1
1566,2024-12-15,12,Sunday,1,San Salvador Centro,San Salvador,4,Yuca frita,Traditional Food,2.5,0.15,2.12,18,38.16,Credit card,170,1.2,1.3,23.400000000000002,52.0,21600,-7478.849999999997,0.653756944444444,🔴 Below Target,1630,3,4707.050000000001,0.11542969234092122,🟡 Medium,Traditional Food,1950,0.531975128205128,3
1567,2024-10-28,10,Monday,6,Usulután,Usulután,12,Canasta de palma,Handicrafts,12.0,0.05,11.4,17,193.8,Cash,333,5.5,6.5,110.5,54.166666666666664,16800,-4396.6900000000005,0.738292261904762,🟡 At Risk,1630,3,4134.4366666666665,0.13141653316735613,🟡 Medium,Handicrafts,2250,2.939564814814815,3
1568,2024-10-26,10,Saturday,4,Soyapango,San Salvador,9,Camisa guayabera,Clothing,18.0,0.0,18.0,13,234.0,Credit card,67,9.0,9.0,117.0,50.0,19200,-7206.970000000003,0.624636979166666,🔴 Below Target,1630,3,3997.676666666666,0.13591227571347694,🔴 Low,Clothing,400,0.89325,1
1569,2024-10-27,10,Sunday,1,San Salvador Centro,San Salvador,4,Yuca frita,Traditional Food,2.5,0.0,2.5,7,17.5,Debit card,474,1.2,1.3,9.1,52.0,21600,-7478.849999999997,0.653756944444444,🔴 Below Target,1630,3,4707.050000000001,0.11542969234092122,🟡 Medium,Traditional Food,1950,0.531975128205128,3
1570,2024-10-06,10,Sunday,2,Santa Ana,Santa Ana,4,Yuca frita,Traditional Food,2.5,0.0,2.5,20,50.0,Cash,243,1.2,1.3,26.0,52.0,19200,-5584.200000000003,0.70915625,🟡 At Risk,1630,3,4538.599999999999,0.11971386183698353,🟡 Medium,Traditional Food,1950,0.531975128205128,3
1571,2024-01-23,1,Tuesday,3,San Miguel,San Miguel,7,Café salvadoreño,Beverages,1.5,0.0,1.5,5,7.5,Cash,365,0.65,0.85,4.25,56.666666666666664,18000,-6378.879999999992,0.645617777777778,🔴 Below Target,1630,3,3873.706666666669,0.14026186804714166,🔴 Low,Beverages,500,1.2037333333333333,2
1572,2024-07-06,7,Saturday,6,Usulután,Usulután,9,Camisa guayabera,Clothing,18.0,0.1,16.2,15,243.0,Debit card,467,9.0,9.0,135.0,50.0,16800,-4396.6900000000005,0.738292261904762,🟡 At Risk,1630,3,4134.4366666666665,0.13141653316735613,🟡 Medium,Clothing,400,0.89325,1
1573,2024-09-04,9,Wednesday,2,Santa Ana,Santa Ana,14,Frijoles rojos 1lb,Groceries,1.2,0.05,1.14,14,15.96,Bitcoin,258,0.65,0.5499999999999999,7.699999999999999,45.83333333333333,19200,-5584.200000000003,0.70915625,🟡 At Risk,1630,3,4538.599999999999,0.11971386183698353,🟡 Medium,Groceries,350,2.290714285714286,1
1574,2024-11-02,11,Saturday,3,San Miguel,San Miguel,1,Pupusas de queso,Traditional Food,0.5,0.1,0.45,9,4.05,Transfer,149,0.25,0.25,2.25,50.0,18000,-6378.879999999992,0.645617777777778,🔴 Below Target,1630,3,3873.706666666669,0.14026186804714166,🔴 Low,Traditional Food,1950,0.531975128205128,3
1575,2024-12-21,12,Saturday,1,San Salvador Centro,San Salvador,2,Pupusas de frijol,Traditional Food,0.5,0.1,0.45,7,3.15,Credit card,254,0.2,0.3,2.1,60.0,21600,-7478.849999999997,0.653756944444444,🔴 Below Target,1630,3,4707.050000000001,0.11542969234092122,🟡 Medium,Traditional Food,1950,0.531975128205128,3
1576,2024-03-25,3,Monday,2,Santa Ana,Santa Ana,18,Curtido en frasco,Groceries,2.0,0.15,1.7,15,25.5,Debit card,288,0.9,1.1,16.5,55.00000000000001,19200,-5584.200000000003,0.70915625,🟡 At Risk,1630,3,4538.599999999999,0.11971386183698353,🟡 Medium,Groceries,350,2.290714285714286,1
1577,2024-11-06,11,Wednesday,7,La Libertad,La Libertad,13,Aceite vegetal 1L,Groceries,2.8,0.0,2.8,9,25.2,Cash,82,1.8,0.9999999999999998,8.999999999999998,35.71428571428571,16800,-6134.490000000002,0.634851785714286,🔴 Below Target,1630,3,3555.1699999999996,0.15282907240253868,🔴 Low,Groceries,350,2.290714285714286,1
1578,2024-09-19,9,Thursday,1,San Salvador Centro,San Salvador,7,Café salvadoreño,Beverages,1.5,0.05,1.42,15,21.3,Debit card,269,0.65,0.85,12.75,56.666666666666664,21600,-7478.849999999997,0.653756944444444,🔴 Below Target,1630,3,4707.050000000001,0.11542969234092122,🟡 Medium,Beverages,500,1.2037333333333333,2
1579,2024-04-22,4,Monday,5,Metrocentro,San Salvador,9,Camisa guayabera,Clothing,18.0,0.1,16.2,10,162.0,Cash,61,9.0,9.0,90.0,50.0,20400,-7248.4400000000005,0.64468431372549,🔴 Below Target,1630,3,4383.8533333333335,0.12393966951449106,🟡 Medium,Clothing,400,0.89325,1
1580,2024-01-24,1,Wednesday,4,Soyapango,San Salvador,6,Kolachampán,Beverages,0.75,0.0,0.75,18,13.5,Cash,328,0.35,0.4,7.2,53.333333333333336,19200,-7206.970000000003,0.624636979166666,🔴 Below Target,1630,3,3997.676666666666,0.13591227571347694,🔴 Low,Beverages,500,1.2037333333333333,2
1581,2024-03-09,3,Saturday,5,Metrocentro,San Salvador,5,Atol de elote,Beverages,1.0,0.15,0.85,9,7.65,Credit card,329,0.45,0.55,4.95,55.00000000000001,20400,-7248.4400000000005,0.64468431372549,🔴 Below Target,1630,3,4383.8533333333335,0.12393966951449106,🟡 Medium,Beverages,500,1.2037333333333333,2
1582,2024-09-30,9,Monday,4,Soyapango,San Salvador,8,Fresco de tamarindo,Beverages,0.75,0.0,0.75,4,3.0,Debit card,324,0.3,0.45,1.8,60.0,19200,-7206.970000000003,0.624636979166666,🔴 Below Target,1630,3,3997.676666666666,0.13591227571347694,🔴 Low,Beverages,500,1.2037333333333333,2
1583,2024-02-12,2,Monday,6,Usulután,Usulután,12,Canasta de palma,Handicrafts,12.0,0.0,12.0,18,216.0,Debit card,210,5.5,6.5,117.0,54.166666666666664,16800,-4396.6900000000005,0.738292261904762,🟡 At Risk,1630,3,4134.4366666666665,0.13141653316735613,🟡 Medium,Handicrafts,2250,2.939564814814815,3
1584,2024-01-30,1,Tuesday,6,Usulután,Usulután,10,Hamaca artesanal,Handicrafts,35.0,0.15,29.75,1,29.75,Cash,375,18.0,17.0,17.0,48.57142857142857,16800,-4396.6900000000005,0.738292261904762,🟡 At Risk,1630,3,4134.4366666666665,0.13141653316735613,🟡 Medium,Handicrafts,2250,2.939564814814815,3
1585,2024-05-11,5,Saturday,3,San Miguel,San Miguel,9,Camisa guayabera,Clothing,18.0,0.05,17.1,1,17.1,Debit card,445,9.0,9.0,9.0,50.0,18000,-6378.879999999992,0.645617777777778,🔴 Below Target,1630,3,3873.706666666669,0.14026186804714166,🔴 Low,Clothing,400,0.89325,1
1586,2024-11-30,11,Saturday,7,La Libertad,La Libertad,4,Yuca frita,Traditional Food,2.5,0.15,2.12,9,19.08,Debit card,310,1.2,1.3,11.700000000000001,52.0,16800,-6134.490000000002,0.634851785714286,🔴 Below Target,1630,3,3555.1699999999996,0.15282907240253868,🔴 Low,Traditional Food,1950,0.531975128205128,3
1587,2024-08-14,8,Wednesday,4,Soyapango,San Salvador,18,Curtido en frasco,Groceries,2.0,0.0,2.0,8,16.0,Cash,298,0.9,1.1,8.8,55.00000000000001,19200,-7206.970000000003,0.624636979166666,🔴 Below Target,1630,3,3997.676666666666,0.13591227571347694,🔴 Low,Groceries,350,2.290714285714286,1
1588,2024-08-16,8,Friday,3,San Miguel,San Miguel,13,Aceite vegetal 1L,Groceries,2.8,0.1,2.52,8,20.16,Debit card,189,1.8,0.9999999999999998,7.999999999999998,35.71428571428571,18000,-6378.879999999992,0.645617777777778,🔴 Below Target,1630,3,3873.706666666669,0.14026186804714166,🔴 Low,Groceries,350,2.290714285714286,1
1589,2024-02-17,2,Saturday,8,Chalatenango,Chalatenango,5,Atol de elote,Beverages,1.0,0.0,1.0,16,16.0,Cash,418,0.45,0.55,8.8,55.00000000000001,18000,-1665.6599999999962,0.907463333333334,🟢 On Track,1630,3,5444.780000000002,0.09978976805919307,🟢 High,Beverages,500,1.2037333333333333,2
1590,2024-10-18,10,Friday,4,Soyapango,San Salvador,6,Kolachampán,Beverages,0.75,0.1,0.68,16,10.88,Cash,145,0.35,0.4,6.4,53.333333333333336,19200,-7206.970000000003,0.624636979166666,🔴 Below Target,1630,3,3997.676666666666,0.13591227571347694,🔴 Low,Beverages,500,1.2037333333333333,2
1591,2024-03-24,3,Sunday,5,Metrocentro,San Salvador,1,Pupusas de queso,Traditional Food,0.5,0.15,0.42,6,2.52,Cash,312,0.25,0.25,1.5,50.0,20400,-7248.4400000000005,0.64468431372549,🔴 Below Target,1630,3,4383.8533333333335,0.12393966951449106,🟡 Medium,Traditional Food,1950,0.531975128205128,3
1592,2024-03-14,3,Thursday,2,Santa Ana,Santa Ana,7,Café salvadoreño,Beverages,1.5,0.0,1.5,3,4.5,Cash,466,0.65,0.85,2.55,56.666666666666664,19200,-5584.200000000003,0.70915625,🟡 At Risk,1630,3,4538.599999999999,0.11971386183698353,🟡 Medium,Beverages,500,1.2037333333333333,2
1593,2024-09-26,9,Thursday,2,Santa Ana,Santa Ana,13,Aceite vegetal 1L,Groceries,2.8,0.1,2.52,5,12.6,Credit card,7,1.8,0.9999999999999998,4.999999999999999,35.71428571428571,19200,-5584.200000000003,0.70915625,🟡 At Risk,1630,3,4538.599999999999,0.11971386183698353,🟡 Medium,Groceries,350,2.290714285714286,1
1594,2024-07-15,7,Monday,7,La Libertad,La Libertad,4,Yuca frita,Traditional Food,2.5,0.0,2.5,1,2.5,Credit card,391,1.2,1.3,1.3,52.0,16800,-6134.490000000002,0.634851785714286,🔴 Below Target,1630,3,3555.1699999999996,0.15282907240253868,🔴 Low,Traditional Food,1950,0.531975128205128,3
1595,2024-05-07,5,Tuesday,3,San Miguel,San Miguel,2,Pupusas de frijol,Traditional Food,0.5,0.0,0.5,3,1.5,Cash,322,0.2,0.3,0.8999999999999999,60.0,18000,-6378.879999999992,0.645617777777778,🔴 Below Target,1630,3,3873.706666666669,0.14026186804714166,🔴 Low,Traditional Food,1950,0.531975128205128,3
1596,2024-02-24,2,Saturday,1,San Salvador Centro,San Salvador,1,Pupusas de queso,Traditional Food,0.5,0.1,0.45,18,8.1,Credit card,437,0.25,0.25,4.5,50.0,21600,-7478.849999999997,0.653756944444444,🔴 Below Target,1630,3,4707.050000000001,0.11542969234092122,🟡 Medium,Traditional Food,1950,0.531975128205128,3
1597,2024-03-12,3,Tuesday,4,Soyapango,San Salvador,3,Tamales de elote,Traditional Food,1.0,0.15,0.85,16,13.6,Debit card,228,0.55,0.44999999999999996,7.199999999999999,44.99999999999999,19200,-7206.970000000003,0.624636979166666,🔴 Below Target,1630,3,3997.676666666666,0.13591227571347694,🔴 Low,Traditional Food,1950,0.531975128205128,3
1598,2024-06-18,6,Tuesday,5,Metrocentro,San Salvador,6,Kolachampán,Beverages,0.75,0.0,0.75,16,12.0,Cash,279,0.35,0.4,6.4,53.333333333333336,20400,-7248.4400000000005,0.64468431372549,🔴 Below Target,1630,3,4383.8533333333335,0.12393966951449106,🟡 Medium,Beverages,500,1.2037333333333333,2
1599,2024-01-11,1,Thursday,2,Santa Ana,Santa Ana,9,Camisa guayabera,Clothing,18.0,0.0,18.0,2,36.0,Debit card,53,9.0,9.0,18.0,50.0,19200,-5584.200000000003,0.70915625,🟡 At Risk,1630,3,4538.599999999999,0.11971386183698353,🟡 Medium,Clothing,400,0.89325,1
1600,2024-03-13,3,Wednesday,7,La Libertad,La Libertad,17,Queso duro blando,Dairy,3.5,0.0,3.5,1,3.5,Cash,219,1.8,1.7,1.7,48.57142857142857,16800,-6134.490000000002,0.634851785714286,🔴 Below Target,1630,3,3555.1699999999996,0.15282907240253868,🔴 Low,Dairy,550,1.1310733333333334,2
1601,2024-06-29,6,Saturday,3,San Miguel,San Miguel,13,Aceite vegetal 1L,Groceries,2.8,0.0,2.8,10,28.0,Bitcoin,351,1.8,0.9999999999999998,9.999999999999998,35.71428571428571,18000,-6378.879999999992,0.645617777777778,🔴 Below Target,1630,3,3873.706666666669,0.14026186804714166,🔴 Low,Groceries,350,2.290714285714286,1
1602,2024-09-08,9,Sunday,2,Santa Ana,Santa Ana,13,Aceite vegetal 1L,Groceries,2.8,0.0,2.8,6,16.8,Cash,490,1.8,0.9999999999999998,5.999999999999998,35.71428571428571,19200,-5584.200000000003,0.70915625,🟡 At Risk,1630,3,4538.599999999999,0.11971386183698353,🟡 Medium,Groceries,350,2.290714285714286,1
1603,2024-02-09,2,Friday,6,Usulután,Usulután,10,Hamaca artesanal,Handicrafts,35.0,0.0,35.0,20,700.0,Cash,473,18.0,17.0,340.0,48.57142857142857,16800,-4396.6900000000005,0.738292261904762,🟡 At Risk,1630,3,4134.4366666666665,0.13141653316735613,🟡 Medium,Handicrafts,2250,2.939564814814815,3
1604,2024-11-05,11,Tuesday,1,San Salvador Centro,San Salvador,3,Tamales de elote,Traditional Food,1.0,0.0,1.0,5,5.0,Cash,172,0.55,0.44999999999999996,2.25,44.99999999999999,21600,-7478.849999999997,0.653756944444444,🔴 Below Target,1630,3,4707.050000000001,0.11542969234092122,🟡 Medium,Traditional Food,1950,0.531975128205128,3
1605,2024-03-17,3,Sunday,7,La Libertad,La Libertad,6,Kolachampán,Beverages,0.75,0.05,0.71,10,7.1,Credit card,179,0.35,0.4,4.0,53.333333333333336,16800,-6134.490000000002,0.634851785714286,🔴 Below Target,1630,3,3555.1699999999996,0.15282907240253868,🔴 Low,Beverages,500,1.2037333333333333,2
1606,2024-09-12,9,Thursday,5,Metrocentro,San Salvador,4,Yuca frita,Traditional Food,2.5,0.0,2.5,12,30.0,Credit card,365,1.2,1.3,15.600000000000001,52.0,20400,-7248.4400000000005,0.64468431372549,🔴 Below Target,1630,3,4383.8533333333335,0.12393966951449106,🟡 Medium,Traditional Food,1950,0.531975128205128,3
1607,2024-03-17,3,Sunday,1,San Salvador Centro,San Salvador,3,Tamales de elote,Traditional Food,1.0,0.0,1.0,5,5.0,Cash,229,0.55,0.44999999999999996,2.25,44.99999999999999,21600,-7478.849999999997,0.653756944444444,🔴 Below Target,1630,3,4707.050000000001,0.11542969234092122,🟡 Medium,Traditional Food,1950,0.531975128205128,3
1608,2024-02-27,2,Tuesday,2,Santa Ana,Santa Ana,16,Crema salvadoreña,Dairy,1.5,0.0,1.5,19,28.5,Transfer,143,0.7,0.8,15.200000000000001,53.333333333333336,19200,-5584.200000000003,0.70915625,🟡 At Risk,1630,3,4538.599999999999,0.11971386183698353,🟡 Medium,Dairy,550,1.1310733333333334,2
1609,2024-06-14,6,Friday,2,Santa Ana,Santa Ana,5,Atol de elote,Beverages,1.0,0.0,1.0,5,5.0,Credit card,181,0.45,0.55,2.75,55.00000000000001,19200,-5584.200000000003,0.70915625,🟡 At Risk,1630,3,4538.599999999999,0.11971386183698353,🟡 Medium,Beverages,500,1.2037333333333333,2
1610,2024-08-05,8,Monday,8,Chalatenango,Chalatenango,11,Jarrito de barro,Handicrafts,8.0,0.1,7.2,16,115.2,Transfer,309,3.5,4.5,72.0,56.25,18000,-1665.6599999999962,0.907463333333334,🟢 On Track,1630,3,5444.780000000002,0.09978976805919307,🟢 High,Handicrafts,2250,2.939564814814815,3
1611,2024-11-30,11,Saturday,3,San Miguel,San Miguel,11,Jarrito de barro,Handicrafts,8.0,0.0,8.0,8,64.0,Cash,255,3.5,4.5,36.0,56.25,18000,-6378.879999999992,0.645617777777778,🔴 Below Target,1630,3,3873.706666666669,0.14026186804714166,🔴 Low,Handicrafts,2250,2.939564814814815,3
1612,2024-09-29,9,Sunday,8,Chalatenango,Chalatenango,18,Curtido en frasco,Groceries,2.0,0.15,1.7,18,30.6,Cash,43,0.9,1.1,19.8,55.00000000000001,18000,-1665.6599999999962,0.907463333333334,🟢 On Track,1630,3,5444.780000000002,0.09978976805919307,🟢 High,Groceries,350,2.290714285714286,1
1613,2024-12-25,12,Wednesday,4,Soyapango,San Salvador,14,Frijoles rojos 1lb,Groceries,1.2,0.0,1.2,3,3.6,Cash,105,0.65,0.5499999999999999,1.65,45.83333333333333,19200,-7206.970000000003,0.624636979166666,🔴 Below Target,1630,3,3997.676666666666,0.13591227571347694,🔴 Low,Groceries,350,2.290714285714286,1
1614,2024-10-12,10,Saturday,6,Usulután,Usulután,1,Pupusas de queso,Traditional Food,0.5,0.0,0.5,16,8.0,Bitcoin,31,0.25,0.25,4.0,50.0,16800,-4396.6900000000005,0.738292261904762,🟡 At Risk,1630,3,4134.4366666666665,0.13141653316735613,🟡 Medium,Traditional Food,1950,0.531975128205128,3
1615,2024-03-12,3,Tuesday,6,Usulután,Usulután,12,Canasta de palma,Handicrafts,12.0,0.0,12.0,10,120.0,Cash,437,5.5,6.5,65.0,54.166666666666664,16800,-4396.6900000000005,0.738292261904762,🟡 At Risk,1630,3,4134.4366666666665,0.13141653316735613,🟡 Medium,Handicrafts,2250,2.939564814814815,3
1616,2024-05-04,5,Saturday,7,La Libertad,La Libertad,18,Curtido en frasco,Groceries,2.0,0.15,1.7,7,11.9,Cash,383,0.9,1.1,7.700000000000001,55.00000000000001,16800,-6134.490000000002,0.634851785714286,🔴 Below Target,1630,3,3555.1699999999996,0.15282907240253868,🔴 Low,Groceries,350,2.290714285714286,1
1617,2024-12-22,12,Sunday,2,Santa Ana,Santa Ana,5,Atol de elote,Beverages,1.0,0.0,1.0,5,5.0,Debit card,357,0.45,0.55,2.75,55.00000000000001,19200,-5584.200000000003,0.70915625,🟡 At Risk,1630,3,4538.599999999999,0.11971386183698353,🟡 Medium,Beverages,500,1.2037333333333333,2
1618,2024-01-28,1,Sunday,6,Usulután,Usulután,14,Frijoles rojos 1lb,Groceries,1.2,0.1,1.08,4,4.32,Debit card,245,0.65,0.5499999999999999,2.1999999999999997,45.83333333333333,16800,-4396.6900000000005,0.738292261904762,🟡 At Risk,1630,3,4134.4366666666665,0.13141653316735613,🟡 Medium,Groceries,350,2.290714285714286,1
1619,2024-03-16,3,Saturday,1,San Salvador Centro,San Salvador,6,Kolachampán,Beverages,0.75,0.0,0.75,12,9.0,Cash,40,0.35,0.4,4.800000000000001,53.333333333333336,21600,-7478.849999999997,0.653756944444444,🔴 Below Target,1630,3,4707.050000000001,0.11542969234092122,🟡 Medium,Beverages,500,1.2037333333333333,2
1620,2024-03-17,3,Sunday,7,La Libertad,La Libertad,1,Pupusas de queso,Traditional Food,0.5,0.0,0.5,6,3.0,Debit card,384,0.25,0.25,1.5,50.0,16800,-6134.490000000002,0.634851785714286,🔴 Below Target,1630,3,3555.1699999999996,0.15282907240253868,🔴 Low,Traditional Food,1950,0.531975128205128,3
1621,2024-08-28,8,Wednesday,5,Metrocentro,San Salvador,17,Queso duro blando,Dairy,3.5,0.1,3.15,14,44.1,Cash,401,1.8,1.7,23.8,48.57142857142857,20400,-7248.4400000000005,0.64468431372549,🔴 Below Target,1630,3,4383.8533333333335,0.12393966951449106,🟡 Medium,Dairy,550,1.1310733333333334,2
1622,2024-02-26,2,Monday,5,Metrocentro,San Salvador,1,Pupusas de queso,Traditional Food,0.5,0.0,0.5,5,2.5,Credit card,17,0.25,0.25,1.25,50.0,20400,-7248.4400000000005,0.64468431372549,🔴 Below Target,1630,3,4383.8533333333335,0.12393966951449106,🟡 Medium,Traditional Food,1950,0.531975128205128,3
1623,2024-01-06,1,Saturday,3,San Miguel,San Miguel,6,Kolachampán,Beverages,0.75,0.15,0.64,13,8.32,Cash,486,0.35,0.4,5.2,53.333333333333336,18000,-6378.879999999992,0.645617777777778,🔴 Below Target,1630,3,3873.706666666669,0.14026186804714166,🔴 Low,Beverages,500,1.2037333333333333,2
1624,2024-10-19,10,Saturday,5,Metrocentro,San Salvador,15,Arroz blanco 1lb,Groceries,0.9,0.0,0.9,17,15.3,Debit card,217,0.45,0.45,7.65,50.0,20400,-7248.4400000000005,0.64468431372549,🔴 Below Target,1630,3,4383.8533333333335,0.12393966951449106,🟡 Medium,Groceries,350,2.290714285714286,1
1625,2024-02-17,2,Saturday,5,Metrocentro,San Salvador,6,Kolachampán,Beverages,0.75,0.0,0.75,17,12.75,Transfer,65,0.35,0.4,6.800000000000001,53.333333333333336,20400,-7248.4400000000005,0.64468431372549,🔴 Below Target,1630,3,4383.8533333333335,0.12393966951449106,🟡 Medium,Beverages,500,1.2037333333333333,2
1626,2024-11-12,11,Tuesday,7,La Libertad,La Libertad,7,Café salvadoreño,Beverages,1.5,0.0,1.5,2,3.0,Cash,422,0.65,0.85,1.7,56.666666666666664,16800,-6134.490000000002,0.634851785714286,🔴 Below Target,1630,3,3555.1699999999996,0.15282907240253868,🔴 Low,Beverages,500,1.2037333333333333,2
1627,2024-12-20,12,Friday,2,Santa Ana,Santa Ana,18,Curtido en frasco,Groceries,2.0,0.0,2.0,15,30.0,Cash,329,0.9,1.1,16.5,55.00000000000001,19200,-5584.200000000003,0.70915625,🟡 At Risk,1630,3,4538.599999999999,0.11971386183698353,🟡 Medium,Groceries,350,2.290714285714286,1
1628,2024-03-25,3,Monday,7,La Libertad,La Libertad,13,Aceite vegetal 1L,Groceries,2.8,0.15,2.38,2,4.76,Cash,218,1.8,0.9999999999999998,1.9999999999999996,35.71428571428571,16800,-6134.490000000002,0.634851785714286,🔴 Below Target,1630,3,3555.1699999999996,0.15282907240253868,🔴 Low,Groceries,350,2.290714285714286,1
1629,2024-02-25,2,Sunday,5,Metrocentro,San Salvador,7,Café salvadoreño,Beverages,1.5,0.0,1.5,4,6.0,Cash,399,0.65,0.85,3.4,56.666666666666664,20400,-7248.4400000000005,0.64468431372549,🔴 Below Target,1630,3,4383.8533333333335,0.12393966951449106,🟡 Medium,Beverages,500,1.2037333333333333,2
1630,2024-05-02,5,Thursday,1,San Salvador Centro,San Salvador,11,Jarrito de barro,Handicrafts,8.0,0.0,8.0,10,80.0,Debit card,34,3.5,4.5,45.0,56.25,21600,-7478.849999999997,0.653756944444444,🔴 Below Target,1630,3,4707.050000000001,0.11542969234092122,🟡 Medium,Handicrafts,2250,2.939564814814815,3
1631,2024-06-07,6,Friday,1,San Salvador Centro,San Salvador,7,Café salvadoreño,Beverages,1.5,0.05,1.42,7,9.94,Cash,476,0.65,0.85,5.95,56.666666666666664,21600,-7478.849999999997,0.653756944444444,🔴 Below Target,1630,3,4707.050000000001,0.11542969234092122,🟡 Medium,Beverages,500,1.2037333333333333,2
1632,2024-05-17,5,Friday,4,Soyapango,San Salvador,2,Pupusas de frijol,Traditional Food,0.5,0.05,0.47,3,1.41,Debit card,289,0.2,0.3,0.8999999999999999,60.0,19200,-7206.970000000003,0.624636979166666,🔴 Below Target,1630,3,3997.676666666666,0.13591227571347694,🔴 Low,Traditional Food,1950,0.531975128205128,3
1633,2024-01-25,1,Thursday,1,San Salvador Centro,San Salvador,16,Crema salvadoreña,Dairy,1.5,0.0,1.5,11,16.5,Bitcoin,5,0.7,0.8,8.8,53.333333333333336,21600,-7478.849999999997,0.653756944444444,🔴 Below Target,1630,3,4707.050000000001,0.11542969234092122,🟡 Medium,Dairy,550,1.1310733333333334,2
1634,2024-07-22,7,Monday,5,Metrocentro,San Salvador,12,Canasta de palma,Handicrafts,12.0,0.0,12.0,17,204.0,Cash,201,5.5,6.5,110.5,54.166666666666664,20400,-7248.4400000000005,0.64468431372549,🔴 Below Target,1630,3,4383.8533333333335,0.12393966951449106,🟡 Medium,Handicrafts,2250,2.939564814814815,3
1635,2024-12-25,12,Wednesday,3,San Miguel,San Miguel,12,Canasta de palma,Handicrafts,12.0,0.0,12.0,4,48.0,Cash,380,5.5,6.5,26.0,54.166666666666664,18000,-6378.879999999992,0.645617777777778,🔴 Below Target,1630,3,3873.706666666669,0.14026186804714166,🔴 Low,Handicrafts,2250,2.939564814814815,3
1636,2024-09-14,9,Saturday,2,Santa Ana,Santa Ana,17,Queso duro blando,Dairy,3.5,0.0,3.5,5,17.5,Debit card,196,1.8,1.7,8.5,48.57142857142857,19200,-5584.200000000003,0.70915625,🟡 At Risk,1630,3,4538.599999999999,0.11971386183698353,🟡 Medium,Dairy,550,1.1310733333333334,2
1637,2024-05-28,5,Tuesday,1,San Salvador Centro,San Salvador,16,Crema salvadoreña,Dairy,1.5,0.0,1.5,6,9.0,Debit card,41,0.7,0.8,4.800000000000001,53.333333333333336,21600,-7478.849999999997,0.653756944444444,🔴 Below Target,1630,3,4707.050000000001,0.11542969234092122,🟡 Medium,Dairy,550,1.1310733333333334,2
1638,2024-04-20,4,Saturday,4,Soyapango,San Salvador,3,Tamales de elote,Traditional Food,1.0,0.15,0.85,5,4.25,Debit card,494,0.55,0.44999999999999996,2.25,44.99999999999999,19200,-7206.970000000003,0.624636979166666,🔴 Below Target,1630,3,3997.676666666666,0.13591227571347694,🔴 Low,Traditional Food,1950,0.531975128205128,3
1639,2024-08-17,8,Saturday,6,Usulután,Usulután,17,Queso duro blando,Dairy,3.5,0.0,3.5,5,17.5,Cash,320,1.8,1.7,8.5,48.57142857142857,16800,-4396.6900000000005,0.738292261904762,🟡 At Risk,1630,3,4134.4366666666665,0.13141653316735613,🟡 Medium,Dairy,550,1.1310733333333334,2
1640,2024-12-30,12,Monday,1,San Salvador Centro,San Salvador,14,Frijoles rojos 1lb,Groceries,1.2,0.0,1.2,13,15.6,Cash,313,0.65,0.5499999999999999,7.1499999999999995,45.83333333333333,21600,-7478.849999999997,0.653756944444444,🔴 Below Target,1630,3,4707.050000000001,0.11542969234092122,🟡 Medium,Groceries,350,2.290714285714286,1
1641,2024-10-17,10,Thursday,3,San Miguel,San Miguel,3,Tamales de elote,Traditional Food,1.0,0.0,1.0,16,16.0,Credit card,74,0.55,0.44999999999999996,7.199999999999999,44.99999999999999,18000,-6378.879999999992,0.645617777777778,🔴 Below Target,1630,3,3873.706666666669,0.14026186804714166,🔴 Low,Traditional Food,1950,0.531975128205128,3
1642,2024-09-12,9,Thursday,2,Santa Ana,Santa Ana,10,Hamaca artesanal,Handicrafts,35.0,0.0,35.0,4,140.0,Cash,479,18.0,17.0,68.0,48.57142857142857,19200,-5584.200000000003,0.70915625,🟡 At Risk,1630,3,4538.599999999999,0.11971386183698353,🟡 Medium,Handicrafts,2250,2.939564814814815,3
1643,2024-02-04,2,Sunday,3,San Miguel,San Miguel,10,Hamaca artesanal,Handicrafts,35.0,0.05,33.25,9,299.25,Cash,46,18.0,17.0,153.0,48.57142857142857,18000,-6378.879999999992,0.645617777777778,🔴 Below Target,1630,3,3873.706666666669,0.14026186804714166,🔴 Low,Handicrafts,2250,2.939564814814815,3
1644,2024-12-29,12,Sunday,3,San Miguel,San Miguel,3,Tamales de elote,Traditional Food,1.0,0.0,1.0,15,15.0,Transfer,132,0.55,0.44999999999999996,6.749999999999999,44.99999999999999,18000,-6378.879999999992,0.645617777777778,🔴 Below Target,1630,3,3873.706666666669,0.14026186804714166,🔴 Low,Traditional Food,1950,0.531975128205128,3
1645,2024-03-04,3,Monday,3,San Miguel,San Miguel,15,Arroz blanco 1lb,Groceries,0.9,0.0,0.9,19,17.1,Cash,440,0.45,0.45,8.55,50.0,18000,-6378.879999999992,0.645617777777778,🔴 Below Target,1630,3,3873.706666666669,0.14026186804714166,🔴 Low,Groceries,350,2.290714285714286,1
1646,2024-07-28,7,Sunday,7,La Libertad,La Libertad,10,Hamaca artesanal,Handicrafts,35.0,0.1,31.5,20,630.0,Cash,188,18.0,17.0,340.0,48.57142857142857,16800,-6134.490000000002,0.634851785714286,🔴 Below Target,1630,3,3555.1699999999996,0.15282907240253868,🔴 Low,Handicrafts,2250,2.939564814814815,3
1647,2024-07-10,7,Wednesday,6,Usulután,Usulután,17,Queso duro blando,Dairy,3.5,0.1,3.15,3,9.45,Cash,231,1.8,1.7,5.1,48.57142857142857,16800,-4396.6900000000005,0.738292261904762,🟡 At Risk,1630,3,4134.4366666666665,0.13141653316735613,🟡 Medium,Dairy,550,1.1310733333333334,2
1648,2024-11-13,11,Wednesday,1,San Salvador Centro,San Salvador,9,Camisa guayabera,Clothing,18.0,0.1,16.2,2,32.4,Credit card,359,9.0,9.0,18.0,50.0,21600,-7478.849999999997,0.653756944444444,🔴 Below Target,1630,3,4707.050000000001,0.11542969234092122,🟡 Medium,Clothing,400,0.89325,1
1649,2024-03-20,3,Wednesday,1,San Salvador Centro,San Salvador,18,Curtido en frasco,Groceries,2.0,0.0,2.0,4,8.0,Cash,292,0.9,1.1,4.4,55.00000000000001,21600,-7478.849999999997,0.653756944444444,🔴 Below Target,1630,3,4707.050000000001,0.11542969234092122,🟡 Medium,Groceries,350,2.290714285714286,1
1650,2024-04-24,4,Wednesday,2,Santa Ana,Santa Ana,13,Aceite vegetal 1L,Groceries,2.8,0.15,2.38,13,30.94,Cash,48,1.8,0.9999999999999998,12.999999999999996,35.71428571428571,19200,-5584.200000000003,0.70915625,🟡 At Risk,1630,3,4538.599999999999,0.11971386183698353,🟡 Medium,Groceries,350,2.290714285714286,1
1651,2024-08-27,8,Tuesday,8,Chalatenango,Chalatenango,12,Canasta de palma,Handicrafts,12.0,0.15,10.2,18,183.6,Cash,44,5.5,6.5,117.0,54.166666666666664,18000,-1665.6599999999962,0.907463333333334,🟢 On Track,1630,3,5444.780000000002,0.09978976805919307,🟢 High,Handicrafts,2250,2.939564814814815,3
1652,2024-07-22,7,Monday,2,Santa Ana,Santa Ana,6,Kolachampán,Beverages,0.75,0.0,0.75,14,10.5,Cash,34,0.35,0.4,5.6000000000000005,53.333333333333336,19200,-5584.200000000003,0.70915625,🟡 At Risk,1630,3,4538.599999999999,0.11971386183698353,🟡 Medium,Beverages,500,1.2037333333333333,2
1653,2024-11-05,11,Tuesday,6,Usulután,Usulután,11,Jarrito de barro,Handicrafts,8.0,0.0,8.0,16,128.0,Debit card,244,3.5,4.5,72.0,56.25,16800,-4396.6900000000005,0.738292261904762,🟡 At Risk,1630,3,4134.4366666666665,0.13141653316735613,🟡 Medium,Handicrafts,2250,2.939564814814815,3
1654,2024-08-20,8,Tuesday,5,Metrocentro,San Salvador,4,Yuca frita,Traditional Food,2.5,0.05,2.38,2,4.76,Cash,241,1.2,1.3,2.6,52.0,20400,-7248.4400000000005,0.64468431372549,🔴 Below Target,1630,3,4383.8533333333335,0.12393966951449106,🟡 Medium,Traditional Food,1950,0.531975128205128,3
1655,2024-06-12,6,Wednesday,4,Soyapango,San Salvador,5,Atol de elote,Beverages,1.0,0.0,1.0,19,19.0,Transfer,397,0.45,0.55,10.450000000000001,55.00000000000001,19200,-7206.970000000003,0.624636979166666,🔴 Below Target,1630,3,3997.676666666666,0.13591227571347694,🔴 Low,Beverages,500,1.2037333333333333,2
1656,2024-07-04,7,Thursday,1,San Salvador Centro,San Salvador,13,Aceite vegetal 1L,Groceries,2.8,0.0,2.8,14,39.2,Cash,109,1.8,0.9999999999999998,13.999999999999996,35.71428571428571,21600,-7478.849999999997,0.653756944444444,🔴 Below Target,1630,3,4707.050000000001,0.11542969234092122,🟡 Medium,Groceries,350,2.290714285714286,1
1657,2024-05-18,5,Saturday,7,La Libertad,La Libertad,1,Pupusas de queso,Traditional Food,0.5,0.1,0.45,9,4.05,Cash,73,0.25,0.25,2.25,50.0,16800,-6134.490000000002,0.634851785714286,🔴 Below Target,1630,3,3555.1699999999996,0.15282907240253868,🔴 Low,Traditional Food,1950,0.531975128205128,3
1658,2024-07-26,7,Friday,5,Metrocentro,San Salvador,3,Tamales de elote,Traditional Food,1.0,0.0,1.0,3,3.0,Credit card,232,0.55,0.44999999999999996,1.3499999999999999,44.99999999999999,20400,-7248.4400000000005,0.64468431372549,🔴 Below Target,1630,3,4383.8533333333335,0.12393966951449106,🟡 Medium,Traditional Food,1950,0.531975128205128,3
1659,2024-12-08,12,Sunday,4,Soyapango,San Salvador,14,Frijoles rojos 1lb,Groceries,1.2,0.0,1.2,9,10.8,Credit card,48,0.65,0.5499999999999999,4.949999999999999,45.83333333333333,19200,-7206.970000000003,0.624636979166666,🔴 Below Target,1630,3,3997.676666666666,0.13591227571347694,🔴 Low,Groceries,350,2.290714285714286,1
1660,2024-06-01,6,Saturday,6,Usulután,Usulután,14,Frijoles rojos 1lb,Groceries,1.2,0.0,1.2,6,7.2,Cash,215,0.65,0.5499999999999999,3.3,45.83333333333333,16800,-4396.6900000000005,0.738292261904762,🟡 At Risk,1630,3,4134.4366666666665,0.13141653316735613,🟡 Medium,Groceries,350,2.290714285714286,1
1661,2024-10-01,10,Tuesday,8,Chalatenango,Chalatenango,16,Crema salvadoreña,Dairy,1.5,0.1,1.35,6,8.1,Cash,468,0.7,0.8,4.800000000000001,53.333333333333336,18000,-1665.6599999999962,0.907463333333334,🟢 On Track,1630,3,5444.780000000002,0.09978976805919307,🟢 High,Dairy,550,1.1310733333333334,2
1662,2024-10-14,10,Monday,1,San Salvador Centro,San Salvador,13,Aceite vegetal 1L,Groceries,2.8,0.0,2.8,20,56.0,Cash,342,1.8,0.9999999999999998,19.999999999999996,35.71428571428571,21600,-7478.849999999997,0.653756944444444,🔴 Below Target,1630,3,4707.050000000001,0.11542969234092122,🟡 Medium,Groceries,350,2.290714285714286,1
1663,2024-12-06,12,Friday,6,Usulután,Usulután,5,Atol de elote,Beverages,1.0,0.0,1.0,11,11.0,Cash,235,0.45,0.55,6.050000000000001,55.00000000000001,16800,-4396.6900000000005,0.738292261904762,🟡 At Risk,1630,3,4134.4366666666665,0.13141653316735613,🟡 Medium,Beverages,500,1.2037333333333333,2
1664,2024-06-11,6,Tuesday,8,Chalatenango,Chalatenango,5,Atol de elote,Beverages,1.0,0.15,0.85,4,3.4,Transfer,209,0.45,0.55,2.2,55.00000000000001,18000,-1665.6599999999962,0.907463333333334,🟢 On Track,1630,3,5444.780000000002,0.09978976805919307,🟢 High,Beverages,500,1.2037333333333333,2
1665,2024-08-18,8,Sunday,1,San Salvador Centro,San Salvador,9,Camisa guayabera,Clothing,18.0,0.1,16.2,5,81.0,Cash,497,9.0,9.0,45.0,50.0,21600,-7478.849999999997,0.653756944444444,🔴 Below Target,1630,3,4707.050000000001,0.11542969234092122,🟡 Medium,Clothing,400,0.89325,1
1666,2024-04-21,4,Sunday,1,San Salvador Centro,San Salvador,4,Yuca frita,Traditional Food,2.5,0.0,2.5,7,17.5,Debit card,397,1.2,1.3,9.1,52.0,21600,-7478.849999999997,0.653756944444444,🔴 Below Target,1630,3,4707.050000000001,0.11542969234092122,🟡 Medium,Traditional Food,1950,0.531975128205128,3
1667,2024-04-20,4,Saturday,7,La Libertad,La Libertad,6,Kolachampán,Beverages,0.75,0.0,0.75,12,9.0,Transfer,498,0.35,0.4,4.800000000000001,53.333333333333336,16800,-6134.490000000002,0.634851785714286,🔴 Below Target,1630,3,3555.1699999999996,0.15282907240253868,🔴 Low,Beverages,500,1.2037333333333333,2
1668,2024-07-05,7,Friday,6,Usulután,Usulután,1,Pupusas de queso,Traditional Food,0.5,0.0,0.5,1,0.5,Credit card,258,0.25,0.25,0.25,50.0,16800,-4396.6900000000005,0.738292261904762,🟡 At Risk,1630,3,4134.4366666666665,0.13141653316735613,🟡 Medium,Traditional Food,1950,0.531975128205128,3
1669,2024-11-28,11,Thursday,8,Chalatenango,Chalatenango,4,Yuca frita,Traditional Food,2.5,0.0,2.5,15,37.5,Cash,181,1.2,1.3,19.5,52.0,18000,-1665.6599999999962,0.907463333333334,🟢 On Track,1630,3,5444.780000000002,0.09978976805919307,🟢 High,Traditional Food,1950,0.531975128205128,3
1670,2024-09-24,9,Tuesday,7,La Libertad,La Libertad,18,Curtido en frasco,Groceries,2.0,0.0,2.0,11,22.0,Bitcoin,235,0.9,1.1,12.100000000000001,55.00000000000001,16800,-6134.490000000002,0.634851785714286,🔴 Below Target,1630,3,3555.1699999999996,0.15282907240253868,🔴 Low,Groceries,350,2.290714285714286,1
1671,2024-03-31,3,Sunday,6,Usulután,Usulután,14,Frijoles rojos 1lb,Groceries,1.2,0.05,1.14,18,20.52,Cash,224,0.65,0.5499999999999999,9.899999999999999,45.83333333333333,16800,-4396.6900000000005,0.738292261904762,🟡 At Risk,1630,3,4134.4366666666665,0.13141653316735613,🟡 Medium,Groceries,350,2.290714285714286,1
1672,2024-12-03,12,Tuesday,5,Metrocentro,San Salvador,13,Aceite vegetal 1L,Groceries,2.8,0.1,2.52,14,35.28,Cash,318,1.8,0.9999999999999998,13.999999999999996,35.71428571428571,20400,-7248.4400000000005,0.64468431372549,🔴 Below Target,1630,3,4383.8533333333335,0.12393966951449106,🟡 Medium,Groceries,350,2.290714285714286,1
1673,2024-02-23,2,Friday,2,Santa Ana,Santa Ana,4,Yuca frita,Traditional Food,2.5,0.1,2.25,3,6.75,Cash,478,1.2,1.3,3.9000000000000004,52.0,19200,-5584.200000000003,0.70915625,🟡 At Risk,1630,3,4538.599999999999,0.11971386183698353,🟡 Medium,Traditional Food,1950,0.531975128205128,3
1674,2024-09-11,9,Wednesday,2,Santa Ana,Santa Ana,14,Frijoles rojos 1lb,Groceries,1.2,0.05,1.14,20,22.8,Cash,228,0.65,0.5499999999999999,10.999999999999998,45.83333333333333,19200,-5584.200000000003,0.70915625,🟡 At Risk,1630,3,4538.599999999999,0.11971386183698353,🟡 Medium,Groceries,350,2.290714285714286,1
1675,2024-12-07,12,Saturday,1,San Salvador Centro,San Salvador,17,Queso duro blando,Dairy,3.5,0.15,2.98,10,29.8,Cash,115,1.8,1.7,17.0,48.57142857142857,21600,-7478.849999999997,0.653756944444444,🔴 Below Target,1630,3,4707.050000000001,0.11542969234092122,🟡 Medium,Dairy,550,1.1310733333333334,2
1676,2024-02-28,2,Wednesday,7,La Libertad,La Libertad,15,Arroz blanco 1lb,Groceries,0.9,0.15,0.77,7,5.39,Cash,64,0.45,0.45,3.15,50.0,16800,-6134.490000000002,0.634851785714286,🔴 Below Target,1630,3,3555.1699999999996,0.15282907240253868,🔴 Low,Groceries,350,2.290714285714286,1
1677,2024-07-30,7,Tuesday,8,Chalatenango,Chalatenango,12,Canasta de palma,Handicrafts,12.0,0.0,12.0,13,156.0,Bitcoin,401,5.5,6.5,84.5,54.166666666666664,18000,-1665.6599999999962,0.907463333333334,🟢 On Track,1630,3,5444.780000000002,0.09978976805919307,🟢 High,Handicrafts,2250,2.939564814814815,3
1678,2024-05-17,5,Friday,5,Metrocentro,San Salvador,8,Fresco de tamarindo,Beverages,0.75,0.0,0.75,9,6.75,Credit card,408,0.3,0.45,4.05,60.0,20400,-7248.4400000000005,0.64468431372549,🔴 Below Target,1630,3,4383.8533333333335,0.12393966951449106,🟡 Medium,Beverages,500,1.2037333333333333,2
1679,2024-01-03,1,Wednesday,4,Soyapango,San Salvador,14,Frijoles rojos 1lb,Groceries,1.2,0.0,1.2,14,16.8,Cash,79,0.65,0.5499999999999999,7.699999999999999,45.83333333333333,19200,-7206.970000000003,0.624636979166666,🔴 Below Target,1630,3,3997.676666666666,0.13591227571347694,🔴 Low,Groceries,350,2.290714285714286,1
1680,2024-06-20,6,Thursday,6,Usulután,Usulután,12,Canasta de palma,Handicrafts,12.0,0.05,11.4,6,68.4,Transfer,124,5.5,6.5,39.0,54.166666666666664,16800,-4396.6900000000005,0.738292261904762,🟡 At Risk,1630,3,4134.4366666666665,0.13141653316735613,🟡 Medium,Handicrafts,2250,2.939564814814815,3
1681,2024-04-08,4,Monday,7,La Libertad,La Libertad,18,Curtido en frasco,Groceries,2.0,0.1,1.8,20,36.0,Cash,27,0.9,1.1,22.0,55.00000000000001,16800,-6134.490000000002,0.634851785714286,🔴 Below Target,1630,3,3555.1699999999996,0.15282907240253868,🔴 Low,Groceries,350,2.290714285714286,1
1682,2024-11-21,11,Thursday,3,San Miguel,San Miguel,14,Frijoles rojos 1lb,Groceries,1.2,0.1,1.08,13,14.04,Cash,463,0.65,0.5499999999999999,7.1499999999999995,45.83333333333333,18000,-6378.879999999992,0.645617777777778,🔴 Below Target,1630,3,3873.706666666669,0.14026186804714166,🔴 Low,Groceries,350,2.290714285714286,1
1683,2024-08-11,8,Sunday,3,San Miguel,San Miguel,11,Jarrito de barro,Handicrafts,8.0,0.0,8.0,8,64.0,Debit card,65,3.5,4.5,36.0,56.25,18000,-6378.879999999992,0.645617777777778,🔴 Below Target,1630,3,3873.706666666669,0.14026186804714166,🔴 Low,Handicrafts,2250,2.939564814814815,3
1684,2024-11-19,11,Tuesday,2,Santa Ana,Santa Ana,17,Queso duro blando,Dairy,3.5,0.15,2.98,19,56.62,Cash,391,1.8,1.7,32.3,48.57142857142857,19200,-5584.200000000003,0.70915625,🟡 At Risk,1630,3,4538.599999999999,0.11971386183698353,🟡 Medium,Dairy,550,1.1310733333333334,2
1685,2024-06-14,6,Friday,3,San Miguel,San Miguel,9,Camisa guayabera,Clothing,18.0,0.0,18.0,7,126.0,Cash,224,9.0,9.0,63.0,50.0,18000,-6378.879999999992,0.645617777777778,🔴 Below Target,1630,3,3873.706666666669,0.14026186804714166,🔴 Low,Clothing,400,0.89325,1
1686,2024-01-15,1,Monday,3,San Miguel,San Miguel,1,Pupusas de queso,Traditional Food,0.5,0.1,0.45,20,9.0,Debit card,498,0.25,0.25,5.0,50.0,18000,-6378.879999999992,0.645617777777778,🔴 Below Target,1630,3,3873.706666666669,0.14026186804714166,🔴 Low,Traditional Food,1950,0.531975128205128,3
1687,2024-01-13,1,Saturday,7,La Libertad,La Libertad,3,Tamales de elote,Traditional Food,1.0,0.0,1.0,5,5.0,Debit card,399,0.55,0.44999999999999996,2.25,44.99999999999999,16800,-6134.490000000002,0.634851785714286,🔴 Below Target,1630,3,3555.1699999999996,0.15282907240253868,🔴 Low,Traditional Food,1950,0.531975128205128,3
1688,2024-05-02,5,Thursday,3,San Miguel,San Miguel,12,Canasta de palma,Handicrafts,12.0,0.0,12.0,8,96.0,Cash,431,5.5,6.5,52.0,54.166666666666664,18000,-6378.879999999992,0.645617777777778,🔴 Below Target,1630,3,3873.706666666669,0.14026186804714166,🔴 Low,Handicrafts,2250,2.939564814814815,3
1689,2024-05-13,5,Monday,7,La Libertad,La Libertad,8,Fresco de tamarindo,Beverages,0.75,0.0,0.75,2,1.5,Cash,74,0.3,0.45,0.9,60.0,16800,-6134.490000000002,0.634851785714286,🔴 Below Target,1630,3,3555.1699999999996,0.15282907240253868,🔴 Low,Beverages,500,1.2037333333333333,2
1690,2024-02-26,2,Monday,2,Santa Ana,Santa Ana,1,Pupusas de queso,Traditional Food,0.5,0.05,0.47,15,7.05,Cash,73,0.25,0.25,3.75,50.0,19200,-5584.200000000003,0.70915625,🟡 At Risk,1630,3,4538.599999999999,0.11971386183698353,🟡 Medium,Traditional Food,1950,0.531975128205128,3
1691,2024-04-02,4,Tuesday,5,Metrocentro,San Salvador,10,Hamaca artesanal,Handicrafts,35.0,0.0,35.0,3,105.0,Cash,186,18.0,17.0,51.0,48.57142857142857,20400,-7248.4400000000005,0.64468431372549,🔴 Below Target,1630,3,4383.8533333333335,0.12393966951449106,🟡 Medium,Handicrafts,2250,2.939564814814815,3
1692,2024-02-21,2,Wednesday,7,La Libertad,La Libertad,7,Café salvadoreño,Beverages,1.5,0.15,1.27,16,20.32,Cash,38,0.65,0.85,13.6,56.666666666666664,16800,-6134.490000000002,0.634851785714286,🔴 Below Target,1630,3,3555.1699999999996,0.15282907240253868,🔴 Low,Beverages,500,1.2037333333333333,2
1693,2024-04-17,4,Wednesday,2,Santa Ana,Santa Ana,16,Crema salvadoreña,Dairy,1.5,0.0,1.5,14,21.0,Credit card,325,0.7,0.8,11.200000000000001,53.333333333333336,19200,-5584.200000000003,0.70915625,🟡 At Risk,1630,3,4538.599999999999,0.11971386183698353,🟡 Medium,Dairy,550,1.1310733333333334,2
1694,2024-04-02,4,Tuesday,3,San Miguel,San Miguel,15,Arroz blanco 1lb,Groceries,0.9,0.0,0.9,10,9.0,Bitcoin,338,0.45,0.45,4.5,50.0,18000,-6378.879999999992,0.645617777777778,🔴 Below Target,1630,3,3873.706666666669,0.14026186804714166,🔴 Low,Groceries,350,2.290714285714286,1
1695,2024-06-24,6,Monday,2,Santa Ana,Santa Ana,2,Pupusas de frijol,Traditional Food,0.5,0.0,0.5,12,6.0,Transfer,308,0.2,0.3,3.5999999999999996,60.0,19200,-5584.200000000003,0.70915625,🟡 At Risk,1630,3,4538.599999999999,0.11971386183698353,🟡 Medium,Traditional Food,1950,0.531975128205128,3
1696,2024-03-22,3,Friday,1,San Salvador Centro,San Salvador,18,Curtido en frasco,Groceries,2.0,0.1,1.8,17,30.6,Cash,63,0.9,1.1,18.700000000000003,55.00000000000001,21600,-7478.849999999997,0.653756944444444,🔴 Below Target,1630,3,4707.050000000001,0.11542969234092122,🟡 Medium,Groceries,350,2.290714285714286,1
1697,2024-10-01,10,Tuesday,1,San Salvador Centro,San Salvador,7,Café salvadoreño,Beverages,1.5,0.05,1.42,1,1.42,Debit card,79,0.65,0.85,0.85,56.666666666666664,21600,-7478.849999999997,0.653756944444444,🔴 Below Target,1630,3,4707.050000000001,0.11542969234092122,🟡 Medium,Beverages,500,1.2037333333333333,2
1698,2024-02-28,2,Wednesday,6,Usulután,Usulután,7,Café salvadoreño,Beverages,1.5,0.0,1.5,7,10.5,Cash,113,0.65,0.85,5.95,56.666666666666664,16800,-4396.6900000000005,0.738292261904762,🟡 At Risk,1630,3,4134.4366666666665,0.13141653316735613,🟡 Medium,Beverages,500,1.2037333333333333,2
1699,2024-05-17,5,Friday,3,San Miguel,San Miguel,3,Tamales de elote,Traditional Food,1.0,0.0,1.0,9,9.0,Cash,48,0.55,0.44999999999999996,4.05,44.99999999999999,18000,-6378.879999999992,0.645617777777778,🔴 Below Target,1630,3,3873.706666666669,0.14026186804714166,🔴 Low,Traditional Food,1950,0.531975128205128,3
1700,2024-08-27,8,Tuesday,5,Metrocentro,San Salvador,12,Canasta de palma,Handicrafts,12.0,0.0,12.0,16,192.0,Debit card,205,5.5,6.5,104.0,54.166666666666664,20400,-7248.4400000000005,0.64468431372549,🔴 Below Target,1630,3,4383.8533333333335,0.12393966951449106,🟡 Medium,Handicrafts,2250,2.939564814814815,3
1701,2024-03-29,3,Friday,5,Metrocentro,San Salvador,7,Café salvadoreño,Beverages,1.5,0.1,1.35,7,9.45,Credit card,368,0.65,0.85,5.95,56.666666666666664,20400,-7248.4400000000005,0.64468431372549,🔴 Below Target,1630,3,4383.8533333333335,0.12393966951449106,🟡 Medium,Beverages,500,1.2037333333333333,2
1702,2024-02-22,2,Thursday,7,La Libertad,La Libertad,9,Camisa guayabera,Clothing,18.0,0.15,15.3,19,290.7,Credit card,160,9.0,9.0,171.0,50.0,16800,-6134.490000000002,0.634851785714286,🔴 Below Target,1630,3,3555.1699999999996,0.15282907240253868,🔴 Low,Clothing,400,0.89325,1
1703,2024-09-06,9,Friday,4,Soyapango,San Salvador,6,Kolachampán,Beverages,0.75,0.0,0.75,14,10.5,Cash,383,0.35,0.4,5.6000000000000005,53.333333333333336,19200,-7206.970000000003,0.624636979166666,🔴 Below Target,1630,3,3997.676666666666,0.13591227571347694,🔴 Low,Beverages,500,1.2037333333333333,2
1704,2024-11-14,11,Thursday,6,Usulután,Usulután,9,Camisa guayabera,Clothing,18.0,0.05,17.1,4,68.4,Cash,103,9.0,9.0,36.0,50.0,16800,-4396.6900000000005,0.738292261904762,🟡 At Risk,1630,3,4134.4366666666665,0.13141653316735613,🟡 Medium,Clothing,400,0.89325,1
1705,2024-11-19,11,Tuesday,6,Usulután,Usulután,12,Canasta de palma,Handicrafts,12.0,0.0,12.0,3,36.0,Cash,18,5.5,6.5,19.5,54.166666666666664,16800,-4396.6900000000005,0.738292261904762,🟡 At Risk,1630,3,4134.4366666666665,0.13141653316735613,🟡 Medium,Handicrafts,2250,2.939564814814815,3
1706,2024-10-27,10,Sunday,5,Metrocentro,San Salvador,17,Queso duro blando,Dairy,3.5,0.0,3.5,14,49.0,Debit card,450,1.8,1.7,23.8,48.57142857142857,20400,-7248.4400000000005,0.64468431372549,🔴 Below Target,1630,3,4383.8533333333335,0.12393966951449106,🟡 Medium,Dairy,550,1.1310733333333334,2
1707,2024-07-22,7,Monday,6,Usulután,Usulután,17,Queso duro blando,Dairy,3.5,0.0,3.5,1,3.5,Cash,166,1.8,1.7,1.7,48.57142857142857,16800,-4396.6900000000005,0.738292261904762,🟡 At Risk,1630,3,4134.4366666666665,0.13141653316735613,🟡 Medium,Dairy,550,1.1310733333333334,2
1708,2024-07-02,7,Tuesday,3,San Miguel,San Miguel,14,Frijoles rojos 1lb,Groceries,1.2,0.0,1.2,8,9.6,Cash,191,0.65,0.5499999999999999,4.3999999999999995,45.83333333333333,18000,-6378.879999999992,0.645617777777778,🔴 Below Target,1630,3,3873.706666666669,0.14026186804714166,🔴 Low,Groceries,350,2.290714285714286,1
1709,2024-06-09,6,Sunday,3,San Miguel,San Miguel,12,Canasta de palma,Handicrafts,12.0,0.0,12.0,4,48.0,Cash,6,5.5,6.5,26.0,54.166666666666664,18000,-6378.879999999992,0.645617777777778,🔴 Below Target,1630,3,3873.706666666669,0.14026186804714166,🔴 Low,Handicrafts,2250,2.939564814814815,3
1710,2024-08-26,8,Monday,4,Soyapango,San Salvador,11,Jarrito de barro,Handicrafts,8.0,0.15,6.8,19,129.2,Cash,120,3.5,4.5,85.5,56.25,19200,-7206.970000000003,0.624636979166666,🔴 Below Target,1630,3,3997.676666666666,0.13591227571347694,🔴 Low,Handicrafts,2250,2.939564814814815,3
1711,2024-07-16,7,Tuesday,2,Santa Ana,Santa Ana,18,Curtido en frasco,Groceries,2.0,0.05,1.9,10,19.0,Cash,112,0.9,1.1,11.0,55.00000000000001,19200,-5584.200000000003,0.70915625,🟡 At Risk,1630,3,4538.599999999999,0.11971386183698353,🟡 Medium,Groceries,350,2.290714285714286,1
1712,2024-11-07,11,Thursday,5,Metrocentro,San Salvador,4,Yuca frita,Traditional Food,2.5,0.05,2.38,3,7.14,Credit card,216,1.2,1.3,3.9000000000000004,52.0,20400,-7248.4400000000005,0.64468431372549,🔴 Below Target,1630,3,4383.8533333333335,0.12393966951449106,🟡 Medium,Traditional Food,1950,0.531975128205128,3
1713,2024-06-12,6,Wednesday,6,Usulután,Usulután,14,Frijoles rojos 1lb,Groceries,1.2,0.0,1.2,7,8.4,Cash,253,0.65,0.5499999999999999,3.8499999999999996,45.83333333333333,16800,-4396.6900000000005,0.738292261904762,🟡 At Risk,1630,3,4134.4366666666665,0.13141653316735613,🟡 Medium,Groceries,350,2.290714285714286,1
1714,2024-05-20,5,Monday,1,San Salvador Centro,San Salvador,16,Crema salvadoreña,Dairy,1.5,0.0,1.5,14,21.0,Cash,88,0.7,0.8,11.200000000000001,53.333333333333336,21600,-7478.849999999997,0.653756944444444,🔴 Below Target,1630,3,4707.050000000001,0.11542969234092122,🟡 Medium,Dairy,550,1.1310733333333334,2
1715,2024-05-01,5,Wednesday,7,La Libertad,La Libertad,11,Jarrito de barro,Handicrafts,8.0,0.0,8.0,19,152.0,Cash,330,3.5,4.5,85.5,56.25,16800,-6134.490000000002,0.634851785714286,🔴 Below Target,1630,3,3555.1699999999996,0.15282907240253868,🔴 Low,Handicrafts,2250,2.939564814814815,3
1716,2024-05-25,5,Saturday,8,Chalatenango,Chalatenango,1,Pupusas de queso,Traditional Food,0.5,0.15,0.42,5,2.1,Transfer,19,0.25,0.25,1.25,50.0,18000,-1665.6599999999962,0.907463333333334,🟢 On Track,1630,3,5444.780000000002,0.09978976805919307,🟢 High,Traditional Food,1950,0.531975128205128,3
1717,2024-06-21,6,Friday,1,San Salvador Centro,San Salvador,18,Curtido en frasco,Groceries,2.0,0.0,2.0,1,2.0,Cash,425,0.9,1.1,1.1,55.00000000000001,21600,-7478.849999999997,0.653756944444444,🔴 Below Target,1630,3,4707.050000000001,0.11542969234092122,🟡 Medium,Groceries,350,2.290714285714286,1
1718,2024-05-20,5,Monday,5,Metrocentro,San Salvador,14,Frijoles rojos 1lb,Groceries,1.2,0.15,1.02,11,11.22,Cash,41,0.65,0.5499999999999999,6.049999999999999,45.83333333333333,20400,-7248.4400000000005,0.64468431372549,🔴 Below Target,1630,3,4383.8533333333335,0.12393966951449106,🟡 Medium,Groceries,350,2.290714285714286,1
1719,2024-09-09,9,Monday,6,Usulután,Usulután,18,Curtido en frasco,Groceries,2.0,0.0,2.0,20,40.0,Cash,357,0.9,1.1,22.0,55.00000000000001,16800,-4396.6900000000005,0.738292261904762,🟡 At Risk,1630,3,4134.4366666666665,0.13141653316735613,🟡 Medium,Groceries,350,2.290714285714286,1
1720,2024-11-24,11,Sunday,8,Chalatenango,Chalatenango,15,Arroz blanco 1lb,Groceries,0.9,0.15,0.77,4,3.08,Cash,317,0.45,0.45,1.8,50.0,18000,-1665.6599999999962,0.907463333333334,🟢 On Track,1630,3,5444.780000000002,0.09978976805919307,🟢 High,Groceries,350,2.290714285714286,1
1721,2024-04-24,4,Wednesday,1,San Salvador Centro,San Salvador,4,Yuca frita,Traditional Food,2.5,0.15,2.12,2,4.24,Cash,54,1.2,1.3,2.6,52.0,21600,-7478.849999999997,0.653756944444444,🔴 Below Target,1630,3,4707.050000000001,0.11542969234092122,🟡 Medium,Traditional Food,1950,0.531975128205128,3
1722,2024-04-25,4,Thursday,7,La Libertad,La Libertad,11,Jarrito de barro,Handicrafts,8.0,0.0,8.0,6,48.0,Cash,462,3.5,4.5,27.0,56.25,16800,-6134.490000000002,0.634851785714286,🔴 Below Target,1630,3,3555.1699999999996,0.15282907240253868,🔴 Low,Handicrafts,2250,2.939564814814815,3
1723,2024-12-18,12,Wednesday,1,San Salvador Centro,San Salvador,12,Canasta de palma,Handicrafts,12.0,0.0,12.0,2,24.0,Credit card,23,5.5,6.5,13.0,54.166666666666664,21600,-7478.849999999997,0.653756944444444,🔴 Below Target,1630,3,4707.050000000001,0.11542969234092122,🟡 Medium,Handicrafts,2250,2.939564814814815,3
1724,2024-06-04,6,Tuesday,1,San Salvador Centro,San Salvador,4,Yuca frita,Traditional Food,2.5,0.0,2.5,3,7.5,Cash,314,1.2,1.3,3.9000000000000004,52.0,21600,-7478.849999999997,0.653756944444444,🔴 Below Target,1630,3,4707.050000000001,0.11542969234092122,🟡 Medium,Traditional Food,1950,0.531975128205128,3
1725,2024-12-23,12,Monday,5,Metrocentro,San Salvador,13,Aceite vegetal 1L,Groceries,2.8,0.0,2.8,6,16.8,Debit card,62,1.8,0.9999999999999998,5.999999999999998,35.71428571428571,20400,-7248.4400000000005,0.64468431372549,🔴 Below Target,1630,3,4383.8533333333335,0.12393966951449106,🟡 Medium,Groceries,350,2.290714285714286,1
1726,2024-03-16,3,Saturday,6,Usulután,Usulután,5,Atol de elote,Beverages,1.0,0.15,0.85,19,16.15,Transfer,212,0.45,0.55,10.450000000000001,55.00000000000001,16800,-4396.6900000000005,0.738292261904762,🟡 At Risk,1630,3,4134.4366666666665,0.13141653316735613,🟡 Medium,Beverages,500,1.2037333333333333,2
1727,2024-09-24,9,Tuesday,2,Santa Ana,Santa Ana,15,Arroz blanco 1lb,Groceries,0.9,0.0,0.9,17,15.3,Debit card,339,0.45,0.45,7.65,50.0,19200,-5584.200000000003,0.70915625,🟡 At Risk,1630,3,4538.599999999999,0.11971386183698353,🟡 Medium,Groceries,350,2.290714285714286,1
1728,2024-06-13,6,Thursday,5,Metrocentro,San Salvador,16,Crema salvadoreña,Dairy,1.5,0.0,1.5,16,24.0,Cash,393,0.7,0.8,12.8,53.333333333333336,20400,-7248.4400000000005,0.64468431372549,🔴 Below Target,1630,3,4383.8533333333335,0.12393966951449106,🟡 Medium,Dairy,550,1.1310733333333334,2
1729,2024-06-29,6,Saturday,2,Santa Ana,Santa Ana,10,Hamaca artesanal,Handicrafts,35.0,0.15,29.75,18,535.5,Credit card,338,18.0,17.0,306.0,48.57142857142857,19200,-5584.200000000003,0.70915625,🟡 At Risk,1630,3,4538.599999999999,0.11971386183698353,🟡 Medium,Handicrafts,2250,2.939564814814815,3
1730,2024-02-08,2,Thursday,2,Santa Ana,Santa Ana,7,Café salvadoreño,Beverages,1.5,0.0,1.5,16,24.0,Cash,344,0.65,0.85,13.6,56.666666666666664,19200,-5584.200000000003,0.70915625,🟡 At Risk,1630,3,4538.599999999999,0.11971386183698353,🟡 Medium,Beverages,500,1.2037333333333333,2
1731,2024-07-16,7,Tuesday,8,Chalatenango,Chalatenango,7,Café salvadoreño,Beverages,1.5,0.0,1.5,7,10.5,Cash,107,0.65,0.85,5.95,56.666666666666664,18000,-1665.6599999999962,0.907463333333334,🟢 On Track,1630,3,5444.780000000002,0.09978976805919307,🟢 High,Beverages,500,1.2037333333333333,2
1732,2024-06-08,6,Saturday,6,Usulután,Usulután,17,Queso duro blando,Dairy,3.5,0.1,3.15,15,47.25,Cash,259,1.8,1.7,25.5,48.57142857142857,16800,-4396.6900000000005,0.738292261904762,🟡 At Risk,1630,3,4134.4366666666665,0.13141653316735613,🟡 Medium,Dairy,550,1.1310733333333334,2
1733,2024-04-22,4,Monday,3,San Miguel,San Miguel,4,Yuca frita,Traditional Food,2.5,0.0,2.5,12,30.0,Transfer,445,1.2,1.3,15.600000000000001,52.0,18000,-6378.879999999992,0.645617777777778,🔴 Below Target,1630,3,3873.706666666669,0.14026186804714166,🔴 Low,Traditional Food,1950,0.531975128205128,3
1734,2024-07-23,7,Tuesday,4,Soyapango,San Salvador,17,Queso duro blando,Dairy,3.5,0.0,3.5,7,24.5,Cash,85,1.8,1.7,11.9,48.57142857142857,19200,-7206.970000000003,0.624636979166666,🔴 Below Target,1630,3,3997.676666666666,0.13591227571347694,🔴 Low,Dairy,550,1.1310733333333334,2
1735,2024-03-16,3,Saturday,2,Santa Ana,Santa Ana,10,Hamaca artesanal,Handicrafts,35.0,0.0,35.0,15,525.0,Debit card,124,18.0,17.0,255.0,48.57142857142857,19200,-5584.200000000003,0.70915625,🟡 At Risk,1630,3,4538.599999999999,0.11971386183698353,🟡 Medium,Handicrafts,2250,2.939564814814815,3
1736,2024-04-05,4,Friday,8,Chalatenango,Chalatenango,1,Pupusas de queso,Traditional Food,0.5,0.0,0.5,9,4.5,Cash,272,0.25,0.25,2.25,50.0,18000,-1665.6599999999962,0.907463333333334,🟢 On Track,1630,3,5444.780000000002,0.09978976805919307,🟢 High,Traditional Food,1950,0.531975128205128,3
1737,2024-05-15,5,Wednesday,6,Usulután,Usulután,15,Arroz blanco 1lb,Groceries,0.9,0.05,0.85,4,3.4,Cash,221,0.45,0.45,1.8,50.0,16800,-4396.6900000000005,0.738292261904762,🟡 At Risk,1630,3,4134.4366666666665,0.13141653316735613,🟡 Medium,Groceries,350,2.290714285714286,1
1738,2024-07-22,7,Monday,3,San Miguel,San Miguel,7,Café salvadoreño,Beverages,1.5,0.0,1.5,17,25.5,Debit card,28,0.65,0.85,14.45,56.666666666666664,18000,-6378.879999999992,0.645617777777778,🔴 Below Target,1630,3,3873.706666666669,0.14026186804714166,🔴 Low,Beverages,500,1.2037333333333333,2
1739,2024-07-08,7,Monday,5,Metrocentro,San Salvador,15,Arroz blanco 1lb,Groceries,0.9,0.0,0.9,4,3.6,Debit card,375,0.45,0.45,1.8,50.0,20400,-7248.4400000000005,0.64468431372549,🔴 Below Target,1630,3,4383.8533333333335,0.12393966951449106,🟡 Medium,Groceries,350,2.290714285714286,1
1740,2024-05-30,5,Thursday,4,Soyapango,San Salvador,14,Frijoles rojos 1lb,Groceries,1.2,0.0,1.2,7,8.4,Cash,142,0.65,0.5499999999999999,3.8499999999999996,45.83333333333333,19200,-7206.970000000003,0.624636979166666,🔴 Below Target,1630,3,3997.676666666666,0.13591227571347694,🔴 Low,Groceries,350,2.290714285714286,1
1741,2024-09-22,9,Sunday,8,Chalatenango,Chalatenango,17,Queso duro blando,Dairy,3.5,0.0,3.5,14,49.0,Debit card,331,1.8,1.7,23.8,48.57142857142857,18000,-1665.6599999999962,0.907463333333334,🟢 On Track,1630,3,5444.780000000002,0.09978976805919307,🟢 High,Dairy,550,1.1310733333333334,2
1742,2024-04-22,4,Monday,2,Santa Ana,Santa Ana,8,Fresco de tamarindo,Beverages,0.75,0.0,0.75,4,3.0,Credit card,295,0.3,0.45,1.8,60.0,19200,-5584.200000000003,0.70915625,🟡 At Risk,1630,3,4538.599999999999,0.11971386183698353,🟡 Medium,Beverages,500,1.2037333333333333,2
1743,2024-02-03,2,Saturday,4,Soyapango,San Salvador,9,Camisa guayabera,Clothing,18.0,0.0,18.0,18,324.0,Cash,452,9.0,9.0,162.0,50.0,19200,-7206.970000000003,0.624636979166666,🔴 Below Target,1630,3,3997.676666666666,0.13591227571347694,🔴 Low,Clothing,400,0.89325,1
1744,2024-07-20,7,Saturday,7,La Libertad,La Libertad,13,Aceite vegetal 1L,Groceries,2.8,0.0,2.8,4,11.2,Debit card,451,1.8,0.9999999999999998,3.999999999999999,35.71428571428571,16800,-6134.490000000002,0.634851785714286,🔴 Below Target,1630,3,3555.1699999999996,0.15282907240253868,🔴 Low,Groceries,350,2.290714285714286,1
1745,2024-04-15,4,Monday,8,Chalatenango,Chalatenango,9,Camisa guayabera,Clothing,18.0,0.15,15.3,6,91.8,Cash,327,9.0,9.0,54.0,50.0,18000,-1665.6599999999962,0.907463333333334,🟢 On Track,1630,3,5444.780000000002,0.09978976805919307,🟢 High,Clothing,400,0.89325,1
1746,2024-01-02,1,Tuesday,5,Metrocentro,San Salvador,10,Hamaca artesanal,Handicrafts,35.0,0.0,35.0,4,140.0,Debit card,359,18.0,17.0,68.0,48.57142857142857,20400,-7248.4400000000005,0.64468431372549,🔴 Below Target,1630,3,4383.8533333333335,0.12393966951449106,🟡 Medium,Handicrafts,2250,2.939564814814815,3
1747,2024-12-18,12,Wednesday,5,Metrocentro,San Salvador,16,Crema salvadoreña,Dairy,1.5,0.0,1.5,8,12.0,Cash,36,0.7,0.8,6.4,53.333333333333336,20400,-7248.4400000000005,0.64468431372549,🔴 Below Target,1630,3,4383.8533333333335,0.12393966951449106,🟡 Medium,Dairy,550,1.1310733333333334,2
1748,2024-06-19,6,Wednesday,3,San Miguel,San Miguel,6,Kolachampán,Beverages,0.75,0.0,0.75,15,11.25,Transfer,342,0.35,0.4,6.0,53.333333333333336,18000,-6378.879999999992,0.645617777777778,🔴 Below Target,1630,3,3873.706666666669,0.14026186804714166,🔴 Low,Beverages,500,1.2037333333333333,2
1749,2024-06-20,6,Thursday,7,La Libertad,La Libertad,16,Crema salvadoreña,Dairy,1.5,0.0,1.5,1,1.5,Transfer,452,0.7,0.8,0.8,53.333333333333336,16800,-6134.490000000002,0.634851785714286,🔴 Below Target,1630,3,3555.1699999999996,0.15282907240253868,🔴 Low,Dairy,550,1.1310733333333334,2
1750,2024-12-13,12,Friday,3,San Miguel,San Miguel,3,Tamales de elote,Traditional Food,1.0,0.05,0.95,1,0.95,Cash,243,0.55,0.44999999999999996,0.44999999999999996,44.99999999999999,18000,-6378.879999999992,0.645617777777778,🔴 Below Target,1630,3,3873.706666666669,0.14026186804714166,🔴 Low,Traditional Food,1950,0.531975128205128,3
1751,2024-05-06,5,Monday,8,Chalatenango,Chalatenango,1,Pupusas de queso,Traditional Food,0.5,0.0,0.5,16,8.0,Cash,9,0.25,0.25,4.0,50.0,18000,-1665.6599999999962,0.907463333333334,🟢 On Track,1630,3,5444.780000000002,0.09978976805919307,🟢 High,Traditional Food,1950,0.531975128205128,3
1752,2024-09-25,9,Wednesday,4,Soyapango,San Salvador,10,Hamaca artesanal,Handicrafts,35.0,0.0,35.0,17,595.0,Credit card,397,18.0,17.0,289.0,48.57142857142857,19200,-7206.970000000003,0.624636979166666,🔴 Below Target,1630,3,3997.676666666666,0.13591227571347694,🔴 Low,Handicrafts,2250,2.939564814814815,3
1753,2024-06-04,6,Tuesday,2,Santa Ana,Santa Ana,4,Yuca frita,Traditional Food,2.5,0.0,2.5,11,27.5,Cash,180,1.2,1.3,14.3,52.0,19200,-5584.200000000003,0.70915625,🟡 At Risk,1630,3,4538.599999999999,0.11971386183698353,🟡 Medium,Traditional Food,1950,0.531975128205128,3
1754,2024-12-05,12,Thursday,5,Metrocentro,San Salvador,18,Curtido en frasco,Groceries,2.0,0.0,2.0,16,32.0,Cash,7,0.9,1.1,17.6,55.00000000000001,20400,-7248.4400000000005,0.64468431372549,🔴 Below Target,1630,3,4383.8533333333335,0.12393966951449106,🟡 Medium,Groceries,350,2.290714285714286,1
1755,2024-12-29,12,Sunday,5,Metrocentro,San Salvador,12,Canasta de palma,Handicrafts,12.0,0.05,11.4,11,125.4,Credit card,439,5.5,6.5,71.5,54.166666666666664,20400,-7248.4400000000005,0.64468431372549,🔴 Below Target,1630,3,4383.8533333333335,0.12393966951449106,🟡 Medium,Handicrafts,2250,2.939564814814815,3
1756,2024-05-18,5,Saturday,2,Santa Ana,Santa Ana,16,Crema salvadoreña,Dairy,1.5,0.1,1.35,17,22.95,Debit card,76,0.7,0.8,13.600000000000001,53.333333333333336,19200,-5584.200000000003,0.70915625,🟡 At Risk,1630,3,4538.599999999999,0.11971386183698353,🟡 Medium,Dairy,550,1.1310733333333334,2
1757,2024-12-03,12,Tuesday,4,Soyapango,San Salvador,14,Frijoles rojos 1lb,Groceries,1.2,0.0,1.2,5,6.0,Cash,126,0.65,0.5499999999999999,2.7499999999999996,45.83333333333333,19200,-7206.970000000003,0.624636979166666,🔴 Below Target,1630,3,3997.676666666666,0.13591227571347694,🔴 Low,Groceries,350,2.290714285714286,1
1758,2024-04-15,4,Monday,6,Usulután,Usulután,14,Frijoles rojos 1lb,Groceries,1.2,0.0,1.2,3,3.6,Bitcoin,194,0.65,0.5499999999999999,1.65,45.83333333333333,16800,-4396.6900000000005,0.738292261904762,🟡 At Risk,1630,3,4134.4366666666665,0.13141653316735613,🟡 Medium,Groceries,350,2.290714285714286,1
1759,2024-11-16,11,Saturday,5,Metrocentro,San Salvador,4,Yuca frita,Traditional Food,2.5,0.0,2.5,18,45.0,Transfer,449,1.2,1.3,23.400000000000002,52.0,20400,-7248.4400000000005,0.64468431372549,🔴 Below Target,1630,3,4383.8533333333335,0.12393966951449106,🟡 Medium,Traditional Food,1950,0.531975128205128,3
1760,2024-05-15,5,Wednesday,3,San Miguel,San Miguel,17,Queso duro blando,Dairy,3.5,0.0,3.5,12,42.0,Cash,214,1.8,1.7,20.4,48.57142857142857,18000,-6378.879999999992,0.645617777777778,🔴 Below Target,1630,3,3873.706666666669,0.14026186804714166,🔴 Low,Dairy,550,1.1310733333333334,2
1761,2024-04-07,4,Sunday,5,Metrocentro,San Salvador,9,Camisa guayabera,Clothing,18.0,0.05,17.1,2,34.2,Debit card,176,9.0,9.0,18.0,50.0,20400,-7248.4400000000005,0.64468431372549,🔴 Below Target,1630,3,4383.8533333333335,0.12393966951449106,🟡 Medium,Clothing,400,0.89325,1
1762,2024-08-20,8,Tuesday,7,La Libertad,La Libertad,4,Yuca frita,Traditional Food,2.5,0.15,2.12,19,40.28,Credit card,148,1.2,1.3,24.7,52.0,16800,-6134.490000000002,0.634851785714286,🔴 Below Target,1630,3,3555.1699999999996,0.15282907240253868,🔴 Low,Traditional Food,1950,0.531975128205128,3
1763,2024-09-12,9,Thursday,1,San Salvador Centro,San Salvador,4,Yuca frita,Traditional Food,2.5,0.0,2.5,5,12.5,Debit card,268,1.2,1.3,6.5,52.0,21600,-7478.849999999997,0.653756944444444,🔴 Below Target,1630,3,4707.050000000001,0.11542969234092122,🟡 Medium,Traditional Food,1950,0.531975128205128,3
1764,2024-06-04,6,Tuesday,3,San Miguel,San Miguel,10,Hamaca artesanal,Handicrafts,35.0,0.0,35.0,16,560.0,Cash,151,18.0,17.0,272.0,48.57142857142857,18000,-6378.879999999992,0.645617777777778,🔴 Below Target,1630,3,3873.706666666669,0.14026186804714166,🔴 Low,Handicrafts,2250,2.939564814814815,3
1765,2024-01-21,1,Sunday,8,Chalatenango,Chalatenango,1,Pupusas de queso,Traditional Food,0.5,0.0,0.5,7,3.5,Credit card,64,0.25,0.25,1.75,50.0,18000,-1665.6599999999962,0.907463333333334,🟢 On Track,1630,3,5444.780000000002,0.09978976805919307,🟢 High,Traditional Food,1950,0.531975128205128,3
1766,2024-06-05,6,Wednesday,8,Chalatenango,Chalatenango,2,Pupusas de frijol,Traditional Food,0.5,0.0,0.5,1,0.5,Cash,428,0.2,0.3,0.3,60.0,18000,-1665.6599999999962,0.907463333333334,🟢 On Track,1630,3,5444.780000000002,0.09978976805919307,🟢 High,Traditional Food,1950,0.531975128205128,3
1767,2024-05-08,5,Wednesday,1,San Salvador Centro,San Salvador,1,Pupusas de queso,Traditional Food,0.5,0.0,0.5,5,2.5,Credit card,403,0.25,0.25,1.25,50.0,21600,-7478.849999999997,0.653756944444444,🔴 Below Target,1630,3,4707.050000000001,0.11542969234092122,🟡 Medium,Traditional Food,1950,0.531975128205128,3
1768,2024-02-14,2,Wednesday,3,San Miguel,San Miguel,17,Queso duro blando,Dairy,3.5,0.0,3.5,9,31.5,Transfer,101,1.8,1.7,15.299999999999999,48.57142857142857,18000,-6378.879999999992,0.645617777777778,🔴 Below Target,1630,3,3873.706666666669,0.14026186804714166,🔴 Low,Dairy,550,1.1310733333333334,2
1769,2024-05-28,5,Tuesday,2,Santa Ana,Santa Ana,14,Frijoles rojos 1lb,Groceries,1.2,0.0,1.2,8,9.6,Cash,182,0.65,0.5499999999999999,4.3999999999999995,45.83333333333333,19200,-5584.200000000003,0.70915625,🟡 At Risk,1630,3,4538.599999999999,0.11971386183698353,🟡 Medium,Groceries,350,2.290714285714286,1
1770,2024-08-04,8,Sunday,7,La Libertad,La Libertad,8,Fresco de tamarindo,Beverages,0.75,0.0,0.75,13,9.75,Credit card,472,0.3,0.45,5.8500000000000005,60.0,16800,-6134.490000000002,0.634851785714286,🔴 Below Target,1630,3,3555.1699999999996,0.15282907240253868,🔴 Low,Beverages,500,1.2037333333333333,2
1771,2024-03-29,3,Friday,5,Metrocentro,San Salvador,10,Hamaca artesanal,Handicrafts,35.0,0.0,35.0,19,665.0,Debit card,166,18.0,17.0,323.0,48.57142857142857,20400,-7248.4400000000005,0.64468431372549,🔴 Below Target,1630,3,4383.8533333333335,0.12393966951449106,🟡 Medium,Handicrafts,2250,2.939564814814815,3
1772,2024-05-08,5,Wednesday,4,Soyapango,San Salvador,5,Atol de elote,Beverages,1.0,0.0,1.0,5,5.0,Debit card,155,0.45,0.55,2.75,55.00000000000001,19200,-7206.970000000003,0.624636979166666,🔴 Below Target,1630,3,3997.676666666666,0.13591227571347694,🔴 Low,Beverages,500,1.2037333333333333,2
1773,2024-06-01,6,Saturday,2,Santa Ana,Santa Ana,10,Hamaca artesanal,Handicrafts,35.0,0.1,31.5,19,598.5,Cash,94,18.0,17.0,323.0,48.57142857142857,19200,-5584.200000000003,0.70915625,🟡 At Risk,1630,3,4538.599999999999,0.11971386183698353,🟡 Medium,Handicrafts,2250,2.939564814814815,3
1774,2024-02-19,2,Monday,7,La Libertad,La Libertad,13,Aceite vegetal 1L,Groceries,2.8,0.05,2.66,5,13.3,Cash,161,1.8,0.9999999999999998,4.999999999999999,35.71428571428571,16800,-6134.490000000002,0.634851785714286,🔴 Below Target,1630,3,3555.1699999999996,0.15282907240253868,🔴 Low,Groceries,350,2.290714285714286,1
1775,2024-08-27,8,Tuesday,6,Usulután,Usulután,17,Queso duro blando,Dairy,3.5,0.0,3.5,12,42.0,Cash,493,1.8,1.7,20.4,48.57142857142857,16800,-4396.6900000000005,0.738292261904762,🟡 At Risk,1630,3,4134.4366666666665,0.13141653316735613,🟡 Medium,Dairy,550,1.1310733333333334,2
1776,2024-01-15,1,Monday,8,Chalatenango,Chalatenango,14,Frijoles rojos 1lb,Groceries,1.2,0.0,1.2,18,21.6,Transfer,216,0.65,0.5499999999999999,9.899999999999999,45.83333333333333,18000,-1665.6599999999962,0.907463333333334,🟢 On Track,1630,3,5444.780000000002,0.09978976805919307,🟢 High,Groceries,350,2.290714285714286,1
1777,2024-11-10,11,Sunday,3,San Miguel,San Miguel,3,Tamales de elote,Traditional Food,1.0,0.15,0.85,10,8.5,Cash,263,0.55,0.44999999999999996,4.5,44.99999999999999,18000,-6378.879999999992,0.645617777777778,🔴 Below Target,1630,3,3873.706666666669,0.14026186804714166,🔴 Low,Traditional Food,1950,0.531975128205128,3
1778,2024-11-13,11,Wednesday,3,San Miguel,San Miguel,12,Canasta de palma,Handicrafts,12.0,0.05,11.4,18,205.2,Credit card,28,5.5,6.5,117.0,54.166666666666664,18000,-6378.879999999992,0.645617777777778,🔴 Below Target,1630,3,3873.706666666669,0.14026186804714166,🔴 Low,Handicrafts,2250,2.939564814814815,3
1779,2024-07-25,7,Thursday,3,San Miguel,San Miguel,13,Aceite vegetal 1L,Groceries,2.8,0.0,2.8,1,2.8,Credit card,448,1.8,0.9999999999999998,0.9999999999999998,35.71428571428571,18000,-6378.879999999992,0.645617777777778,🔴 Below Target,1630,3,3873.706666666669,0.14026186804714166,🔴 Low,Groceries,350,2.290714285714286,1
1780,2024-01-28,1,Sunday,8,Chalatenango,Chalatenango,17,Queso duro blando,Dairy,3.5,0.0,3.5,3,10.5,Cash,333,1.8,1.7,5.1,48.57142857142857,18000,-1665.6599999999962,0.907463333333334,🟢 On Track,1630,3,5444.780000000002,0.09978976805919307,🟢 High,Dairy,550,1.1310733333333334,2
1781,2024-10-31,10,Thursday,6,Usulután,Usulután,4,Yuca frita,Traditional Food,2.5,0.15,2.12,4,8.48,Cash,247,1.2,1.3,5.2,52.0,16800,-4396.6900000000005,0.738292261904762,🟡 At Risk,1630,3,4134.4366666666665,0.13141653316735613,🟡 Medium,Traditional Food,1950,0.531975128205128,3
1782,2024-03-03,3,Sunday,1,San Salvador Centro,San Salvador,11,Jarrito de barro,Handicrafts,8.0,0.1,7.2,19,136.8,Debit card,368,3.5,4.5,85.5,56.25,21600,-7478.849999999997,0.653756944444444,🔴 Below Target,1630,3,4707.050000000001,0.11542969234092122,🟡 Medium,Handicrafts,2250,2.939564814814815,3
1783,2024-09-21,9,Saturday,4,Soyapango,San Salvador,2,Pupusas de frijol,Traditional Food,0.5,0.05,0.47,5,2.35,Debit card,254,0.2,0.3,1.5,60.0,19200,-7206.970000000003,0.624636979166666,🔴 Below Target,1630,3,3997.676666666666,0.13591227571347694,🔴 Low,Traditional Food,1950,0.531975128205128,3
1784,2024-12-11,12,Wednesday,4,Soyapango,San Salvador,5,Atol de elote,Beverages,1.0,0.0,1.0,5,5.0,Debit card,369,0.45,0.55,2.75,55.00000000000001,19200,-7206.970000000003,0.624636979166666,🔴 Below Target,1630,3,3997.676666666666,0.13591227571347694,🔴 Low,Beverages,500,1.2037333333333333,2
1785,2024-11-15,11,Friday,8,Chalatenango,Chalatenango,1,Pupusas de queso,Traditional Food,0.5,0.0,0.5,7,3.5,Cash,79,0.25,0.25,1.75,50.0,18000,-1665.6599999999962,0.907463333333334,🟢 On Track,1630,3,5444.780000000002,0.09978976805919307,🟢 High,Traditional Food,1950,0.531975128205128,3
1786,2024-05-06,5,Monday,2,Santa Ana,Santa Ana,4,Yuca frita,Traditional Food,2.5,0.0,2.5,7,17.5,Cash,427,1.2,1.3,9.1,52.0,19200,-5584.200000000003,0.70915625,🟡 At Risk,1630,3,4538.599999999999,0.11971386183698353,🟡 Medium,Traditional Food,1950,0.531975128205128,3
1787,2024-07-19,7,Friday,8,Chalatenango,Chalatenango,17,Queso duro blando,Dairy,3.5,0.0,3.5,2,7.0,Cash,248,1.8,1.7,3.4,48.57142857142857,18000,-1665.6599999999962,0.907463333333334,🟢 On Track,1630,3,5444.780000000002,0.09978976805919307,🟢 High,Dairy,550,1.1310733333333334,2
1788,2024-10-06,10,Sunday,4,Soyapango,San Salvador,6,Kolachampán,Beverages,0.75,0.15,0.64,9,5.76,Debit card,225,0.35,0.4,3.6,53.333333333333336,19200,-7206.970000000003,0.624636979166666,🔴 Below Target,1630,3,3997.676666666666,0.13591227571347694,🔴 Low,Beverages,500,1.2037333333333333,2
1789,2024-03-15,3,Friday,7,La Libertad,La Libertad,4,Yuca frita,Traditional Food,2.5,0.0,2.5,1,2.5,Cash,382,1.2,1.3,1.3,52.0,16800,-6134.490000000002,0.634851785714286,🔴 Below Target,1630,3,3555.1699999999996,0.15282907240253868,🔴 Low,Traditional Food,1950,0.531975128205128,3
1790,2024-09-18,9,Wednesday,3,San Miguel,San Miguel,8,Fresco de tamarindo,Beverages,0.75,0.0,0.75,18,13.5,Cash,149,0.3,0.45,8.1,60.0,18000,-6378.879999999992,0.645617777777778,🔴 Below Target,1630,3,3873.706666666669,0.14026186804714166,🔴 Low,Beverages,500,1.2037333333333333,2
1791,2024-10-28,10,Monday,2,Santa Ana,Santa Ana,10,Hamaca artesanal,Handicrafts,35.0,0.0,35.0,16,560.0,Debit card,201,18.0,17.0,272.0,48.57142857142857,19200,-5584.200000000003,0.70915625,🟡 At Risk,1630,3,4538.599999999999,0.11971386183698353,🟡 Medium,Handicrafts,2250,2.939564814814815,3
1792,2024-08-25,8,Sunday,2,Santa Ana,Santa Ana,13,Aceite vegetal 1L,Groceries,2.8,0.15,2.38,14,33.32,Cash,15,1.8,0.9999999999999998,13.999999999999996,35.71428571428571,19200,-5584.200000000003,0.70915625,🟡 At Risk,1630,3,4538.599999999999,0.11971386183698353,🟡 Medium,Groceries,350,2.290714285714286,1
1793,2024-03-02,3,Saturday,8,Chalatenango,Chalatenango,10,Hamaca artesanal,Handicrafts,35.0,0.0,35.0,19,665.0,Cash,156,18.0,17.0,323.0,48.57142857142857,18000,-1665.6599999999962,0.907463333333334,🟢 On Track,1630,3,5444.780000000002,0.09978976805919307,🟢 High,Handicrafts,2250,2.939564814814815,3
1794,2024-01-22,1,Monday,8,Chalatenango,Chalatenango,2,Pupusas de frijol,Traditional Food,0.5,0.0,0.5,12,6.0,Cash,371,0.2,0.3,3.5999999999999996,60.0,18000,-1665.6599999999962,0.907463333333334,🟢 On Track,1630,3,5444.780000000002,0.09978976805919307,🟢 High,Traditional Food,1950,0.531975128205128,3
1795,2024-01-05,1,Friday,5,Metrocentro,San Salvador,15,Arroz blanco 1lb,Groceries,0.9,0.0,0.9,6,5.4,Debit card,441,0.45,0.45,2.7,50.0,20400,-7248.4400000000005,0.64468431372549,🔴 Below Target,1630,3,4383.8533333333335,0.12393966951449106,🟡 Medium,Groceries,350,2.290714285714286,1
1796,2024-06-27,6,Thursday,4,Soyapango,San Salvador,17,Queso duro blando,Dairy,3.5,0.0,3.5,17,59.5,Debit card,90,1.8,1.7,28.9,48.57142857142857,19200,-7206.970000000003,0.624636979166666,🔴 Below Target,1630,3,3997.676666666666,0.13591227571347694,🔴 Low,Dairy,550,1.1310733333333334,2
1797,2024-12-01,12,Sunday,6,Usulután,Usulután,5,Atol de elote,Beverages,1.0,0.0,1.0,19,19.0,Cash,440,0.45,0.55,10.450000000000001,55.00000000000001,16800,-4396.6900000000005,0.738292261904762,🟡 At Risk,1630,3,4134.4366666666665,0.13141653316735613,🟡 Medium,Beverages,500,1.2037333333333333,2
1798,2024-12-03,12,Tuesday,5,Metrocentro,San Salvador,5,Atol de elote,Beverages,1.0,0.0,1.0,10,10.0,Cash,430,0.45,0.55,5.5,55.00000000000001,20400,-7248.4400000000005,0.64468431372549,🔴 Below Target,1630,3,4383.8533333333335,0.12393966951449106,🟡 Medium,Beverages,500,1.2037333333333333,2
1799,2024-08-29,8,Thursday,7,La Libertad,La Libertad,16,Crema salvadoreña,Dairy,1.5,0.1,1.35,20,27.0,Cash,363,0.7,0.8,16.0,53.333333333333336,16800,-6134.490000000002,0.634851785714286,🔴 Below Target,1630,3,3555.1699999999996,0.15282907240253868,🔴 Low,Dairy,550,1.1310733333333334,2
1800,2024-03-07,3,Thursday,5,Metrocentro,San Salvador,17,Queso duro blando,Dairy,3.5,0.05,3.32,11,36.52,Transfer,179,1.8,1.7,18.7,48.57142857142857,20400,-7248.4400000000005,0.64468431372549,🔴 Below Target,1630,3,4383.8533333333335,0.12393966951449106,🟡 Medium,Dairy,550,1.1310733333333334,2
1801,2024-01-24,1,Wednesday,2,Santa Ana,Santa Ana,13,Aceite vegetal 1L,Groceries,2.8,0.15,2.38,1,2.38,Debit card,119,1.8,0.9999999999999998,0.9999999999999998,35.71428571428571,19200,-5584.200000000003,0.70915625,🟡 At Risk,1630,3,4538.599999999999,0.11971386183698353,🟡 Medium,Groceries,350,2.290714285714286,1
1802,2024-09-12,9,Thursday,2,Santa Ana,Santa Ana,4,Yuca frita,Traditional Food,2.5,0.0,2.5,16,40.0,Credit card,396,1.2,1.3,20.8,52.0,19200,-5584.200000000003,0.70915625,🟡 At Risk,1630,3,4538.599999999999,0.11971386183698353,🟡 Medium,Traditional Food,1950,0.531975128205128,3
1803,2024-03-30,3,Saturday,2,Santa Ana,Santa Ana,8,Fresco de tamarindo,Beverages,0.75,0.15,0.64,13,8.32,Transfer,473,0.3,0.45,5.8500000000000005,60.0,19200,-5584.200000000003,0.70915625,🟡 At Risk,1630,3,4538.599999999999,0.11971386183698353,🟡 Medium,Beverages,500,1.2037333333333333,2
1804,2024-11-09,11,Saturday,1,San Salvador Centro,San Salvador,3,Tamales de elote,Traditional Food,1.0,0.0,1.0,9,9.0,Cash,384,0.55,0.44999999999999996,4.05,44.99999999999999,21600,-7478.849999999997,0.653756944444444,🔴 Below Target,1630,3,4707.050000000001,0.11542969234092122,🟡 Medium,Traditional Food,1950,0.531975128205128,3
1805,2024-07-10,7,Wednesday,8,Chalatenango,Chalatenango,3,Tamales de elote,Traditional Food,1.0,0.1,0.9,20,18.0,Credit card,473,0.55,0.44999999999999996,9.0,44.99999999999999,18000,-1665.6599999999962,0.907463333333334,🟢 On Track,1630,3,5444.780000000002,0.09978976805919307,🟢 High,Traditional Food,1950,0.531975128205128,3
1806,2024-02-25,2,Sunday,6,Usulután,Usulután,6,Kolachampán,Beverages,0.75,0.0,0.75,15,11.25,Cash,327,0.35,0.4,6.0,53.333333333333336,16800,-4396.6900000000005,0.738292261904762,🟡 At Risk,1630,3,4134.4366666666665,0.13141653316735613,🟡 Medium,Beverages,500,1.2037333333333333,2
1807,2024-04-10,4,Wednesday,4,Soyapango,San Salvador,18,Curtido en frasco,Groceries,2.0,0.0,2.0,9,18.0,Cash,147,0.9,1.1,9.9,55.00000000000001,19200,-7206.970000000003,0.624636979166666,🔴 Below Target,1630,3,3997.676666666666,0.13591227571347694,🔴 Low,Groceries,350,2.290714285714286,1
1808,2024-03-23,3,Saturday,4,Soyapango,San Salvador,8,Fresco de tamarindo,Beverages,0.75,0.15,0.64,14,8.96,Debit card,405,0.3,0.45,6.3,60.0,19200,-7206.970000000003,0.624636979166666,🔴 Below Target,1630,3,3997.676666666666,0.13591227571347694,🔴 Low,Beverages,500,1.2037333333333333,2
1809,2024-10-25,10,Friday,2,Santa Ana,Santa Ana,7,Café salvadoreño,Beverages,1.5,0.1,1.35,1,1.35,Transfer,50,0.65,0.85,0.85,56.666666666666664,19200,-5584.200000000003,0.70915625,🟡 At Risk,1630,3,4538.599999999999,0.11971386183698353,🟡 Medium,Beverages,500,1.2037333333333333,2
1810,2024-03-12,3,Tuesday,1,San Salvador Centro,San Salvador,7,Café salvadoreño,Beverages,1.5,0.0,1.5,1,1.5,Credit card,291,0.65,0.85,0.85,56.666666666666664,21600,-7478.849999999997,0.653756944444444,🔴 Below Target,1630,3,4707.050000000001,0.11542969234092122,🟡 Medium,Beverages,500,1.2037333333333333,2
1811,2024-06-23,6,Sunday,2,Santa Ana,Santa Ana,18,Curtido en frasco,Groceries,2.0,0.1,1.8,6,10.8,Debit card,467,0.9,1.1,6.6000000000000005,55.00000000000001,19200,-5584.200000000003,0.70915625,🟡 At Risk,1630,3,4538.599999999999,0.11971386183698353,🟡 Medium,Groceries,350,2.290714285714286,1
1812,2024-04-07,4,Sunday,8,Chalatenango,Chalatenango,17,Queso duro blando,Dairy,3.5,0.05,3.32,7,23.24,Credit card,257,1.8,1.7,11.9,48.57142857142857,18000,-1665.6599999999962,0.907463333333334,🟢 On Track,1630,3,5444.780000000002,0.09978976805919307,🟢 High,Dairy,550,1.1310733333333334,2
1813,2024-11-12,11,Tuesday,6,Usulután,Usulután,12,Canasta de palma,Handicrafts,12.0,0.15,10.2,18,183.6,Cash,35,5.5,6.5,117.0,54.166666666666664,16800,-4396.6900000000005,0.738292261904762,🟡 At Risk,1630,3,4134.4366666666665,0.13141653316735613,🟡 Medium,Handicrafts,2250,2.939564814814815,3
1814,2024-11-16,11,Saturday,7,La Libertad,La Libertad,15,Arroz blanco 1lb,Groceries,0.9,0.15,0.77,13,10.01,Cash,41,0.45,0.45,5.8500000000000005,50.0,16800,-6134.490000000002,0.634851785714286,🔴 Below Target,1630,3,3555.1699999999996,0.15282907240253868,🔴 Low,Groceries,350,2.290714285714286,1
1815,2024-02-21,2,Wednesday,5,Metrocentro,San Salvador,5,Atol de elote,Beverages,1.0,0.0,1.0,4,4.0,Cash,308,0.45,0.55,2.2,55.00000000000001,20400,-7248.4400000000005,0.64468431372549,🔴 Below Target,1630,3,4383.8533333333335,0.12393966951449106,🟡 Medium,Beverages,500,1.2037333333333333,2
1816,2024-01-12,1,Friday,6,Usulután,Usulután,18,Curtido en frasco,Groceries,2.0,0.15,1.7,8,13.6,Bitcoin,473,0.9,1.1,8.8,55.00000000000001,16800,-4396.6900000000005,0.738292261904762,🟡 At Risk,1630,3,4134.4366666666665,0.13141653316735613,🟡 Medium,Groceries,350,2.290714285714286,1
1817,2024-12-26,12,Thursday,7,La Libertad,La Libertad,9,Camisa guayabera,Clothing,18.0,0.0,18.0,12,216.0,Credit card,81,9.0,9.0,108.0,50.0,16800,-6134.490000000002,0.634851785714286,🔴 Below Target,1630,3,3555.1699999999996,0.15282907240253868,🔴 Low,Clothing,400,0.89325,1
1818,2024-09-30,9,Monday,2,Santa Ana,Santa Ana,10,Hamaca artesanal,Handicrafts,35.0,0.0,35.0,19,665.0,Credit card,478,18.0,17.0,323.0,48.57142857142857,19200,-5584.200000000003,0.70915625,🟡 At Risk,1630,3,4538.599999999999,0.11971386183698353,🟡 Medium,Handicrafts,2250,2.939564814814815,3
1819,2024-07-23,7,Tuesday,5,Metrocentro,San Salvador,17,Queso duro blando,Dairy,3.5,0.0,3.5,20,70.0,Debit card,457,1.8,1.7,34.0,48.57142857142857,20400,-7248.4400000000005,0.64468431372549,🔴 Below Target,1630,3,4383.8533333333335,0.12393966951449106,🟡 Medium,Dairy,550,1.1310733333333334,2
1820,2024-05-14,5,Tuesday,8,Chalatenango,Chalatenango,4,Yuca frita,Traditional Food,2.5,0.0,2.5,1,2.5,Cash,134,1.2,1.3,1.3,52.0,18000,-1665.6599999999962,0.907463333333334,🟢 On Track,1630,3,5444.780000000002,0.09978976805919307,🟢 High,Traditional Food,1950,0.531975128205128,3
1821,2024-01-31,1,Wednesday,6,Usulután,Usulután,7,Café salvadoreño,Beverages,1.5,0.0,1.5,5,7.5,Debit card,376,0.65,0.85,4.25,56.666666666666664,16800,-4396.6900000000005,0.738292261904762,🟡 At Risk,1630,3,4134.4366666666665,0.13141653316735613,🟡 Medium,Beverages,500,1.2037333333333333,2
1822,2024-04-30,4,Tuesday,1,San Salvador Centro,San Salvador,11,Jarrito de barro,Handicrafts,8.0,0.0,8.0,16,128.0,Credit card,289,3.5,4.5,72.0,56.25,21600,-7478.849999999997,0.653756944444444,🔴 Below Target,1630,3,4707.050000000001,0.11542969234092122,🟡 Medium,Handicrafts,2250,2.939564814814815,3
1823,2024-02-06,2,Tuesday,6,Usulután,Usulután,2,Pupusas de frijol,Traditional Food,0.5,0.05,0.47,14,6.58,Debit card,476,0.2,0.3,4.2,60.0,16800,-4396.6900000000005,0.738292261904762,🟡 At Risk,1630,3,4134.4366666666665,0.13141653316735613,🟡 Medium,Traditional Food,1950,0.531975128205128,3
1824,2024-03-07,3,Thursday,8,Chalatenango,Chalatenango,3,Tamales de elote,Traditional Food,1.0,0.1,0.9,9,8.1,Cash,19,0.55,0.44999999999999996,4.05,44.99999999999999,18000,-1665.6599999999962,0.907463333333334,🟢 On Track,1630,3,5444.780000000002,0.09978976805919307,🟢 High,Traditional Food,1950,0.531975128205128,3
1825,2024-11-28,11,Thursday,4,Soyapango,San Salvador,16,Crema salvadoreña,Dairy,1.5,0.0,1.5,12,18.0,Cash,401,0.7,0.8,9.600000000000001,53.333333333333336,19200,-7206.970000000003,0.624636979166666,🔴 Below Target,1630,3,3997.676666666666,0.13591227571347694,🔴 Low,Dairy,550,1.1310733333333334,2
1826,2024-01-29,1,Monday,1,San Salvador Centro,San Salvador,8,Fresco de tamarindo,Beverages,0.75,0.15,0.64,1,0.64,Credit card,101,0.3,0.45,0.45,60.0,21600,-7478.849999999997,0.653756944444444,🔴 Below Target,1630,3,4707.050000000001,0.11542969234092122,🟡 Medium,Beverages,500,1.2037333333333333,2
1827,2024-12-15,12,Sunday,7,La Libertad,La Libertad,18,Curtido en frasco,Groceries,2.0,0.05,1.9,1,1.9,Cash,199,0.9,1.1,1.1,55.00000000000001,16800,-6134.490000000002,0.634851785714286,🔴 Below Target,1630,3,3555.1699999999996,0.15282907240253868,🔴 Low,Groceries,350,2.290714285714286,1
1828,2024-08-08,8,Thursday,3,San Miguel,San Miguel,13,Aceite vegetal 1L,Groceries,2.8,0.05,2.66,14,37.24,Cash,225,1.8,0.9999999999999998,13.999999999999996,35.71428571428571,18000,-6378.879999999992,0.645617777777778,🔴 Below Target,1630,3,3873.706666666669,0.14026186804714166,🔴 Low,Groceries,350,2.290714285714286,1
1829,2024-06-29,6,Saturday,6,Usulután,Usulután,4,Yuca frita,Traditional Food,2.5,0.0,2.5,7,17.5,Cash,30,1.2,1.3,9.1,52.0,16800,-4396.6900000000005,0.738292261904762,🟡 At Risk,1630,3,4134.4366666666665,0.13141653316735613,🟡 Medium,Traditional Food,1950,0.531975128205128,3
1830,2024-02-17,2,Saturday,4,Soyapango,San Salvador,8,Fresco de tamarindo,Beverages,0.75,0.0,0.75,19,14.25,Cash,383,0.3,0.45,8.55,60.0,19200,-7206.970000000003,0.624636979166666,🔴 Below Target,1630,3,3997.676666666666,0.13591227571347694,🔴 Low,Beverages,500,1.2037333333333333,2
1831,2024-01-08,1,Monday,1,San Salvador Centro,San Salvador,18,Curtido en frasco,Groceries,2.0,0.15,1.7,8,13.6,Cash,30,0.9,1.1,8.8,55.00000000000001,21600,-7478.849999999997,0.653756944444444,🔴 Below Target,1630,3,4707.050000000001,0.11542969234092122,🟡 Medium,Groceries,350,2.290714285714286,1
1832,2024-04-02,4,Tuesday,8,Chalatenango,Chalatenango,5,Atol de elote,Beverages,1.0,0.0,1.0,10,10.0,Cash,309,0.45,0.55,5.5,55.00000000000001,18000,-1665.6599999999962,0.907463333333334,🟢 On Track,1630,3,5444.780000000002,0.09978976805919307,🟢 High,Beverages,500,1.2037333333333333,2
1833,2024-03-07,3,Thursday,5,Metrocentro,San Salvador,8,Fresco de tamarindo,Beverages,0.75,0.0,0.75,20,15.0,Cash,63,0.3,0.45,9.0,60.0,20400,-7248.4400000000005,0.64468431372549,🔴 Below Target,1630,3,4383.8533333333335,0.12393966951449106,🟡 Medium,Beverages,500,1.2037333333333333,2
1834,2024-05-08,5,Wednesday,2,Santa Ana,Santa Ana,3,Tamales de elote,Traditional Food,1.0,0.0,1.0,18,18.0,Cash,377,0.55,0.44999999999999996,8.1,44.99999999999999,19200,-5584.200000000003,0.70915625,🟡 At Risk,1630,3,4538.599999999999,0.11971386183698353,🟡 Medium,Traditional Food,1950,0.531975128205128,3
1835,2024-08-15,8,Thursday,4,Soyapango,San Salvador,12,Canasta de palma,Handicrafts,12.0,0.0,12.0,10,120.0,Credit card,150,5.5,6.5,65.0,54.166666666666664,19200,-7206.970000000003,0.624636979166666,🔴 Below Target,1630,3,3997.676666666666,0.13591227571347694,🔴 Low,Handicrafts,2250,2.939564814814815,3
1836,2024-06-12,6,Wednesday,5,Metrocentro,San Salvador,8,Fresco de tamarindo,Beverages,0.75,0.05,0.71,18,12.78,Cash,178,0.3,0.45,8.1,60.0,20400,-7248.4400000000005,0.64468431372549,🔴 Below Target,1630,3,4383.8533333333335,0.12393966951449106,🟡 Medium,Beverages,500,1.2037333333333333,2
1837,2024-05-23,5,Thursday,8,Chalatenango,Chalatenango,14,Frijoles rojos 1lb,Groceries,1.2,0.0,1.2,3,3.6,Bitcoin,431,0.65,0.5499999999999999,1.65,45.83333333333333,18000,-1665.6599999999962,0.907463333333334,🟢 On Track,1630,3,5444.780000000002,0.09978976805919307,🟢 High,Groceries,350,2.290714285714286,1
1838,2024-06-05,6,Wednesday,4,Soyapango,San Salvador,17,Queso duro blando,Dairy,3.5,0.0,3.5,18,63.0,Cash,372,1.8,1.7,30.599999999999998,48.57142857142857,19200,-7206.970000000003,0.624636979166666,🔴 Below Target,1630,3,3997.676666666666,0.13591227571347694,🔴 Low,Dairy,550,1.1310733333333334,2
1839,2024-04-30,4,Tuesday,1,San Salvador Centro,San Salvador,5,Atol de elote,Beverages,1.0,0.1,0.9,15,13.5,Credit card,488,0.45,0.55,8.25,55.00000000000001,21600,-7478.849999999997,0.653756944444444,🔴 Below Target,1630,3,4707.050000000001,0.11542969234092122,🟡 Medium,Beverages,500,1.2037333333333333,2
1840,2024-09-12,9,Thursday,1,San Salvador Centro,San Salvador,4,Yuca frita,Traditional Food,2.5,0.0,2.5,2,5.0,Cash,197,1.2,1.3,2.6,52.0,21600,-7478.849999999997,0.653756944444444,🔴 Below Target,1630,3,4707.050000000001,0.11542969234092122,🟡 Medium,Traditional Food,1950,0.531975128205128,3
1841,2024-01-31,1,Wednesday,2,Santa Ana,Santa Ana,10,Hamaca artesanal,Handicrafts,35.0,0.15,29.75,9,267.75,Debit card,254,18.0,17.0,153.0,48.57142857142857,19200,-5584.200000000003,0.70915625,🟡 At Risk,1630,3,4538.599999999999,0.11971386183698353,🟡 Medium,Handicrafts,2250,2.939564814814815,3
1842,2024-07-15,7,Monday,7,La Libertad,La Libertad,1,Pupusas de queso,Traditional Food,0.5,0.0,0.5,15,7.5,Cash,195,0.25,0.25,3.75,50.0,16800,-6134.490000000002,0.634851785714286,🔴 Below Target,1630,3,3555.1699999999996,0.15282907240253868,🔴 Low,Traditional Food,1950,0.531975128205128,3
1843,2024-09-29,9,Sunday,7,La Libertad,La Libertad,6,Kolachampán,Beverages,0.75,0.1,0.68,2,1.36,Cash,278,0.35,0.4,0.8,53.333333333333336,16800,-6134.490000000002,0.634851785714286,🔴 Below Target,1630,3,3555.1699999999996,0.15282907240253868,🔴 Low,Beverages,500,1.2037333333333333,2
1844,2024-11-07,11,Thursday,1,San Salvador Centro,San Salvador,12,Canasta de palma,Handicrafts,12.0,0.15,10.2,11,112.2,Bitcoin,415,5.5,6.5,71.5,54.166666666666664,21600,-7478.849999999997,0.653756944444444,🔴 Below Target,1630,3,4707.050000000001,0.11542969234092122,🟡 Medium,Handicrafts,2250,2.939564814814815,3
1845,2024-06-23,6,Sunday,1,San Salvador Centro,San Salvador,7,Café salvadoreño,Beverages,1.5,0.0,1.5,20,30.0,Credit card,401,0.65,0.85,17.0,56.666666666666664,21600,-7478.849999999997,0.653756944444444,🔴 Below Target,1630,3,4707.050000000001,0.11542969234092122,🟡 Medium,Beverages,500,1.2037333333333333,2
1846,2024-10-10,10,Thursday,2,Santa Ana,Santa Ana,2,Pupusas de frijol,Traditional Food,0.5,0.1,0.45,13,5.85,Bitcoin,148,0.2,0.3,3.9,60.0,19200,-5584.200000000003,0.70915625,🟡 At Risk,1630,3,4538.599999999999,0.11971386183698353,🟡 Medium,Traditional Food,1950,0.531975128205128,3
1847,2024-08-05,8,Monday,8,Chalatenango,Chalatenango,18,Curtido en frasco,Groceries,2.0,0.1,1.8,19,34.2,Debit card,266,0.9,1.1,20.900000000000002,55.00000000000001,18000,-1665.6599999999962,0.907463333333334,🟢 On Track,1630,3,5444.780000000002,0.09978976805919307,🟢 High,Groceries,350,2.290714285714286,1
1848,2024-07-14,7,Sunday,3,San Miguel,San Miguel,9,Camisa guayabera,Clothing,18.0,0.1,16.2,15,243.0,Transfer,122,9.0,9.0,135.0,50.0,18000,-6378.879999999992,0.645617777777778,🔴 Below Target,1630,3,3873.706666666669,0.14026186804714166,🔴 Low,Clothing,400,0.89325,1
1849,2024-05-23,5,Thursday,1,San Salvador Centro,San Salvador,5,Atol de elote,Beverages,1.0,0.0,1.0,9,9.0,Transfer,395,0.45,0.55,4.95,55.00000000000001,21600,-7478.849999999997,0.653756944444444,🔴 Below Target,1630,3,4707.050000000001,0.11542969234092122,🟡 Medium,Beverages,500,1.2037333333333333,2
1850,2024-06-21,6,Friday,5,Metrocentro,San Salvador,18,Curtido en frasco,Groceries,2.0,0.0,2.0,19,38.0,Cash,141,0.9,1.1,20.900000000000002,55.00000000000001,20400,-7248.4400000000005,0.64468431372549,🔴 Below Target,1630,3,4383.8533333333335,0.12393966951449106,🟡 Medium,Groceries,350,2.290714285714286,1
1851,2024-12-03,12,Tuesday,5,Metrocentro,San Salvador,12,Canasta de palma,Handicrafts,12.0,0.15,10.2,9,91.8,Debit card,396,5.5,6.5,58.5,54.166666666666664,20400,-7248.4400000000005,0.64468431372549,🔴 Below Target,1630,3,4383.8533333333335,0.12393966951449106,🟡 Medium,Handicrafts,2250,2.939564814814815,3
1852,2024-06-06,6,Thursday,2,Santa Ana,Santa Ana,1,Pupusas de queso,Traditional Food,0.5,0.1,0.45,19,8.55,Cash,136,0.25,0.25,4.75,50.0,19200,-5584.200000000003,0.70915625,🟡 At Risk,1630,3,4538.599999999999,0.11971386183698353,🟡 Medium,Traditional Food,1950,0.531975128205128,3
1853,2024-08-24,8,Saturday,8,Chalatenango,Chalatenango,6,Kolachampán,Beverages,0.75,0.0,0.75,1,0.75,Cash,19,0.35,0.4,0.4,53.333333333333336,18000,-1665.6599999999962,0.907463333333334,🟢 On Track,1630,3,5444.780000000002,0.09978976805919307,🟢 High,Beverages,500,1.2037333333333333,2
1854,2024-11-22,11,Friday,8,Chalatenango,Chalatenango,12,Canasta de palma,Handicrafts,12.0,0.0,12.0,18,216.0,Cash,297,5.5,6.5,117.0,54.166666666666664,18000,-1665.6599999999962,0.907463333333334,🟢 On Track,1630,3,5444.780000000002,0.09978976805919307,🟢 High,Handicrafts,2250,2.939564814814815,3
1855,2024-11-08,11,Friday,5,Metrocentro,San Salvador,3,Tamales de elote,Traditional Food,1.0,0.0,1.0,18,18.0,Transfer,226,0.55,0.44999999999999996,8.1,44.99999999999999,20400,-7248.4400000000005,0.64468431372549,🔴 Below Target,1630,3,4383.8533333333335,0.12393966951449106,🟡 Medium,Traditional Food,1950,0.531975128205128,3
1856,2024-05-21,5,Tuesday,5,Metrocentro,San Salvador,6,Kolachampán,Beverages,0.75,0.15,0.64,9,5.76,Cash,117,0.35,0.4,3.6,53.333333333333336,20400,-7248.4400000000005,0.64468431372549,🔴 Below Target,1630,3,4383.8533333333335,0.12393966951449106,🟡 Medium,Beverages,500,1.2037333333333333,2
1857,2024-11-12,11,Tuesday,3,San Miguel,San Miguel,6,Kolachampán,Beverages,0.75,0.0,0.75,2,1.5,Cash,20,0.35,0.4,0.8,53.333333333333336,18000,-6378.879999999992,0.645617777777778,🔴 Below Target,1630,3,3873.706666666669,0.14026186804714166,🔴 Low,Beverages,500,1.2037333333333333,2
1858,2024-10-23,10,Wednesday,8,Chalatenango,Chalatenango,6,Kolachampán,Beverages,0.75,0.0,0.75,11,8.25,Debit card,117,0.35,0.4,4.4,53.333333333333336,18000,-1665.6599999999962,0.907463333333334,🟢 On Track,1630,3,5444.780000000002,0.09978976805919307,🟢 High,Beverages,500,1.2037333333333333,2
1859,2024-05-11,5,Saturday,5,Metrocentro,San Salvador,2,Pupusas de frijol,Traditional Food,0.5,0.1,0.45,1,0.45,Credit card,435,0.2,0.3,0.3,60.0,20400,-7248.4400000000005,0.64468431372549,🔴 Below Target,1630,3,4383.8533333333335,0.12393966951449106,🟡 Medium,Traditional Food,1950,0.531975128205128,3
1860,2024-11-03,11,Sunday,1,San Salvador Centro,San Salvador,12,Canasta de palma,Handicrafts,12.0,0.0,12.0,8,96.0,Cash,260,5.5,6.5,52.0,54.166666666666664,21600,-7478.849999999997,0.653756944444444,🔴 Below Target,1630,3,4707.050000000001,0.11542969234092122,🟡 Medium,Handicrafts,2250,2.939564814814815,3
1861,2024-09-18,9,Wednesday,2,Santa Ana,Santa Ana,15,Arroz blanco 1lb,Groceries,0.9,0.0,0.9,3,2.7,Cash,293,0.45,0.45,1.35,50.0,19200,-5584.200000000003,0.70915625,🟡 At Risk,1630,3,4538.599999999999,0.11971386183698353,🟡 Medium,Groceries,350,2.290714285714286,1
1862,2024-02-06,2,Tuesday,7,La Libertad,La Libertad,12,Canasta de palma,Handicrafts,12.0,0.0,12.0,14,168.0,Cash,168,5.5,6.5,91.0,54.166666666666664,16800,-6134.490000000002,0.634851785714286,🔴 Below Target,1630,3,3555.1699999999996,0.15282907240253868,🔴 Low,Handicrafts,2250,2.939564814814815,3
1863,2024-07-27,7,Saturday,6,Usulután,Usulután,12,Canasta de palma,Handicrafts,12.0,0.0,12.0,12,144.0,Bitcoin,151,5.5,6.5,78.0,54.166666666666664,16800,-4396.6900000000005,0.738292261904762,🟡 At Risk,1630,3,4134.4366666666665,0.13141653316735613,🟡 Medium,Handicrafts,2250,2.939564814814815,3
1864,2024-07-07,7,Sunday,3,San Miguel,San Miguel,1,Pupusas de queso,Traditional Food,0.5,0.0,0.5,2,1.0,Bitcoin,467,0.25,0.25,0.5,50.0,18000,-6378.879999999992,0.645617777777778,🔴 Below Target,1630,3,3873.706666666669,0.14026186804714166,🔴 Low,Traditional Food,1950,0.531975128205128,3
1865,2024-11-07,11,Thursday,2,Santa Ana,Santa Ana,1,Pupusas de queso,Traditional Food,0.5,0.15,0.42,7,2.94,Cash,367,0.25,0.25,1.75,50.0,19200,-5584.200000000003,0.70915625,🟡 At Risk,1630,3,4538.599999999999,0.11971386183698353,🟡 Medium,Traditional Food,1950,0.531975128205128,3
1866,2024-04-20,4,Saturday,6,Usulután,Usulután,17,Queso duro blando,Dairy,3.5,0.15,2.98,13,38.74,Debit card,337,1.8,1.7,22.099999999999998,48.57142857142857,16800,-4396.6900000000005,0.738292261904762,🟡 At Risk,1630,3,4134.4366666666665,0.13141653316735613,🟡 Medium,Dairy,550,1.1310733333333334,2
1867,2024-11-28,11,Thursday,7,La Libertad,La Libertad,5,Atol de elote,Beverages,1.0,0.0,1.0,3,3.0,Transfer,115,0.45,0.55,1.6500000000000001,55.00000000000001,16800,-6134.490000000002,0.634851785714286,🔴 Below Target,1630,3,3555.1699999999996,0.15282907240253868,🔴 Low,Beverages,500,1.2037333333333333,2
1868,2024-10-02,10,Wednesday,7,La Libertad,La Libertad,17,Queso duro blando,Dairy,3.5,0.15,2.98,4,11.92,Credit card,409,1.8,1.7,6.8,48.57142857142857,16800,-6134.490000000002,0.634851785714286,🔴 Below Target,1630,3,3555.1699999999996,0.15282907240253868,🔴 Low,Dairy,550,1.1310733333333334,2
1869,2024-12-03,12,Tuesday,8,Chalatenango,Chalatenango,2,Pupusas de frijol,Traditional Food,0.5,0.05,0.47,17,7.99,Cash,138,0.2,0.3,5.1,60.0,18000,-1665.6599999999962,0.907463333333334,🟢 On Track,1630,3,5444.780000000002,0.09978976805919307,🟢 High,Traditional Food,1950,0.531975128205128,3
1870,2024-05-04,5,Saturday,5,Metrocentro,San Salvador,7,Café salvadoreño,Beverages,1.5,0.0,1.5,11,16.5,Credit card,186,0.65,0.85,9.35,56.666666666666664,20400,-7248.4400000000005,0.64468431372549,🔴 Below Target,1630,3,4383.8533333333335,0.12393966951449106,🟡 Medium,Beverages,500,1.2037333333333333,2
1871,2024-06-10,6,Monday,8,Chalatenango,Chalatenango,8,Fresco de tamarindo,Beverages,0.75,0.1,0.68,4,2.72,Cash,376,0.3,0.45,1.8,60.0,18000,-1665.6599999999962,0.907463333333334,🟢 On Track,1630,3,5444.780000000002,0.09978976805919307,🟢 High,Beverages,500,1.2037333333333333,2
1872,2024-02-10,2,Saturday,6,Usulután,Usulután,14,Frijoles rojos 1lb,Groceries,1.2,0.05,1.14,12,13.68,Debit card,469,0.65,0.5499999999999999,6.6,45.83333333333333,16800,-4396.6900000000005,0.738292261904762,🟡 At Risk,1630,3,4134.4366666666665,0.13141653316735613,🟡 Medium,Groceries,350,2.290714285714286,1
1873,2024-11-05,11,Tuesday,8,Chalatenango,Chalatenango,12,Canasta de palma,Handicrafts,12.0,0.0,12.0,8,96.0,Credit card,118,5.5,6.5,52.0,54.166666666666664,18000,-1665.6599999999962,0.907463333333334,🟢 On Track,1630,3,5444.780000000002,0.09978976805919307,🟢 High,Handicrafts,2250,2.939564814814815,3
1874,2024-07-27,7,Saturday,4,Soyapango,San Salvador,5,Atol de elote,Beverages,1.0,0.1,0.9,19,17.1,Cash,134,0.45,0.55,10.450000000000001,55.00000000000001,19200,-7206.970000000003,0.624636979166666,🔴 Below Target,1630,3,3997.676666666666,0.13591227571347694,🔴 Low,Beverages,500,1.2037333333333333,2
1875,2024-06-09,6,Sunday,6,Usulután,Usulután,10,Hamaca artesanal,Handicrafts,35.0,0.0,35.0,4,140.0,Cash,259,18.0,17.0,68.0,48.57142857142857,16800,-4396.6900000000005,0.738292261904762,🟡 At Risk,1630,3,4134.4366666666665,0.13141653316735613,🟡 Medium,Handicrafts,2250,2.939564814814815,3
1876,2024-11-19,11,Tuesday,8,Chalatenango,Chalatenango,5,Atol de elote,Beverages,1.0,0.0,1.0,7,7.0,Credit card,8,0.45,0.55,3.8500000000000005,55.00000000000001,18000,-1665.6599999999962,0.907463333333334,🟢 On Track,1630,3,5444.780000000002,0.09978976805919307,🟢 High,Beverages,500,1.2037333333333333,2
1877,2024-08-02,8,Friday,2,Santa Ana,Santa Ana,6,Kolachampán,Beverages,0.75,0.15,0.64,9,5.76,Debit card,477,0.35,0.4,3.6,53.333333333333336,19200,-5584.200000000003,0.70915625,🟡 At Risk,1630,3,4538.599999999999,0.11971386183698353,🟡 Medium,Beverages,500,1.2037333333333333,2
1878,2024-03-05,3,Tuesday,2,Santa Ana,Santa Ana,16,Crema salvadoreña,Dairy,1.5,0.15,1.27,2,2.54,Cash,354,0.7,0.8,1.6,53.333333333333336,19200,-5584.200000000003,0.70915625,🟡 At Risk,1630,3,4538.599999999999,0.11971386183698353,🟡 Medium,Dairy,550,1.1310733333333334,2
1879,2024-03-08,3,Friday,2,Santa Ana,Santa Ana,6,Kolachampán,Beverages,0.75,0.15,0.64,17,10.88,Debit card,199,0.35,0.4,6.800000000000001,53.333333333333336,19200,-5584.200000000003,0.70915625,🟡 At Risk,1630,3,4538.599999999999,0.11971386183698353,🟡 Medium,Beverages,500,1.2037333333333333,2
1880,2024-03-06,3,Wednesday,6,Usulután,Usulután,14,Frijoles rojos 1lb,Groceries,1.2,0.1,1.08,13,14.04,Debit card,365,0.65,0.5499999999999999,7.1499999999999995,45.83333333333333,16800,-4396.6900000000005,0.738292261904762,🟡 At Risk,1630,3,4134.4366666666665,0.13141653316735613,🟡 Medium,Groceries,350,2.290714285714286,1
1881,2024-06-21,6,Friday,2,Santa Ana,Santa Ana,10,Hamaca artesanal,Handicrafts,35.0,0.05,33.25,11,365.75,Debit card,56,18.0,17.0,187.0,48.57142857142857,19200,-5584.200000000003,0.70915625,🟡 At Risk,1630,3,4538.599999999999,0.11971386183698353,🟡 Medium,Handicrafts,2250,2.939564814814815,3
1882,2024-06-30,6,Sunday,2,Santa Ana,Santa Ana,2,Pupusas de frijol,Traditional Food,0.5,0.0,0.5,15,7.5,Debit card,380,0.2,0.3,4.5,60.0,19200,-5584.200000000003,0.70915625,🟡 At Risk,1630,3,4538.599999999999,0.11971386183698353,🟡 Medium,Traditional Food,1950,0.531975128205128,3
1883,2024-09-01,9,Sunday,5,Metrocentro,San Salvador,14,Frijoles rojos 1lb,Groceries,1.2,0.1,1.08,5,5.4,Cash,393,0.65,0.5499999999999999,2.7499999999999996,45.83333333333333,20400,-7248.4400000000005,0.64468431372549,🔴 Below Target,1630,3,4383.8533333333335,0.12393966951449106,🟡 Medium,Groceries,350,2.290714285714286,1
1884,2024-03-18,3,Monday,2,Santa Ana,Santa Ana,17,Queso duro blando,Dairy,3.5,0.05,3.32,1,3.32,Debit card,346,1.8,1.7,1.7,48.57142857142857,19200,-5584.200000000003,0.70915625,🟡 At Risk,1630,3,4538.599999999999,0.11971386183698353,🟡 Medium,Dairy,550,1.1310733333333334,2
1885,2024-06-13,6,Thursday,7,La Libertad,La Libertad,15,Arroz blanco 1lb,Groceries,0.9,0.0,0.9,15,13.5,Debit card,302,0.45,0.45,6.75,50.0,16800,-6134.490000000002,0.634851785714286,🔴 Below Target,1630,3,3555.1699999999996,0.15282907240253868,🔴 Low,Groceries,350,2.290714285714286,1
1886,2024-04-28,4,Sunday,2,Santa Ana,Santa Ana,9,Camisa guayabera,Clothing,18.0,0.0,18.0,10,180.0,Cash,289,9.0,9.0,90.0,50.0,19200,-5584.200000000003,0.70915625,🟡 At Risk,1630,3,4538.599999999999,0.11971386183698353,🟡 Medium,Clothing,400,0.89325,1
1887,2024-05-26,5,Sunday,7,La Libertad,La Libertad,17,Queso duro blando,Dairy,3.5,0.0,3.5,11,38.5,Cash,92,1.8,1.7,18.7,48.57142857142857,16800,-6134.490000000002,0.634851785714286,🔴 Below Target,1630,3,3555.1699999999996,0.15282907240253868,🔴 Low,Dairy,550,1.1310733333333334,2
1888,2024-04-17,4,Wednesday,1,San Salvador Centro,San Salvador,5,Atol de elote,Beverages,1.0,0.05,0.95,14,13.3,Cash,451,0.45,0.55,7.700000000000001,55.00000000000001,21600,-7478.849999999997,0.653756944444444,🔴 Below Target,1630,3,4707.050000000001,0.11542969234092122,🟡 Medium,Beverages,500,1.2037333333333333,2
1889,2024-06-26,6,Wednesday,2,Santa Ana,Santa Ana,11,Jarrito de barro,Handicrafts,8.0,0.0,8.0,10,80.0,Cash,141,3.5,4.5,45.0,56.25,19200,-5584.200000000003,0.70915625,🟡 At Risk,1630,3,4538.599999999999,0.11971386183698353,🟡 Medium,Handicrafts,2250,2.939564814814815,3
1890,2024-04-24,4,Wednesday,8,Chalatenango,Chalatenango,16,Crema salvadoreña,Dairy,1.5,0.0,1.5,6,9.0,Bitcoin,133,0.7,0.8,4.800000000000001,53.333333333333336,18000,-1665.6599999999962,0.907463333333334,🟢 On Track,1630,3,5444.780000000002,0.09978976805919307,🟢 High,Dairy,550,1.1310733333333334,2
1891,2024-12-07,12,Saturday,4,Soyapango,San Salvador,4,Yuca frita,Traditional Food,2.5,0.0,2.5,9,22.5,Cash,283,1.2,1.3,11.700000000000001,52.0,19200,-7206.970000000003,0.624636979166666,🔴 Below Target,1630,3,3997.676666666666,0.13591227571347694,🔴 Low,Traditional Food,1950,0.531975128205128,3
1892,2024-01-15,1,Monday,3,San Miguel,San Miguel,17,Queso duro blando,Dairy,3.5,0.0,3.5,20,70.0,Transfer,277,1.8,1.7,34.0,48.57142857142857,18000,-6378.879999999992,0.645617777777778,🔴 Below Target,1630,3,3873.706666666669,0.14026186804714166,🔴 Low,Dairy,550,1.1310733333333334,2
1893,2024-01-04,1,Thursday,4,Soyapango,San Salvador,18,Curtido en frasco,Groceries,2.0,0.15,1.7,16,27.2,Credit card,190,0.9,1.1,17.6,55.00000000000001,19200,-7206.970000000003,0.624636979166666,🔴 Below Target,1630,3,3997.676666666666,0.13591227571347694,🔴 Low,Groceries,350,2.290714285714286,1
1894,2024-10-19,10,Saturday,5,Metrocentro,San Salvador,7,Café salvadoreño,Beverages,1.5,0.1,1.35,14,18.9,Cash,65,0.65,0.85,11.9,56.666666666666664,20400,-7248.4400000000005,0.64468431372549,🔴 Below Target,1630,3,4383.8533333333335,0.12393966951449106,🟡 Medium,Beverages,500,1.2037333333333333,2
1895,2024-02-26,2,Monday,5,Metrocentro,San Salvador,15,Arroz blanco 1lb,Groceries,0.9,0.0,0.9,4,3.6,Credit card,253,0.45,0.45,1.8,50.0,20400,-7248.4400000000005,0.64468431372549,🔴 Below Target,1630,3,4383.8533333333335,0.12393966951449106,🟡 Medium,Groceries,350,2.290714285714286,1
1896,2024-03-11,3,Monday,2,Santa Ana,Santa Ana,9,Camisa guayabera,Clothing,18.0,0.1,16.2,9,145.8,Debit card,496,9.0,9.0,81.0,50.0,19200,-5584.200000000003,0.70915625,🟡 At Risk,1630,3,4538.599999999999,0.11971386183698353,🟡 Medium,Clothing,400,0.89325,1
1897,2024-04-23,4,Tuesday,2,Santa Ana,Santa Ana,12,Canasta de palma,Handicrafts,12.0,0.0,12.0,3,36.0,Cash,172,5.5,6.5,19.5,54.166666666666664,19200,-5584.200000000003,0.70915625,🟡 At Risk,1630,3,4538.599999999999,0.11971386183698353,🟡 Medium,Handicrafts,2250,2.939564814814815,3
1898,2024-11-18,11,Monday,8,Chalatenango,Chalatenango,9,Camisa guayabera,Clothing,18.0,0.1,16.2,17,275.4,Credit card,362,9.0,9.0,153.0,50.0,18000,-1665.6599999999962,0.907463333333334,🟢 On Track,1630,3,5444.780000000002,0.09978976805919307,🟢 High,Clothing,400,0.89325,1
1899,2024-08-09,8,Friday,1,San Salvador Centro,San Salvador,11,Jarrito de barro,Handicrafts,8.0,0.1,7.2,4,28.8,Credit card,163,3.5,4.5,18.0,56.25,21600,-7478.849999999997,0.653756944444444,🔴 Below Target,1630,3,4707.050000000001,0.11542969234092122,🟡 Medium,Handicrafts,2250,2.939564814814815,3
1900,2024-11-20,11,Wednesday,1,San Salvador Centro,San Salvador,7,Café salvadoreño,Beverages,1.5,0.0,1.5,1,1.5,Cash,193,0.65,0.85,0.85,56.666666666666664,21600,-7478.849999999997,0.653756944444444,🔴 Below Target,1630,3,4707.050000000001,0.11542969234092122,🟡 Medium,Beverages,500,1.2037333333333333,2
1901,2024-05-15,5,Wednesday,4,Soyapango,San Salvador,8,Fresco de tamarindo,Beverages,0.75,0.0,0.75,16,12.0,Cash,96,0.3,0.45,7.2,60.0,19200,-7206.970000000003,0.624636979166666,🔴 Below Target,1630,3,3997.676666666666,0.13591227571347694,🔴 Low,Beverages,500,1.2037333333333333,2
1902,2024-03-08,3,Friday,5,Metrocentro,San Salvador,16,Crema salvadoreña,Dairy,1.5,0.1,1.35,7,9.45,Credit card,487,0.7,0.8,5.6000000000000005,53.333333333333336,20400,-7248.4400000000005,0.64468431372549,🔴 Below Target,1630,3,4383.8533333333335,0.12393966951449106,🟡 Medium,Dairy,550,1.1310733333333334,2
1903,2024-01-02,1,Tuesday,4,Soyapango,San Salvador,17,Queso duro blando,Dairy,3.5,0.0,3.5,14,49.0,Cash,313,1.8,1.7,23.8,48.57142857142857,19200,-7206.970000000003,0.624636979166666,🔴 Below Target,1630,3,3997.676666666666,0.13591227571347694,🔴 Low,Dairy,550,1.1310733333333334,2
1904,2024-01-20,1,Saturday,3,San Miguel,San Miguel,7,Café salvadoreño,Beverages,1.5,0.1,1.35,14,18.9,Cash,195,0.65,0.85,11.9,56.666666666666664,18000,-6378.879999999992,0.645617777777778,🔴 Below Target,1630,3,3873.706666666669,0.14026186804714166,🔴 Low,Beverages,500,1.2037333333333333,2
1905,2024-09-04,9,Wednesday,6,Usulután,Usulután,8,Fresco de tamarindo,Beverages,0.75,0.1,0.68,17,11.56,Transfer,450,0.3,0.45,7.65,60.0,16800,-4396.6900000000005,0.738292261904762,🟡 At Risk,1630,3,4134.4366666666665,0.13141653316735613,🟡 Medium,Beverages,500,1.2037333333333333,2
1906,2024-05-29,5,Wednesday,4,Soyapango,San Salvador,10,Hamaca artesanal,Handicrafts,35.0,0.0,35.0,16,560.0,Credit card,201,18.0,17.0,272.0,48.57142857142857,19200,-7206.970000000003,0.624636979166666,🔴 Below Target,1630,3,3997.676666666666,0.13591227571347694,🔴 Low,Handicrafts,2250,2.939564814814815,3
1907,2024-05-31,5,Friday,8,Chalatenango,Chalatenango,12,Canasta de palma,Handicrafts,12.0,0.0,12.0,4,48.0,Cash,452,5.5,6.5,26.0,54.166666666666664,18000,-1665.6599999999962,0.907463333333334,🟢 On Track,1630,3,5444.780000000002,0.09978976805919307,🟢 High,Handicrafts,2250,2.939564814814815,3
1908,2024-08-16,8,Friday,7,La Libertad,La Libertad,10,Hamaca artesanal,Handicrafts,35.0,0.0,35.0,11,385.0,Debit card,60,18.0,17.0,187.0,48.57142857142857,16800,-6134.490000000002,0.634851785714286,🔴 Below Target,1630,3,3555.1699999999996,0.15282907240253868,🔴 Low,Handicrafts,2250,2.939564814814815,3
1909,2024-06-12,6,Wednesday,8,Chalatenango,Chalatenango,6,Kolachampán,Beverages,0.75,0.0,0.75,4,3.0,Debit card,361,0.35,0.4,1.6,53.333333333333336,18000,-1665.6599999999962,0.907463333333334,🟢 On Track,1630,3,5444.780000000002,0.09978976805919307,🟢 High,Beverages,500,1.2037333333333333,2
1910,2024-09-07,9,Saturday,8,Chalatenango,Chalatenango,5,Atol de elote,Beverages,1.0,0.0,1.0,20,20.0,Debit card,15,0.45,0.55,11.0,55.00000000000001,18000,-1665.6599999999962,0.907463333333334,🟢 On Track,1630,3,5444.780000000002,0.09978976805919307,🟢 High,Beverages,500,1.2037333333333333,2
1911,2024-09-16,9,Monday,5,Metrocentro,San Salvador,10,Hamaca artesanal,Handicrafts,35.0,0.15,29.75,7,208.25,Credit card,32,18.0,17.0,119.0,48.57142857142857,20400,-7248.4400000000005,0.64468431372549,🔴 Below Target,1630,3,4383.8533333333335,0.12393966951449106,🟡 Medium,Handicrafts,2250,2.939564814814815,3
1912,2024-05-13,5,Monday,6,Usulután,Usulután,18,Curtido en frasco,Groceries,2.0,0.0,2.0,11,22.0,Cash,227,0.9,1.1,12.100000000000001,55.00000000000001,16800,-4396.6900000000005,0.738292261904762,🟡 At Risk,1630,3,4134.4366666666665,0.13141653316735613,🟡 Medium,Groceries,350,2.290714285714286,1
1913,2024-05-13,5,Monday,7,La Libertad,La Libertad,14,Frijoles rojos 1lb,Groceries,1.2,0.0,1.2,2,2.4,Cash,113,0.65,0.5499999999999999,1.0999999999999999,45.83333333333333,16800,-6134.490000000002,0.634851785714286,🔴 Below Target,1630,3,3555.1699999999996,0.15282907240253868,🔴 Low,Groceries,350,2.290714285714286,1
1914,2024-06-06,6,Thursday,1,San Salvador Centro,San Salvador,11,Jarrito de barro,Handicrafts,8.0,0.0,8.0,15,120.0,Cash,449,3.5,4.5,67.5,56.25,21600,-7478.849999999997,0.653756944444444,🔴 Below Target,1630,3,4707.050000000001,0.11542969234092122,🟡 Medium,Handicrafts,2250,2.939564814814815,3
1915,2024-11-16,11,Saturday,4,Soyapango,San Salvador,6,Kolachampán,Beverages,0.75,0.05,0.71,4,2.84,Debit card,67,0.35,0.4,1.6,53.333333333333336,19200,-7206.970000000003,0.624636979166666,🔴 Below Target,1630,3,3997.676666666666,0.13591227571347694,🔴 Low,Beverages,500,1.2037333333333333,2
1916,2024-01-11,1,Thursday,1,San Salvador Centro,San Salvador,18,Curtido en frasco,Groceries,2.0,0.0,2.0,13,26.0,Credit card,171,0.9,1.1,14.3,55.00000000000001,21600,-7478.849999999997,0.653756944444444,🔴 Below Target,1630,3,4707.050000000001,0.11542969234092122,🟡 Medium,Groceries,350,2.290714285714286,1
1917,2024-12-01,12,Sunday,2,Santa Ana,Santa Ana,12,Canasta de palma,Handicrafts,12.0,0.05,11.4,2,22.8,Cash,275,5.5,6.5,13.0,54.166666666666664,19200,-5584.200000000003,0.70915625,🟡 At Risk,1630,3,4538.599999999999,0.11971386183698353,🟡 Medium,Handicrafts,2250,2.939564814814815,3
1918,2024-10-01,10,Tuesday,3,San Miguel,San Miguel,7,Café salvadoreño,Beverages,1.5,0.15,1.27,13,16.51,Debit card,149,0.65,0.85,11.049999999999999,56.666666666666664,18000,-6378.879999999992,0.645617777777778,🔴 Below Target,1630,3,3873.706666666669,0.14026186804714166,🔴 Low,Beverages,500,1.2037333333333333,2
1919,2024-06-18,6,Tuesday,6,Usulután,Usulután,6,Kolachampán,Beverages,0.75,0.0,0.75,14,10.5,Debit card,128,0.35,0.4,5.6000000000000005,53.333333333333336,16800,-4396.6900000000005,0.738292261904762,🟡 At Risk,1630,3,4134.4366666666665,0.13141653316735613,🟡 Medium,Beverages,500,1.2037333333333333,2
1920,2024-01-11,1,Thursday,1,San Salvador Centro,San Salvador,1,Pupusas de queso,Traditional Food,0.5,0.0,0.5,17,8.5,Debit card,406,0.25,0.25,4.25,50.0,21600,-7478.849999999997,0.653756944444444,🔴 Below Target,1630,3,4707.050000000001,0.11542969234092122,🟡 Medium,Traditional Food,1950,0.531975128205128,3
1921,2024-03-21,3,Thursday,1,San Salvador Centro,San Salvador,16,Crema salvadoreña,Dairy,1.5,0.0,1.5,10,15.0,Cash,324,0.7,0.8,8.0,53.333333333333336,21600,-7478.849999999997,0.653756944444444,🔴 Below Target,1630,3,4707.050000000001,0.11542969234092122,🟡 Medium,Dairy,550,1.1310733333333334,2
1922,2024-05-19,5,Sunday,1,San Salvador Centro,San Salvador,8,Fresco de tamarindo,Beverages,0.75,0.15,0.64,4,2.56,Credit card,336,0.3,0.45,1.8,60.0,21600,-7478.849999999997,0.653756944444444,🔴 Below Target,1630,3,4707.050000000001,0.11542969234092122,🟡 Medium,Beverages,500,1.2037333333333333,2
1923,2024-05-18,5,Saturday,3,San Miguel,San Miguel,13,Aceite vegetal 1L,Groceries,2.8,0.0,2.8,3,8.4,Cash,370,1.8,0.9999999999999998,2.999999999999999,35.71428571428571,18000,-6378.879999999992,0.645617777777778,🔴 Below Target,1630,3,3873.706666666669,0.14026186804714166,🔴 Low,Groceries,350,2.290714285714286,1
1924,2024-01-08,1,Monday,1,San Salvador Centro,San Salvador,14,Frijoles rojos 1lb,Groceries,1.2,0.05,1.14,18,20.52,Bitcoin,49,0.65,0.5499999999999999,9.899999999999999,45.83333333333333,21600,-7478.849999999997,0.653756944444444,🔴 Below Target,1630,3,4707.050000000001,0.11542969234092122,🟡 Medium,Groceries,350,2.290714285714286,1
1925,2024-11-06,11,Wednesday,4,Soyapango,San Salvador,13,Aceite vegetal 1L,Groceries,2.8,0.15,2.38,10,23.8,Cash,263,1.8,0.9999999999999998,9.999999999999998,35.71428571428571,19200,-7206.970000000003,0.624636979166666,🔴 Below Target,1630,3,3997.676666666666,0.13591227571347694,🔴 Low,Groceries,350,2.290714285714286,1
1926,2024-05-20,5,Monday,5,Metrocentro,San Salvador,1,Pupusas de queso,Traditional Food,0.5,0.0,0.5,15,7.5,Cash,497,0.25,0.25,3.75,50.0,20400,-7248.4400000000005,0.64468431372549,🔴 Below Target,1630,3,4383.8533333333335,0.12393966951449106,🟡 Medium,Traditional Food,1950,0.531975128205128,3
1927,2024-05-29,5,Wednesday,7,La Libertad,La Libertad,16,Crema salvadoreña,Dairy,1.5,0.0,1.5,14,21.0,Cash,209,0.7,0.8,11.200000000000001,53.333333333333336,16800,-6134.490000000002,0.634851785714286,🔴 Below Target,1630,3,3555.1699999999996,0.15282907240253868,🔴 Low,Dairy,550,1.1310733333333334,2
1928,2024-09-04,9,Wednesday,5,Metrocentro,San Salvador,18,Curtido en frasco,Groceries,2.0,0.1,1.8,10,18.0,Debit card,126,0.9,1.1,11.0,55.00000000000001,20400,-7248.4400000000005,0.64468431372549,🔴 Below Target,1630,3,4383.8533333333335,0.12393966951449106,🟡 Medium,Groceries,350,2.290714285714286,1
1929,2024-09-11,9,Wednesday,1,San Salvador Centro,San Salvador,13,Aceite vegetal 1L,Groceries,2.8,0.0,2.8,13,36.4,Credit card,366,1.8,0.9999999999999998,12.999999999999996,35.71428571428571,21600,-7478.849999999997,0.653756944444444,🔴 Below Target,1630,3,4707.050000000001,0.11542969234092122,🟡 Medium,Groceries,350,2.290714285714286,1
1930,2024-04-24,4,Wednesday,8,Chalatenango,Chalatenango,4,Yuca frita,Traditional Food,2.5,0.0,2.5,19,47.5,Cash,119,1.2,1.3,24.7,52.0,18000,-1665.6599999999962,0.907463333333334,🟢 On Track,1630,3,5444.780000000002,0.09978976805919307,🟢 High,Traditional Food,1950,0.531975128205128,3
1931,2024-09-01,9,Sunday,6,Usulután,Usulután,15,Arroz blanco 1lb,Groceries,0.9,0.0,0.9,19,17.1,Debit card,171,0.45,0.45,8.55,50.0,16800,-4396.6900000000005,0.738292261904762,🟡 At Risk,1630,3,4134.4366666666665,0.13141653316735613,🟡 Medium,Groceries,350,2.290714285714286,1
1932,2024-02-18,2,Sunday,2,Santa Ana,Santa Ana,5,Atol de elote,Beverages,1.0,0.0,1.0,18,18.0,Cash,483,0.45,0.55,9.9,55.00000000000001,19200,-5584.200000000003,0.70915625,🟡 At Risk,1630,3,4538.599999999999,0.11971386183698353,🟡 Medium,Beverages,500,1.2037333333333333,2
1933,2024-02-12,2,Monday,4,Soyapango,San Salvador,16,Crema salvadoreña,Dairy,1.5,0.0,1.5,5,7.5,Debit card,243,0.7,0.8,4.0,53.333333333333336,19200,-7206.970000000003,0.624636979166666,🔴 Below Target,1630,3,3997.676666666666,0.13591227571347694,🔴 Low,Dairy,550,1.1310733333333334,2
1934,2024-01-31,1,Wednesday,4,Soyapango,San Salvador,17,Queso duro blando,Dairy,3.5,0.0,3.5,16,56.0,Cash,380,1.8,1.7,27.2,48.57142857142857,19200,-7206.970000000003,0.624636979166666,🔴 Below Target,1630,3,3997.676666666666,0.13591227571347694,🔴 Low,Dairy,550,1.1310733333333334,2
1935,2024-01-19,1,Friday,3,San Miguel,San Miguel,11,Jarrito de barro,Handicrafts,8.0,0.1,7.2,11,79.2,Debit card,209,3.5,4.5,49.5,56.25,18000,-6378.879999999992,0.645617777777778,🔴 Below Target,1630,3,3873.706666666669,0.14026186804714166,🔴 Low,Handicrafts,2250,2.939564814814815,3
1936,2024-12-19,12,Thursday,5,Metrocentro,San Salvador,1,Pupusas de queso,Traditional Food,0.5,0.15,0.42,7,2.94,Debit card,251,0.25,0.25,1.75,50.0,20400,-7248.4400000000005,0.64468431372549,🔴 Below Target,1630,3,4383.8533333333335,0.12393966951449106,🟡 Medium,Traditional Food,1950,0.531975128205128,3
1937,2024-06-09,6,Sunday,8,Chalatenango,Chalatenango,18,Curtido en frasco,Groceries,2.0,0.0,2.0,8,16.0,Cash,248,0.9,1.1,8.8,55.00000000000001,18000,-1665.6599999999962,0.907463333333334,🟢 On Track,1630,3,5444.780000000002,0.09978976805919307,🟢 High,Groceries,350,2.290714285714286,1
1938,2024-02-23,2,Friday,2,Santa Ana,Santa Ana,17,Queso duro blando,Dairy,3.5,0.1,3.15,14,44.1,Cash,66,1.8,1.7,23.8,48.57142857142857,19200,-5584.200000000003,0.70915625,🟡 At Risk,1630,3,4538.599999999999,0.11971386183698353,🟡 Medium,Dairy,550,1.1310733333333334,2
1939,2024-09-23,9,Monday,3,San Miguel,San Miguel,1,Pupusas de queso,Traditional Food,0.5,0.0,0.5,4,2.0,Cash,446,0.25,0.25,1.0,50.0,18000,-6378.879999999992,0.645617777777778,🔴 Below Target,1630,3,3873.706666666669,0.14026186804714166,🔴 Low,Traditional Food,1950,0.531975128205128,3
1940,2024-08-05,8,Monday,1,San Salvador Centro,San Salvador,4,Yuca frita,Traditional Food,2.5,0.0,2.5,16,40.0,Debit card,269,1.2,1.3,20.8,52.0,21600,-7478.849999999997,0.653756944444444,🔴 Below Target,1630,3,4707.050000000001,0.11542969234092122,🟡 Medium,Traditional Food,1950,0.531975128205128,3
1941,2024-10-07,10,Monday,3,San Miguel,San Miguel,16,Crema salvadoreña,Dairy,1.5,0.0,1.5,14,21.0,Cash,61,0.7,0.8,11.200000000000001,53.333333333333336,18000,-6378.879999999992,0.645617777777778,🔴 Below Target,1630,3,3873.706666666669,0.14026186804714166,🔴 Low,Dairy,550,1.1310733333333334,2
1942,2024-12-12,12,Thursday,5,Metrocentro,San Salvador,14,Frijoles rojos 1lb,Groceries,1.2,0.05,1.14,9,10.26,Cash,456,0.65,0.5499999999999999,4.949999999999999,45.83333333333333,20400,-7248.4400000000005,0.64468431372549,🔴 Below Target,1630,3,4383.8533333333335,0.12393966951449106,🟡 Medium,Groceries,350,2.290714285714286,1
1943,2024-03-13,3,Wednesday,3,San Miguel,San Miguel,12,Canasta de palma,Handicrafts,12.0,0.05,11.4,10,114.0,Debit card,412,5.5,6.5,65.0,54.166666666666664,18000,-6378.879999999992,0.645617777777778,🔴 Below Target,1630,3,3873.706666666669,0.14026186804714166,🔴 Low,Handicrafts,2250,2.939564814814815,3
1944,2024-08-29,8,Thursday,5,Metrocentro,San Salvador,12,Canasta de palma,Handicrafts,12.0,0.0,12.0,15,180.0,Bitcoin,475,5.5,6.5,97.5,54.166666666666664,20400,-7248.4400000000005,0.64468431372549,🔴 Below Target,1630,3,4383.8533333333335,0.12393966951449106,🟡 Medium,Handicrafts,2250,2.939564814814815,3
1945,2024-09-25,9,Wednesday,3,San Miguel,San Miguel,5,Atol de elote,Beverages,1.0,0.0,1.0,16,16.0,Cash,92,0.45,0.55,8.8,55.00000000000001,18000,-6378.879999999992,0.645617777777778,🔴 Below Target,1630,3,3873.706666666669,0.14026186804714166,🔴 Low,Beverages,500,1.2037333333333333,2
1946,2024-02-04,2,Sunday,8,Chalatenango,Chalatenango,5,Atol de elote,Beverages,1.0,0.0,1.0,1,1.0,Debit card,103,0.45,0.55,0.55,55.00000000000001,18000,-1665.6599999999962,0.907463333333334,🟢 On Track,1630,3,5444.780000000002,0.09978976805919307,🟢 High,Beverages,500,1.2037333333333333,2
1947,2024-06-18,6,Tuesday,8,Chalatenango,Chalatenango,4,Yuca frita,Traditional Food,2.5,0.0,2.5,4,10.0,Debit card,305,1.2,1.3,5.2,52.0,18000,-1665.6599999999962,0.907463333333334,🟢 On Track,1630,3,5444.780000000002,0.09978976805919307,🟢 High,Traditional Food,1950,0.531975128205128,3
1948,2024-06-28,6,Friday,2,Santa Ana,Santa Ana,6,Kolachampán,Beverages,0.75,0.0,0.75,18,13.5,Cash,8,0.35,0.4,7.2,53.333333333333336,19200,-5584.200000000003,0.70915625,🟡 At Risk,1630,3,4538.599999999999,0.11971386183698353,🟡 Medium,Beverages,500,1.2037333333333333,2
1949,2024-05-25,5,Saturday,5,Metrocentro,San Salvador,7,Café salvadoreño,Beverages,1.5,0.05,1.42,14,19.88,Debit card,189,0.65,0.85,11.9,56.666666666666664,20400,-7248.4400000000005,0.64468431372549,🔴 Below Target,1630,3,4383.8533333333335,0.12393966951449106,🟡 Medium,Beverages,500,1.2037333333333333,2
1950,2024-10-14,10,Monday,5,Metrocentro,San Salvador,13,Aceite vegetal 1L,Groceries,2.8,0.1,2.52,18,45.36,Debit card,40,1.8,0.9999999999999998,17.999999999999996,35.71428571428571,20400,-7248.4400000000005,0.64468431372549,🔴 Below Target,1630,3,4383.8533333333335,0.12393966951449106,🟡 Medium,Groceries,350,2.290714285714286,1
1951,2024-04-20,4,Saturday,2,Santa Ana,Santa Ana,5,Atol de elote,Beverages,1.0,0.0,1.0,9,9.0,Cash,53,0.45,0.55,4.95,55.00000000000001,19200,-5584.200000000003,0.70915625,🟡 At Risk,1630,3,4538.599999999999,0.11971386183698353,🟡 Medium,Beverages,500,1.2037333333333333,2
1952,2024-06-18,6,Tuesday,7,La Libertad,La Libertad,5,Atol de elote,Beverages,1.0,0.15,0.85,19,16.15,Credit card,310,0.45,0.55,10.450000000000001,55.00000000000001,16800,-6134.490000000002,0.634851785714286,🔴 Below Target,1630,3,3555.1699999999996,0.15282907240253868,🔴 Low,Beverages,500,1.2037333333333333,2
1953,2024-04-17,4,Wednesday,8,Chalatenango,Chalatenango,9,Camisa guayabera,Clothing,18.0,0.0,18.0,6,108.0,Credit card,111,9.0,9.0,54.0,50.0,18000,-1665.6599999999962,0.907463333333334,🟢 On Track,1630,3,5444.780000000002,0.09978976805919307,🟢 High,Clothing,400,0.89325,1
1954,2024-03-14,3,Thursday,3,San Miguel,San Miguel,3,Tamales de elote,Traditional Food,1.0,0.0,1.0,6,6.0,Credit card,166,0.55,0.44999999999999996,2.6999999999999997,44.99999999999999,18000,-6378.879999999992,0.645617777777778,🔴 Below Target,1630,3,3873.706666666669,0.14026186804714166,🔴 Low,Traditional Food,1950,0.531975128205128,3
1955,2024-03-11,3,Monday,1,San Salvador Centro,San Salvador,3,Tamales de elote,Traditional Food,1.0,0.15,0.85,17,14.45,Cash,341,0.55,0.44999999999999996,7.6499999999999995,44.99999999999999,21600,-7478.849999999997,0.653756944444444,🔴 Below Target,1630,3,4707.050000000001,0.11542969234092122,🟡 Medium,Traditional Food,1950,0.531975128205128,3
1956,2024-06-03,6,Monday,6,Usulután,Usulután,16,Crema salvadoreña,Dairy,1.5,0.15,1.27,17,21.59,Cash,287,0.7,0.8,13.600000000000001,53.333333333333336,16800,-4396.6900000000005,0.738292261904762,🟡 At Risk,1630,3,4134.4366666666665,0.13141653316735613,🟡 Medium,Dairy,550,1.1310733333333334,2
1957,2024-07-16,7,Tuesday,7,La Libertad,La Libertad,13,Aceite vegetal 1L,Groceries,2.8,0.0,2.8,16,44.8,Cash,268,1.8,0.9999999999999998,15.999999999999996,35.71428571428571,16800,-6134.490000000002,0.634851785714286,🔴 Below Target,1630,3,3555.1699999999996,0.15282907240253868,🔴 Low,Groceries,350,2.290714285714286,1
1958,2024-11-05,11,Tuesday,2,Santa Ana,Santa Ana,11,Jarrito de barro,Handicrafts,8.0,0.0,8.0,7,56.0,Bitcoin,427,3.5,4.5,31.5,56.25,19200,-5584.200000000003,0.70915625,🟡 At Risk,1630,3,4538.599999999999,0.11971386183698353,🟡 Medium,Handicrafts,2250,2.939564814814815,3
1959,2024-08-11,8,Sunday,3,San Miguel,San Miguel,9,Camisa guayabera,Clothing,18.0,0.0,18.0,18,324.0,Cash,404,9.0,9.0,162.0,50.0,18000,-6378.879999999992,0.645617777777778,🔴 Below Target,1630,3,3873.706666666669,0.14026186804714166,🔴 Low,Clothing,400,0.89325,1
1960,2024-10-12,10,Saturday,2,Santa Ana,Santa Ana,9,Camisa guayabera,Clothing,18.0,0.1,16.2,14,226.8,Cash,13,9.0,9.0,126.0,50.0,19200,-5584.200000000003,0.70915625,🟡 At Risk,1630,3,4538.599999999999,0.11971386183698353,🟡 Medium,Clothing,400,0.89325,1
1961,2024-12-09,12,Monday,8,Chalatenango,Chalatenango,12,Canasta de palma,Handicrafts,12.0,0.1,10.8,12,129.6,Cash,316,5.5,6.5,78.0,54.166666666666664,18000,-1665.6599999999962,0.907463333333334,🟢 On Track,1630,3,5444.780000000002,0.09978976805919307,🟢 High,Handicrafts,2250,2.939564814814815,3
1962,2024-07-14,7,Sunday,4,Soyapango,San Salvador,18,Curtido en frasco,Groceries,2.0,0.0,2.0,12,24.0,Bitcoin,6,0.9,1.1,13.200000000000001,55.00000000000001,19200,-7206.970000000003,0.624636979166666,🔴 Below Target,1630,3,3997.676666666666,0.13591227571347694,🔴 Low,Groceries,350,2.290714285714286,1
1963,2024-07-03,7,Wednesday,8,Chalatenango,Chalatenango,7,Café salvadoreño,Beverages,1.5,0.0,1.5,17,25.5,Cash,159,0.65,0.85,14.45,56.666666666666664,18000,-1665.6599999999962,0.907463333333334,🟢 On Track,1630,3,5444.780000000002,0.09978976805919307,🟢 High,Beverages,500,1.2037333333333333,2
1964,2024-07-07,7,Sunday,2,Santa Ana,Santa Ana,11,Jarrito de barro,Handicrafts,8.0,0.05,7.6,9,68.4,Bitcoin,311,3.5,4.5,40.5,56.25,19200,-5584.200000000003,0.70915625,🟡 At Risk,1630,3,4538.599999999999,0.11971386183698353,🟡 Medium,Handicrafts,2250,2.939564814814815,3
1965,2024-11-27,11,Wednesday,1,San Salvador Centro,San Salvador,9,Camisa guayabera,Clothing,18.0,0.1,16.2,9,145.8,Cash,23,9.0,9.0,81.0,50.0,21600,-7478.849999999997,0.653756944444444,🔴 Below Target,1630,3,4707.050000000001,0.11542969234092122,🟡 Medium,Clothing,400,0.89325,1
1966,2024-11-16,11,Saturday,5,Metrocentro,San Salvador,9,Camisa guayabera,Clothing,18.0,0.05,17.1,2,34.2,Credit card,442,9.0,9.0,18.0,50.0,20400,-7248.4400000000005,0.64468431372549,🔴 Below Target,1630,3,4383.8533333333335,0.12393966951449106,🟡 Medium,Clothing,400,0.89325,1
1967,2024-09-08,9,Sunday,8,Chalatenango,Chalatenango,16,Crema salvadoreña,Dairy,1.5,0.0,1.5,6,9.0,Debit card,332,0.7,0.8,4.800000000000001,53.333333333333336,18000,-1665.6599999999962,0.907463333333334,🟢 On Track,1630,3,5444.780000000002,0.09978976805919307,🟢 High,Dairy,550,1.1310733333333334,2
1968,2024-01-20,1,Saturday,2,Santa Ana,Santa Ana,18,Curtido en frasco,Groceries,2.0,0.0,2.0,12,24.0,Debit card,366,0.9,1.1,13.200000000000001,55.00000000000001,19200,-5584.200000000003,0.70915625,🟡 At Risk,1630,3,4538.599999999999,0.11971386183698353,🟡 Medium,Groceries,350,2.290714285714286,1
1969,2024-03-08,3,Friday,3,San Miguel,San Miguel,5,Atol de elote,Beverages,1.0,0.0,1.0,3,3.0,Credit card,62,0.45,0.55,1.6500000000000001,55.00000000000001,18000,-6378.879999999992,0.645617777777778,🔴 Below Target,1630,3,3873.706666666669,0.14026186804714166,🔴 Low,Beverages,500,1.2037333333333333,2
1970,2024-11-22,11,Friday,8,Chalatenango,Chalatenango,2,Pupusas de frijol,Traditional Food,0.5,0.0,0.5,2,1.0,Cash,279,0.2,0.3,0.6,60.0,18000,-1665.6599999999962,0.907463333333334,🟢 On Track,1630,3,5444.780000000002,0.09978976805919307,🟢 High,Traditional Food,1950,0.531975128205128,3
1971,2024-12-01,12,Sunday,4,Soyapango,San Salvador,9,Camisa guayabera,Clothing,18.0,0.1,16.2,20,324.0,Cash,429,9.0,9.0,180.0,50.0,19200,-7206.970000000003,0.624636979166666,🔴 Below Target,1630,3,3997.676666666666,0.13591227571347694,🔴 Low,Clothing,400,0.89325,1
1972,2024-10-27,10,Sunday,3,San Miguel,San Miguel,11,Jarrito de barro,Handicrafts,8.0,0.05,7.6,12,91.2,Cash,341,3.5,4.5,54.0,56.25,18000,-6378.879999999992,0.645617777777778,🔴 Below Target,1630,3,3873.706666666669,0.14026186804714166,🔴 Low,Handicrafts,2250,2.939564814814815,3
1973,2024-12-07,12,Saturday,7,La Libertad,La Libertad,13,Aceite vegetal 1L,Groceries,2.8,0.0,2.8,2,5.6,Cash,390,1.8,0.9999999999999998,1.9999999999999996,35.71428571428571,16800,-6134.490000000002,0.634851785714286,🔴 Below Target,1630,3,3555.1699999999996,0.15282907240253868,🔴 Low,Groceries,350,2.290714285714286,1
1974,2024-05-16,5,Thursday,3,San Miguel,San Miguel,17,Queso duro blando,Dairy,3.5,0.0,3.5,3,10.5,Cash,142,1.8,1.7,5.1,48.57142857142857,18000,-6378.879999999992,0.645617777777778,🔴 Below Target,1630,3,3873.706666666669,0.14026186804714166,🔴 Low,Dairy,550,1.1310733333333334,2
1975,2024-03-29,3,Friday,7,La Libertad,La Libertad,7,Café salvadoreño,Beverages,1.5,0.0,1.5,1,1.5,Cash,180,0.65,0.85,0.85,56.666666666666664,16800,-6134.490000000002,0.634851785714286,🔴 Below Target,1630,3,3555.1699999999996,0.15282907240253868,🔴 Low,Beverages,500,1.2037333333333333,2
1976,2024-08-26,8,Monday,6,Usulután,Usulután,4,Yuca frita,Traditional Food,2.5,0.15,2.12,19,40.28,Debit card,290,1.2,1.3,24.7,52.0,16800,-4396.6900000000005,0.738292261904762,🟡 At Risk,1630,3,4134.4366666666665,0.13141653316735613,🟡 Medium,Traditional Food,1950,0.531975128205128,3
1977,2024-02-29,2,Thursday,2,Santa Ana,Santa Ana,15,Arroz blanco 1lb,Groceries,0.9,0.0,0.9,3,2.7,Debit card,96,0.45,0.45,1.35,50.0,19200,-5584.200000000003,0.70915625,🟡 At Risk,1630,3,4538.599999999999,0.11971386183698353,🟡 Medium,Groceries,350,2.290714285714286,1
1978,2024-03-27,3,Wednesday,1,San Salvador Centro,San Salvador,11,Jarrito de barro,Handicrafts,8.0,0.0,8.0,1,8.0,Debit card,236,3.5,4.5,4.5,56.25,21600,-7478.849999999997,0.653756944444444,🔴 Below Target,1630,3,4707.050000000001,0.11542969234092122,🟡 Medium,Handicrafts,2250,2.939564814814815,3
1979,2024-06-06,6,Thursday,4,Soyapango,San Salvador,3,Tamales de elote,Traditional Food,1.0,0.1,0.9,7,6.3,Credit card,68,0.55,0.44999999999999996,3.1499999999999995,44.99999999999999,19200,-7206.970000000003,0.624636979166666,🔴 Below Target,1630,3,3997.676666666666,0.13591227571347694,🔴 Low,Traditional Food,1950,0.531975128205128,3
1980,2024-07-13,7,Saturday,1,San Salvador Centro,San Salvador,10,Hamaca artesanal,Handicrafts,35.0,0.0,35.0,10,350.0,Cash,290,18.0,17.0,170.0,48.57142857142857,21600,-7478.849999999997,0.653756944444444,🔴 Below Target,1630,3,4707.050000000001,0.11542969234092122,🟡 Medium,Handicrafts,2250,2.939564814814815,3
1981,2024-04-25,4,Thursday,7,La Libertad,La Libertad,11,Jarrito de barro,Handicrafts,8.0,0.0,8.0,7,56.0,Credit card,91,3.5,4.5,31.5,56.25,16800,-6134.490000000002,0.634851785714286,🔴 Below Target,1630,3,3555.1699999999996,0.15282907240253868,🔴 Low,Handicrafts,2250,2.939564814814815,3
1982,2024-12-23,12,Monday,5,Metrocentro,San Salvador,10,Hamaca artesanal,Handicrafts,35.0,0.0,35.0,15,525.0,Cash,182,18.0,17.0,255.0,48.57142857142857,20400,-7248.4400000000005,0.64468431372549,🔴 Below Target,1630,3,4383.8533333333335,0.12393966951449106,🟡 Medium,Handicrafts,2250,2.939564814814815,3
1983,2024-11-24,11,Sunday,6,Usulután,Usulután,12,Canasta de palma,Handicrafts,12.0,0.0,12.0,17,204.0,Credit card,352,5.5,6.5,110.5,54.166666666666664,16800,-4396.6900000000005,0.738292261904762,🟡 At Risk,1630,3,4134.4366666666665,0.13141653316735613,🟡 Medium,Handicrafts,2250,2.939564814814815,3
1984,2024-10-26,10,Saturday,1,San Salvador Centro,San Salvador,6,Kolachampán,Beverages,0.75,0.0,0.75,13,9.75,Debit card,108,0.35,0.4,5.2,53.333333333333336,21600,-7478.849999999997,0.653756944444444,🔴 Below Target,1630,3,4707.050000000001,0.11542969234092122,🟡 Medium,Beverages,500,1.2037333333333333,2
1985,2024-11-26,11,Tuesday,6,Usulután,Usulután,14,Frijoles rojos 1lb,Groceries,1.2,0.0,1.2,10,12.0,Cash,496,0.65,0.5499999999999999,5.499999999999999,45.83333333333333,16800,-4396.6900000000005,0.738292261904762,🟡 At Risk,1630,3,4134.4366666666665,0.13141653316735613,🟡 Medium,Groceries,350,2.290714285714286,1
1986,2024-02-16,2,Friday,5,Metrocentro,San Salvador,17,Queso duro blando,Dairy,3.5,0.15,2.98,17,50.66,Cash,112,1.8,1.7,28.9,48.57142857142857,20400,-7248.4400000000005,0.64468431372549,🔴 Below Target,1630,3,4383.8533333333335,0.12393966951449106,🟡 Medium,Dairy,550,1.1310733333333334,2
1987,2024-01-17,1,Wednesday,5,Metrocentro,San Salvador,15,Arroz blanco 1lb,Groceries,0.9,0.05,0.85,4,3.4,Debit card,96,0.45,0.45,1.8,50.0,20400,-7248.4400000000005,0.64468431372549,🔴 Below Target,1630,3,4383.8533333333335,0.12393966951449106,🟡 Medium,Groceries,350,2.290714285714286,1
1988,2024-08-27,8,Tuesday,3,San Miguel,San Miguel,16,Crema salvadoreña,Dairy,1.5,0.0,1.5,19,28.5,Cash,194,0.7,0.8,15.200000000000001,53.333333333333336,18000,-6378.879999999992,0.645617777777778,🔴 Below Target,1630,3,3873.706666666669,0.14026186804714166,🔴 Low,Dairy,550,1.1310733333333334,2
1989,2024-12-25,12,Wednesday,6,Usulután,Usulután,2,Pupusas de frijol,Traditional Food,0.5,0.1,0.45,4,1.8,Cash,462,0.2,0.3,1.2,60.0,16800,-4396.6900000000005,0.738292261904762,🟡 At Risk,1630,3,4134.4366666666665,0.13141653316735613,🟡 Medium,Traditional Food,1950,0.531975128205128,3
1990,2024-08-03,8,Saturday,3,San Miguel,San Miguel,1,Pupusas de queso,Traditional Food,0.5,0.0,0.5,16,8.0,Cash,463,0.25,0.25,4.0,50.0,18000,-6378.879999999992,0.645617777777778,🔴 Below Target,1630,3,3873.706666666669,0.14026186804714166,🔴 Low,Traditional Food,1950,0.531975128205128,3
1991,2024-07-02,7,Tuesday,3,San Miguel,San Miguel,4,Yuca frita,Traditional Food,2.5,0.0,2.5,10,25.0,Cash,96,1.2,1.3,13.0,52.0,18000,-6378.879999999992,0.645617777777778,🔴 Below Target,1630,3,3873.706666666669,0.14026186804714166,🔴 Low,Traditional Food,1950,0.531975128205128,3
1992,2024-11-11,11,Monday,8,Chalatenango,Chalatenango,1,Pupusas de queso,Traditional Food,0.5,0.05,0.47,15,7.05,Debit card,223,0.25,0.25,3.75,50.0,18000,-1665.6599999999962,0.907463333333334,🟢 On Track,1630,3,5444.780000000002,0.09978976805919307,🟢 High,Traditional Food,1950,0.531975128205128,3
1993,2024-05-04,5,Saturday,8,Chalatenango,Chalatenango,13,Aceite vegetal 1L,Groceries,2.8,0.1,2.52,9,22.68,Cash,173,1.8,0.9999999999999998,8.999999999999998,35.71428571428571,18000,-1665.6599999999962,0.907463333333334,🟢 On Track,1630,3,5444.780000000002,0.09978976805919307,🟢 High,Groceries,350,2.290714285714286,1
1994,2024-06-02,6,Sunday,7,La Libertad,La Libertad,16,Crema salvadoreña,Dairy,1.5,0.0,1.5,2,3.0,Credit card,462,0.7,0.8,1.6,53.333333333333336,16800,-6134.490000000002,0.634851785714286,🔴 Below Target,1630,3,3555.1699999999996,0.15282907240253868,🔴 Low,Dairy,550,1.1310733333333334,2
1995,2024-08-03,8,Saturday,2,Santa Ana,Santa Ana,17,Queso duro blando,Dairy,3.5,0.15,2.98,14,41.72,Cash,296,1.8,1.7,23.8,48.57142857142857,19200,-5584.200000000003,0.70915625,🟡 At Risk,1630,3,4538.599999999999,0.11971386183698353,🟡 Medium,Dairy,550,1.1310733333333334,2
1996,2024-03-24,3,Sunday,1,San Salvador Centro,San Salvador,13,Aceite vegetal 1L,Groceries,2.8,0.0,2.8,17,47.6,Bitcoin,454,1.8,0.9999999999999998,16.999999999999996,35.71428571428571,21600,-7478.849999999997,0.653756944444444,🔴 Below Target,1630,3,4707.050000000001,0.11542969234092122,🟡 Medium,Groceries,350,2.290714285714286,1
1997,2024-10-17,10,Thursday,4,Soyapango,San Salvador,17,Queso duro blando,Dairy,3.5,0.0,3.5,5,17.5,Debit card,404,1.8,1.7,8.5,48.57142857142857,19200,-7206.970000000003,0.624636979166666,🔴 Below Target,1630,3,3997.676666666666,0.13591227571347694,🔴 Low,Dairy,550,1.1310733333333334,2
1998,2024-06-07,6,Friday,2,Santa Ana,Santa Ana,2,Pupusas de frijol,Traditional Food,0.5,0.15,0.42,5,2.1,Cash,203,0.2,0.3,1.5,60.0,19200,-5584.200000000003,0.70915625,🟡 At Risk,1630,3,4538.599999999999,0.11971386183698353,🟡 Medium,Traditional Food,1950,0.531975128205128,3
1999,2024-01-01,1,Monday,8,Chalatenango,Chalatenango,6,Kolachampán,Beverages,0.75,0.0,0.75,5,3.75,Credit card,155,0.35,0.4,2.0,53.333333333333336,18000,-1665.6599999999962,0.907463333333334,🟢 On Track,1630,3,5444.780000000002,0.09978976805919307,🟢 High,Beverages,500,1.2037333333333333,2
2000,2024-04-04,4,Thursday,2,Santa Ana,Santa Ana,10,Hamaca artesanal,Handicrafts,35.0,0.15,29.75,8,238.0,Cash,47,18.0,17.0,136.0,48.57142857142857,19200,-5584.200000000003,0.70915625,🟡 At Risk,1630,3,4538.599999999999,0.11971386183698353,🟡 Medium,Handicrafts,2250,2.939564814814815,3
