sale_id,date,month,weekday,branch_id,branch_name,department,product_id,product_name,category,unit_price,discount,final_price,quantity,total,payment_method,customer_id
1,2024-05-20,5,Monday,1,San Salvador Centro,San Salvador,4,Yuca frita,Traditional Food,2.5,0.0,2.5,8,20.0,Cash,53
2,2024-10-29,10,Tuesday,2,Santa Ana,Santa Ana,18,Curtido en frasco,Groceries,2.0,0.0,2.0,14,28.0,Cash,112
3,2024-10-14,10,Monday,1,San Salvador Centro,San Salvador,8,Fresco de tamarindo,Beverages,0.75,0.1,0.68,7,4.76,Debit card,280
4,2024-08-17,8,Saturday,4,Soyapango,San Salvador,14,Frijoles rojos 1lb,Groceries,1.2,0.0,1.2,19,22.8,Credit card,4
5,2024-06-23,6,Sunday,7,La Libertad,La Libertad,6,Kolachampán,Beverages,0.75,0.0,0.75,9,6.75,Cash,391
6,2024-02-17,2,Saturday,2,Santa Ana,Santa Ana,11,Jarrito de barro,Handicrafts,8.0,0.0,8.0,13,104.0,Cash,177
7,2024-08-23,8,Friday,1,San Salvador Centro,San Salvador,9,Camisa guayabera,Clothing,18.0,0.0,18.0,18,324.0,Transfer,194
8,2024-11-17,11,Sunday,5,Metrocentro,San Salvador,3,Tamales de elote,Traditional Food,1.0,0.15,0.85,20,17.0,Cash,99
9,2024-12-04,12,Wednesday,1,San Salvador Centro,San Salvador,3,Tamales de elote,Traditional Food,1.0,0.15,0.85,8,6.8,Cash,41
10,2024-07-13,7,Saturday,2,Santa Ana,Santa Ana,8,Fresco de tamarindo,Beverages,0.75,0.0,0.75,9,6.75,Debit card,187
11,2024-06-30,6,Sunday,6,Usulután,Usulután,6,Kolachampán,Beverages,0.75,0.1,0.68,7,4.76,Cash,480
12,2024-09-30,9,Monday,3,San Miguel,San Miguel,3,Tamales de elote,Traditional Food,1.0,0.0,1.0,8,8.0,Cash,139
13,2024-12-16,12,Monday,4,Soyapango,San Salvador,18,Curtido en frasco,Groceries,2.0,0.15,1.7,11,18.7,Credit card,29
14,2024-06-10,6,Monday,1,San Salvador Centro,San Salvador,8,Fresco de tamarindo,Beverages,0.75,0.0,0.75,13,9.75,Cash,468
15,2024-12-01,12,Sunday,4,Soyapango,San Salvador,11,Jarrito de barro,Handicrafts,8.0,0.0,8.0,16,128.0,Credit card,330
16,2024-05-15,5,Wednesday,3,San Miguel,San Miguel,15,Arroz blanco 1lb,Groceries,0.9,0.0,0.9,5,4.5,Debit card,276
17,2024-10-25,10,Friday,7,La Libertad,La Libertad,9,Camisa guayabera,Clothing,18.0,0.0,18.0,13,234.0,Cash,71
18,2024-02-16,2,Friday,8,Chalatenango,Chalatenango,17,Queso duro blando,Dairy,3.5,0.15,2.98,2,5.96,Cash,322
19,2024-11-01,11,Friday,7,La Libertad,La Libertad,6,Kolachampán,Beverages,0.75,0.0,0.75,3,2.25,Cash,240
20,2024-10-10,10,Thursday,5,Metrocentro,San Salvador,17,Queso duro blando,Dairy,3.5,0.1,3.15,1,3.15,Debit card,350
21,2024-11-24,11,Sunday,5,Metrocentro,San Salvador,18,Curtido en frasco,Groceries,2.0,0.0,2.0,11,22.0,Cash,81
22,2024-05-14,5,Tuesday,1,San Salvador Centro,San Salvador,15,Arroz blanco 1lb,Groceries,0.9,0.15,0.77,17,13.09,Cash,468
23,2024-11-23,11,Saturday,5,Metrocentro,San Salvador,4,Yuca frita,Traditional Food,2.5,0.05,2.38,17,40.46,Cash,192
24,2024-11-02,11,Saturday,1,San Salvador Centro,San Salvador,6,Kolachampán,Beverages,0.75,0.0,0.75,11,8.25,Cash,476
25,2024-05-02,5,Thursday,5,Metrocentro,San Salvador,12,Canasta de palma,Handicrafts,12.0,0.0,12.0,2,24.0,Credit card,485
26,2024-09-05,9,Thursday,2,Santa Ana,Santa Ana,3,Tamales de elote,Traditional Food,1.0,0.15,0.85,3,2.55,Debit card,65
27,2024-10-08,10,Tuesday,8,Chalatenango,Chalatenango,5,Atol de elote,Beverages,1.0,0.0,1.0,6,6.0,Debit card,311
28,2024-10-03,10,Thursday,4,Soyapango,San Salvador,14,Frijoles rojos 1lb,Groceries,1.2,0.1,1.08,7,7.56,Cash,344
29,2024-09-21,9,Saturday,8,Chalatenango,Chalatenango,12,Canasta de palma,Handicrafts,12.0,0.0,12.0,15,180.0,Cash,33
30,2024-10-28,10,Monday,1,San Salvador Centro,San Salvador,11,Jarrito de barro,Handicrafts,8.0,0.0,8.0,18,144.0,Debit card,4
31,2024-04-27,4,Saturday,1,San Salvador Centro,San Salvador,3,Tamales de elote,Traditional Food,1.0,0.0,1.0,3,3.0,Credit card,37
32,2024-05-22,5,Wednesday,4,Soyapango,San Salvador,17,Queso duro blando,Dairy,3.5,0.0,3.5,16,56.0,Debit card,371
33,2024-08-30,8,Friday,4,Soyapango,San Salvador,16,Crema salvadoreña,Dairy,1.5,0.0,1.5,14,21.0,Cash,338
34,2024-08-04,8,Sunday,6,Usulután,Usulután,14,Frijoles rojos 1lb,Groceries,1.2,0.0,1.2,14,16.8,Credit card,28
35,2024-07-25,7,Thursday,1,San Salvador Centro,San Salvador,4,Yuca frita,Traditional Food,2.5,0.15,2.12,11,23.32,Credit card,128
36,2024-10-01,10,Tuesday,4,Soyapango,San Salvador,7,Café salvadoreño,Beverages,1.5,0.0,1.5,15,22.5,Cash,143
37,2024-02-08,2,Thursday,4,Soyapango,San Salvador,15,Arroz blanco 1lb,Groceries,0.9,0.15,0.77,15,11.55,Credit card,282
38,2024-11-29,11,Friday,1,San Salvador Centro,San Salvador,4,Yuca frita,Traditional Food,2.5,0.15,2.12,18,38.16,Cash,48
39,2024-07-27,7,Saturday,3,San Miguel,San Miguel,8,Fresco de tamarindo,Beverages,0.75,0.0,0.75,16,12.0,Cash,206
40,2024-07-13,7,Saturday,3,San Miguel,San Miguel,2,Pupusas de frijol,Traditional Food,0.5,0.0,0.5,1,0.5,Cash,402
41,2024-08-04,8,Sunday,5,Metrocentro,San Salvador,15,Arroz blanco 1lb,Groceries,0.9,0.1,0.81,18,14.58,Debit card,80
42,2024-04-21,4,Sunday,5,Metrocentro,San Salvador,7,Café salvadoreño,Beverages,1.5,0.05,1.42,2,2.84,Debit card,32
43,2024-01-26,1,Friday,1,San Salvador Centro,San Salvador,11,Jarrito de barro,Handicrafts,8.0,0.0,8.0,19,152.0,Debit card,437
44,2024-01-30,1,Tuesday,3,San Miguel,San Miguel,17,Queso duro blando,Dairy,3.5,0.0,3.5,17,59.5,Credit card,36
45,2024-07-25,7,Thursday,4,Soyapango,San Salvador,3,Tamales de elote,Traditional Food,1.0,0.05,0.95,4,3.8,Cash,305
46,2024-08-02,8,Friday,2,Santa Ana,Santa Ana,2,Pupusas de frijol,Traditional Food,0.5,0.05,0.47,19,8.93,Debit card,479
47,2024-12-08,12,Sunday,4,Soyapango,San Salvador,9,Camisa guayabera,Clothing,18.0,0.0,18.0,11,198.0,Cash,68
48,2024-06-10,6,Monday,8,Chalatenango,Chalatenango,10,Hamaca artesanal,Handicrafts,35.0,0.0,35.0,3,105.0,Cash,289
49,2024-10-02,10,Wednesday,2,Santa Ana,Santa Ana,4,Yuca frita,Traditional Food,2.5,0.05,2.38,7,16.66,Cash,478
50,2024-05-05,5,Sunday,2,Santa Ana,Santa Ana,12,Canasta de palma,Handicrafts,12.0,0.0,12.0,12,144.0,Cash,427
51,2024-11-09,11,Saturday,5,Metrocentro,San Salvador,18,Curtido en frasco,Groceries,2.0,0.0,2.0,17,34.0,Debit card,284
52,2024-03-09,3,Saturday,2,Santa Ana,Santa Ana,10,Hamaca artesanal,Handicrafts,35.0,0.0,35.0,9,315.0,Credit card,381
53,2024-05-19,5,Sunday,3,San Miguel,San Miguel,18,Curtido en frasco,Groceries,2.0,0.05,1.9,10,19.0,Cash,176
54,2024-09-15,9,Sunday,5,Metrocentro,San Salvador,7,Café salvadoreño,Beverages,1.5,0.0,1.5,16,24.0,Bitcoin,434
55,2024-11-20,11,Wednesday,2,Santa Ana,Santa Ana,2,Pupusas de frijol,Traditional Food,0.5,0.15,0.42,14,5.88,Cash,2
56,2024-11-22,11,Friday,3,San Miguel,San Miguel,11,Jarrito de barro,Handicrafts,8.0,0.0,8.0,9,72.0,Debit card,283
57,2024-02-27,2,Tuesday,1,San Salvador Centro,San Salvador,14,Frijoles rojos 1lb,Groceries,1.2,0.1,1.08,3,3.24,Bitcoin,280
58,2024-10-25,10,Friday,6,Usulután,Usulután,2,Pupusas de frijol,Traditional Food,0.5,0.0,0.5,18,9.0,Cash,22
59,2024-01-21,1,Sunday,6,Usulután,Usulután,10,Hamaca artesanal,Handicrafts,35.0,0.0,35.0,12,420.0,Debit card,342
60,2024-10-13,10,Sunday,6,Usulután,Usulután,4,Yuca frita,Traditional Food,2.5,0.05,2.38,14,33.32,Debit card,474
61,2024-03-31,3,Sunday,3,San Miguel,San Miguel,8,Fresco de tamarindo,Beverages,0.75,0.0,0.75,14,10.5,Cash,474
62,2024-12-08,12,Sunday,7,La Libertad,La Libertad,11,Jarrito de barro,Handicrafts,8.0,0.0,8.0,8,64.0,Cash,360
63,2024-01-20,1,Saturday,7,La Libertad,La Libertad,4,Yuca frita,Traditional Food,2.5,0.0,2.5,16,40.0,Cash,471
64,2024-06-05,6,Wednesday,6,Usulután,Usulután,15,Arroz blanco 1lb,Groceries,0.9,0.0,0.9,8,7.2,Cash,99
65,2024-05-22,5,Wednesday,6,Usulután,Usulután,13,Aceite vegetal 1L,Groceries,2.8,0.15,2.38,3,7.14,Cash,329
66,2024-12-13,12,Friday,7,La Libertad,La Libertad,17,Queso duro blando,Dairy,3.5,0.0,3.5,18,63.0,Bitcoin,60
67,2024-10-24,10,Thursday,3,San Miguel,San Miguel,9,Camisa guayabera,Clothing,18.0,0.0,18.0,9,162.0,Cash,223
68,2024-08-11,8,Sunday,6,Usulután,Usulután,12,Canasta de palma,Handicrafts,12.0,0.05,11.4,20,228.0,Cash,461
69,2024-01-23,1,Tuesday,5,Metrocentro,San Salvador,7,Café salvadoreño,Beverages,1.5,0.0,1.5,14,21.0,Debit card,413
70,2024-07-05,7,Friday,4,Soyapango,San Salvador,18,Curtido en frasco,Groceries,2.0,0.0,2.0,14,28.0,Bitcoin,472
71,2024-12-05,12,Thursday,6,Usulután,Usulután,11,Jarrito de barro,Handicrafts,8.0,0.1,7.2,4,28.8,Bitcoin,260
72,2024-06-16,6,Sunday,7,La Libertad,La Libertad,10,Hamaca artesanal,Handicrafts,35.0,0.1,31.5,13,409.5,Cash,66
73,2024-12-06,12,Friday,7,La Libertad,La Libertad,7,Café salvadoreño,Beverages,1.5,0.1,1.35,13,17.55,Debit card,90
74,2024-10-07,10,Monday,7,La Libertad,La Libertad,10,Hamaca artesanal,Handicrafts,35.0,0.0,35.0,1,35.0,Cash,221
75,2024-08-14,8,Wednesday,8,Chalatenango,Chalatenango,11,Jarrito de barro,Handicrafts,8.0,0.1,7.2,15,108.0,Cash,243
76,2024-05-25,5,Saturday,2,Santa Ana,Santa Ana,6,Kolachampán,Beverages,0.75,0.1,0.68,17,11.56,Debit card,172
77,2024-12-10,12,Tuesday,4,Soyapango,San Salvador,3,Tamales de elote,Traditional Food,1.0,0.0,1.0,10,10.0,Credit card,76
78,2024-05-05,5,Sunday,1,San Salvador Centro,San Salvador,1,Pupusas de queso,Traditional Food,0.5,0.05,0.47,16,7.52,Credit card,38
79,2024-11-18,11,Monday,7,La Libertad,La Libertad,15,Arroz blanco 1lb,Groceries,0.9,0.0,0.9,19,17.1,Debit card,197
80,2024-05-04,5,Saturday,7,La Libertad,La Libertad,16,Crema salvadoreña,Dairy,1.5,0.1,1.35,5,6.75,Debit card,458
81,2024-04-22,4,Monday,7,La Libertad,La Libertad,4,Yuca frita,Traditional Food,2.5,0.15,2.12,6,12.72,Transfer,266
82,2024-10-12,10,Saturday,1,San Salvador Centro,San Salvador,15,Arroz blanco 1lb,Groceries,0.9,0.15,0.77,8,6.16,Cash,69
83,2024-08-14,8,Wednesday,6,Usulután,Usulután,15,Arroz blanco 1lb,Groceries,0.9,0.15,0.77,20,15.4,Debit card,259
84,2024-03-22,3,Friday,8,Chalatenango,Chalatenango,14,Frijoles rojos 1lb,Groceries,1.2,0.0,1.2,16,19.2,Cash,127
85,2024-11-16,11,Saturday,8,Chalatenango,Chalatenango,9,Camisa guayabera,Clothing,18.0,0.0,18.0,8,144.0,Cash,366
86,2024-05-19,5,Sunday,4,Soyapango,San Salvador,10,Hamaca artesanal,Handicrafts,35.0,0.0,35.0,11,385.0,Credit card,42
87,2024-04-28,4,Sunday,3,San Miguel,San Miguel,5,Atol de elote,Beverages,1.0,0.1,0.9,13,11.7,Cash,110
88,2024-07-27,7,Saturday,7,La Libertad,La Libertad,3,Tamales de elote,Traditional Food,1.0,0.05,0.95,11,10.45,Cash,32
89,2024-07-18,7,Thursday,7,La Libertad,La Libertad,7,Café salvadoreño,Beverages,1.5,0.1,1.35,19,25.65,Cash,451
90,2024-01-04,1,Thursday,8,Chalatenango,Chalatenango,13,Aceite vegetal 1L,Groceries,2.8,0.0,2.8,12,33.6,Credit card,437
91,2024-09-06,9,Friday,4,Soyapango,San Salvador,14,Frijoles rojos 1lb,Groceries,1.2,0.0,1.2,8,9.6,Cash,15
92,2024-12-08,12,Sunday,6,Usulután,Usulután,13,Aceite vegetal 1L,Groceries,2.8,0.1,2.52,13,32.76,Cash,240
93,2024-07-20,7,Saturday,1,San Salvador Centro,San Salvador,5,Atol de elote,Beverages,1.0,0.05,0.95,19,18.05,Debit card,43
94,2024-08-24,8,Saturday,3,San Miguel,San Miguel,14,Frijoles rojos 1lb,Groceries,1.2,0.0,1.2,6,7.2,Cash,168
95,2024-06-16,6,Sunday,8,Chalatenango,Chalatenango,7,Café salvadoreño,Beverages,1.5,0.15,1.27,11,13.97,Credit card,143
96,2024-02-11,2,Sunday,5,Metrocentro,San Salvador,14,Frijoles rojos 1lb,Groceries,1.2,0.0,1.2,16,19.2,Debit card,27
97,2024-11-28,11,Thursday,4,Soyapango,San Salvador,12,Canasta de palma,Handicrafts,12.0,0.15,10.2,3,30.6,Transfer,21
98,2024-04-12,4,Friday,4,Soyapango,San Salvador,1,Pupusas de queso,Traditional Food,0.5,0.05,0.47,1,0.47,Cash,65
99,2024-10-15,10,Tuesday,2,Santa Ana,Santa Ana,16,Crema salvadoreña,Dairy,1.5,0.0,1.5,7,10.5,Debit card,393
100,2024-11-06,11,Wednesday,3,San Miguel,San Miguel,12,Canasta de palma,Handicrafts,12.0,0.1,10.8,20,216.0,Debit card,399
101,2024-02-25,2,Sunday,5,Metrocentro,San Salvador,6,Kolachampán,Beverages,0.75,0.0,0.75,19,14.25,Bitcoin,295
102,2024-04-11,4,Thursday,7,La Libertad,La Libertad,13,Aceite vegetal 1L,Groceries,2.8,0.05,2.66,3,7.98,Debit card,322
103,2024-12-22,12,Sunday,2,Santa Ana,Santa Ana,8,Fresco de tamarindo,Beverages,0.75,0.15,0.64,10,6.4,Debit card,413
104,2024-06-26,6,Wednesday,1,San Salvador Centro,San Salvador,4,Yuca frita,Traditional Food,2.5,0.0,2.5,18,45.0,Debit card,36
105,2024-01-07,1,Sunday,6,Usulután,Usulután,17,Queso duro blando,Dairy,3.5,0.15,2.98,14,41.72,Cash,222
106,2024-12-28,12,Saturday,8,Chalatenango,Chalatenango,12,Canasta de palma,Handicrafts,12.0,0.0,12.0,5,60.0,Cash,268
107,2024-08-26,8,Monday,8,Chalatenango,Chalatenango,9,Camisa guayabera,Clothing,18.0,0.15,15.3,14,214.2,Debit card,138
108,2024-02-14,2,Wednesday,4,Soyapango,San Salvador,11,Jarrito de barro,Handicrafts,8.0,0.0,8.0,9,72.0,Cash,238
109,2024-01-15,1,Monday,6,Usulután,Usulután,13,Aceite vegetal 1L,Groceries,2.8,0.15,2.38,16,38.08,Cash,250
110,2024-05-12,5,Sunday,6,Usulután,Usulután,7,Café salvadoreño,Beverages,1.5,0.0,1.5,11,16.5,Credit card,360
111,2024-09-21,9,Saturday,1,San Salvador Centro,San Salvador,9,Camisa guayabera,Clothing,18.0,0.0,18.0,7,126.0,Cash,209
112,2024-12-19,12,Thursday,4,Soyapango,San Salvador,16,Crema salvadoreña,Dairy,1.5,0.1,1.35,16,21.6,Debit card,230
113,2024-05-30,5,Thursday,2,Santa Ana,Santa Ana,1,Pupusas de queso,Traditional Food,0.5,0.0,0.5,8,4.0,Debit card,157
114,2024-10-10,10,Thursday,8,Chalatenango,Chalatenango,12,Canasta de palma,Handicrafts,12.0,0.0,12.0,17,204.0,Cash,382
115,2024-06-29,6,Saturday,6,Usulután,Usulután,18,Curtido en frasco,Groceries,2.0,0.0,2.0,15,30.0,Cash,119
116,2024-06-10,6,Monday,4,Soyapango,San Salvador,4,Yuca frita,Traditional Food,2.5,0.1,2.25,4,9.0,Debit card,391
117,2024-04-20,4,Saturday,4,Soyapango,San Salvador,6,Kolachampán,Beverages,0.75,0.0,0.75,16,12.0,Debit card,390
118,2024-02-21,2,Wednesday,5,Metrocentro,San Salvador,17,Queso duro blando,Dairy,3.5,0.0,3.5,7,24.5,Cash,92
119,2024-12-28,12,Saturday,1,San Salvador Centro,San Salvador,10,Hamaca artesanal,Handicrafts,35.0,0.0,35.0,18,630.0,Cash,499
120,2024-12-23,12,Monday,5,Metrocentro,San Salvador,2,Pupusas de frijol,Traditional Food,0.5,0.1,0.45,5,2.25,Credit card,252
121,2024-10-20,10,Sunday,1,San Salvador Centro,San Salvador,4,Yuca frita,Traditional Food,2.5,0.0,2.5,10,25.0,Cash,175
122,2024-05-09,5,Thursday,1,San Salvador Centro,San Salvador,6,Kolachampán,Beverages,0.75,0.0,0.75,16,12.0,Credit card,206
123,2024-10-22,10,Tuesday,2,Santa Ana,Santa Ana,16,Crema salvadoreña,Dairy,1.5,0.0,1.5,2,3.0,Cash,289
124,2024-05-07,5,Tuesday,2,Santa Ana,Santa Ana,10,Hamaca artesanal,Handicrafts,35.0,0.05,33.25,4,133.0,Credit card,311
125,2024-08-18,8,Sunday,7,La Libertad,La Libertad,8,Fresco de tamarindo,Beverages,0.75,0.0,0.75,15,11.25,Credit card,220
126,2024-11-08,11,Friday,1,San Salvador Centro,San Salvador,10,Hamaca artesanal,Handicrafts,35.0,0.15,29.75,4,119.0,Cash,109
127,2024-03-21,3,Thursday,2,Santa Ana,Santa Ana,9,Camisa guayabera,Clothing,18.0,0.0,18.0,8,144.0,Debit card,81
128,2024-08-18,8,Sunday,7,La Libertad,La Libertad,1,Pupusas de queso,Traditional Food,0.5,0.0,0.5,20,10.0,Cash,119
129,2024-12-25,12,Wednesday,5,Metrocentro,San Salvador,10,Hamaca artesanal,Handicrafts,35.0,0.0,35.0,15,525.0,Debit card,474
130,2024-08-05,8,Monday,4,Soyapango,San Salvador,9,Camisa guayabera,Clothing,18.0,0.05,17.1,4,68.4,Cash,77
131,2024-02-06,2,Tuesday,3,San Miguel,San Miguel,9,Camisa guayabera,Clothing,18.0,0.0,18.0,2,36.0,Credit card,305
132,2024-03-04,3,Monday,8,Chalatenango,Chalatenango,10,Hamaca artesanal,Handicrafts,35.0,0.1,31.5,15,472.5,Cash,207
133,2024-08-12,8,Monday,8,Chalatenango,Chalatenango,9,Camisa guayabera,Clothing,18.0,0.05,17.1,3,51.3,Cash,222
134,2024-01-14,1,Sunday,5,Metrocentro,San Salvador,11,Jarrito de barro,Handicrafts,8.0,0.0,8.0,3,24.0,Transfer,429
135,2024-10-22,10,Tuesday,5,Metrocentro,San Salvador,1,Pupusas de queso,Traditional Food,0.5,0.15,0.42,2,0.84,Credit card,241
136,2024-05-22,5,Wednesday,8,Chalatenango,Chalatenango,17,Queso duro blando,Dairy,3.5,0.05,3.32,6,19.92,Cash,417
137,2024-08-28,8,Wednesday,2,Santa Ana,Santa Ana,16,Crema salvadoreña,Dairy,1.5,0.0,1.5,12,18.0,Cash,344
138,2024-06-17,6,Monday,3,San Miguel,San Miguel,4,Yuca frita,Traditional Food,2.5,0.1,2.25,14,31.5,Cash,340
139,2024-08-20,8,Tuesday,1,San Salvador Centro,San Salvador,13,Aceite vegetal 1L,Groceries,2.8,0.0,2.8,3,8.4,Cash,60
140,2024-12-02,12,Monday,1,San Salvador Centro,San Salvador,13,Aceite vegetal 1L,Groceries,2.8,0.0,2.8,18,50.4,Cash,97
141,2024-11-14,11,Thursday,6,Usulután,Usulután,17,Queso duro blando,Dairy,3.5,0.1,3.15,16,50.4,Cash,27
142,2024-10-08,10,Tuesday,5,Metrocentro,San Salvador,7,Café salvadoreño,Beverages,1.5,0.0,1.5,5,7.5,Cash,358
143,2024-01-15,1,Monday,2,Santa Ana,Santa Ana,16,Crema salvadoreña,Dairy,1.5,0.15,1.27,20,25.4,Cash,82
144,2024-10-09,10,Wednesday,1,San Salvador Centro,San Salvador,10,Hamaca artesanal,Handicrafts,35.0,0.0,35.0,14,490.0,Cash,431
145,2024-03-01,3,Friday,8,Chalatenango,Chalatenango,4,Yuca frita,Traditional Food,2.5,0.0,2.5,5,12.5,Bitcoin,150
146,2024-07-31,7,Wednesday,5,Metrocentro,San Salvador,17,Queso duro blando,Dairy,3.5,0.0,3.5,16,56.0,Cash,283
147,2024-04-07,4,Sunday,7,La Libertad,La Libertad,5,Atol de elote,Beverages,1.0,0.05,0.95,20,19.0,Debit card,70
148,2024-07-31,7,Wednesday,5,Metrocentro,San Salvador,3,Tamales de elote,Traditional Food,1.0,0.15,0.85,11,9.35,Debit card,421
149,2024-06-01,6,Saturday,5,Metrocentro,San Salvador,1,Pupusas de queso,Traditional Food,0.5,0.05,0.47,19,8.93,Transfer,251
150,2024-10-02,10,Wednesday,8,Chalatenango,Chalatenango,5,Atol de elote,Beverages,1.0,0.0,1.0,16,16.0,Cash,391
151,2024-08-21,8,Wednesday,7,La Libertad,La Libertad,18,Curtido en frasco,Groceries,2.0,0.15,1.7,11,18.7,Cash,358
152,2024-04-29,4,Monday,7,La Libertad,La Libertad,8,Fresco de tamarindo,Beverages,0.75,0.0,0.75,14,10.5,Cash,243
153,2024-12-05,12,Thursday,7,La Libertad,La Libertad,13,Aceite vegetal 1L,Groceries,2.8,0.0,2.8,5,14.0,Transfer,65
154,2024-02-21,2,Wednesday,6,Usulután,Usulután,17,Queso duro blando,Dairy,3.5,0.0,3.5,15,52.5,Debit card,234
155,2024-07-28,7,Sunday,3,San Miguel,San Miguel,1,Pupusas de queso,Traditional Food,0.5,0.0,0.5,5,2.5,Cash,497
156,2024-11-15,11,Friday,6,Usulután,Usulután,9,Camisa guayabera,Clothing,18.0,0.1,16.2,13,210.6,Cash,169
157,2024-06-11,6,Tuesday,7,La Libertad,La Libertad,18,Curtido en frasco,Groceries,2.0,0.15,1.7,16,27.2,Debit card,317
158,2024-11-19,11,Tuesday,4,Soyapango,San Salvador,3,Tamales de elote,Traditional Food,1.0,0.0,1.0,10,10.0,Debit card,223
159,2024-08-15,8,Thursday,2,Santa Ana,Santa Ana,4,Yuca frita,Traditional Food,2.5,0.1,2.25,6,13.5,Cash,15
160,2024-01-29,1,Monday,6,Usulután,Usulután,2,Pupusas de frijol,Traditional Food,0.5,0.0,0.5,10,5.0,Cash,75
161,2024-10-16,10,Wednesday,7,La Libertad,La Libertad,8,Fresco de tamarindo,Beverages,0.75,0.0,0.75,6,4.5,Cash,313
162,2024-09-11,9,Wednesday,4,Soyapango,San Salvador,13,Aceite vegetal 1L,Groceries,2.8,0.0,2.8,19,53.2,Cash,327
163,2024-05-10,5,Friday,8,Chalatenango,Chalatenango,9,Camisa guayabera,Clothing,18.0,0.15,15.3,1,15.3,Cash,148
164,2024-02-07,2,Wednesday,3,San Miguel,San Miguel,18,Curtido en frasco,Groceries,2.0,0.0,2.0,15,30.0,Transfer,154
165,2024-08-21,8,Wednesday,5,Metrocentro,San Salvador,14,Frijoles rojos 1lb,Groceries,1.2,0.0,1.2,10,12.0,Transfer,437
166,2024-05-01,5,Wednesday,2,Santa Ana,Santa Ana,16,Crema salvadoreña,Dairy,1.5,0.05,1.42,13,18.46,Cash,152
167,2024-12-03,12,Tuesday,1,San Salvador Centro,San Salvador,10,Hamaca artesanal,Handicrafts,35.0,0.0,35.0,13,455.0,Cash,443
168,2024-05-26,5,Sunday,8,Chalatenango,Chalatenango,2,Pupusas de frijol,Traditional Food,0.5,0.05,0.47,8,3.76,Credit card,113
169,2024-12-13,12,Friday,5,Metrocentro,San Salvador,7,Café salvadoreño,Beverages,1.5,0.1,1.35,5,6.75,Cash,322
170,2024-08-13,8,Tuesday,5,Metrocentro,San Salvador,2,Pupusas de frijol,Traditional Food,0.5,0.05,0.47,2,0.94,Cash,68
171,2024-06-16,6,Sunday,5,Metrocentro,San Salvador,3,Tamales de elote,Traditional Food,1.0,0.0,1.0,14,14.0,Cash,403
172,2024-09-28,9,Saturday,6,Usulután,Usulután,18,Curtido en frasco,Groceries,2.0,0.0,2.0,17,34.0,Credit card,132
173,2024-06-22,6,Saturday,5,Metrocentro,San Salvador,16,Crema salvadoreña,Dairy,1.5,0.0,1.5,4,6.0,Transfer,73
174,2024-10-12,10,Saturday,7,La Libertad,La Libertad,8,Fresco de tamarindo,Beverages,0.75,0.0,0.75,12,9.0,Credit card,8
175,2024-08-20,8,Tuesday,2,Santa Ana,Santa Ana,9,Camisa guayabera,Clothing,18.0,0.1,16.2,12,194.4,Debit card,135
176,2024-02-25,2,Sunday,6,Usulután,Usulután,13,Aceite vegetal 1L,Groceries,2.8,0.0,2.8,8,22.4,Cash,453
177,2024-11-08,11,Friday,6,Usulután,Usulután,18,Curtido en frasco,Groceries,2.0,0.1,1.8,8,14.4,Cash,422
178,2024-11-28,11,Thursday,5,Metrocentro,San Salvador,15,Arroz blanco 1lb,Groceries,0.9,0.0,0.9,14,12.6,Cash,485
179,2024-09-09,9,Monday,5,Metrocentro,San Salvador,2,Pupusas de frijol,Traditional Food,0.5,0.0,0.5,4,2.0,Cash,276
180,2024-08-20,8,Tuesday,7,La Libertad,La Libertad,5,Atol de elote,Beverages,1.0,0.1,0.9,12,10.8,Bitcoin,357
181,2024-10-27,10,Sunday,7,La Libertad,La Libertad,18,Curtido en frasco,Groceries,2.0,0.0,2.0,5,10.0,Debit card,427
182,2024-05-23,5,Thursday,7,La Libertad,La Libertad,16,Crema salvadoreña,Dairy,1.5,0.1,1.35,2,2.7,Cash,228
183,2024-07-04,7,Thursday,4,Soyapango,San Salvador,15,Arroz blanco 1lb,Groceries,0.9,0.1,0.81,4,3.24,Cash,462
184,2024-07-22,7,Monday,1,San Salvador Centro,San Salvador,12,Canasta de palma,Handicrafts,12.0,0.0,12.0,9,108.0,Transfer,486
185,2024-12-05,12,Thursday,2,Santa Ana,Santa Ana,15,Arroz blanco 1lb,Groceries,0.9,0.1,0.81,7,5.67,Debit card,498
186,2024-06-19,6,Wednesday,1,San Salvador Centro,San Salvador,1,Pupusas de queso,Traditional Food,0.5,0.0,0.5,8,4.0,Credit card,106
187,2024-10-27,10,Sunday,4,Soyapango,San Salvador,3,Tamales de elote,Traditional Food,1.0,0.15,0.85,7,5.95,Credit card,169
188,2024-05-21,5,Tuesday,1,San Salvador Centro,San Salvador,5,Atol de elote,Beverages,1.0,0.0,1.0,5,5.0,Debit card,409
189,2024-12-04,12,Wednesday,2,Santa Ana,Santa Ana,6,Kolachampán,Beverages,0.75,0.0,0.75,1,0.75,Cash,405
190,2024-01-09,1,Tuesday,6,Usulután,Usulután,8,Fresco de tamarindo,Beverages,0.75,0.0,0.75,6,4.5,Cash,380
191,2024-02-02,2,Friday,2,Santa Ana,Santa Ana,14,Frijoles rojos 1lb,Groceries,1.2,0.0,1.2,16,19.2,Credit card,263
192,2024-09-14,9,Saturday,8,Chalatenango,Chalatenango,4,Yuca frita,Traditional Food,2.5,0.05,2.38,8,19.04,Cash,402
193,2024-08-22,8,Thursday,5,Metrocentro,San Salvador,17,Queso duro blando,Dairy,3.5,0.0,3.5,1,3.5,Transfer,434
194,2024-12-17,12,Tuesday,7,La Libertad,La Libertad,13,Aceite vegetal 1L,Groceries,2.8,0.0,2.8,4,11.2,Debit card,228
195,2024-06-13,6,Thursday,2,Santa Ana,Santa Ana,3,Tamales de elote,Traditional Food,1.0,0.0,1.0,20,20.0,Cash,141
196,2024-07-14,7,Sunday,6,Usulután,Usulután,18,Curtido en frasco,Groceries,2.0,0.05,1.9,20,38.0,Cash,259
197,2024-12-25,12,Wednesday,2,Santa Ana,Santa Ana,14,Frijoles rojos 1lb,Groceries,1.2,0.15,1.02,4,4.08,Debit card,450
198,2024-08-08,8,Thursday,4,Soyapango,San Salvador,18,Curtido en frasco,Groceries,2.0,0.0,2.0,15,30.0,Cash,424
199,2024-07-31,7,Wednesday,7,La Libertad,La Libertad,15,Arroz blanco 1lb,Groceries,0.9,0.0,0.9,4,3.6,Cash,341
200,2024-03-19,3,Tuesday,6,Usulután,Usulután,9,Camisa guayabera,Clothing,18.0,0.0,18.0,16,288.0,Cash,44
201,2024-02-19,2,Monday,7,La Libertad,La Libertad,3,Tamales de elote,Traditional Food,1.0,0.15,0.85,12,10.2,Cash,31
202,2024-12-09,12,Monday,6,Usulután,Usulután,18,Curtido en frasco,Groceries,2.0,0.0,2.0,4,8.0,Cash,341
203,2024-05-27,5,Monday,1,San Salvador Centro,San Salvador,14,Frijoles rojos 1lb,Groceries,1.2,0.0,1.2,20,24.0,Cash,296
204,2024-03-20,3,Wednesday,4,Soyapango,San Salvador,17,Queso duro blando,Dairy,3.5,0.0,3.5,16,56.0,Credit card,180
205,2024-02-28,2,Wednesday,6,Usulután,Usulután,18,Curtido en frasco,Groceries,2.0,0.05,1.9,9,17.1,Cash,220
206,2024-11-07,11,Thursday,1,San Salvador Centro,San Salvador,18,Curtido en frasco,Groceries,2.0,0.0,2.0,9,18.0,Cash,360
207,2024-06-28,6,Friday,6,Usulután,Usulután,10,Hamaca artesanal,Handicrafts,35.0,0.0,35.0,1,35.0,Credit card,290
208,2024-03-13,3,Wednesday,2,Santa Ana,Santa Ana,13,Aceite vegetal 1L,Groceries,2.8,0.0,2.8,1,2.8,Debit card,111
209,2024-08-20,8,Tuesday,7,La Libertad,La Libertad,13,Aceite vegetal 1L,Groceries,2.8,0.0,2.8,11,30.8,Cash,370
210,2024-01-27,1,Saturday,2,Santa Ana,Santa Ana,11,Jarrito de barro,Handicrafts,8.0,0.0,8.0,5,40.0,Credit card,26
211,2024-08-14,8,Wednesday,5,Metrocentro,San Salvador,3,Tamales de elote,Traditional Food,1.0,0.0,1.0,14,14.0,Debit card,213
212,2024-09-19,9,Thursday,4,Soyapango,San Salvador,9,Camisa guayabera,Clothing,18.0,0.0,18.0,4,72.0,Cash,146
213,2024-01-24,1,Wednesday,5,Metrocentro,San Salvador,16,Crema salvadoreña,Dairy,1.5,0.0,1.5,8,12.0,Transfer,29
214,2024-06-03,6,Monday,4,Soyapango,San Salvador,1,Pupusas de queso,Traditional Food,0.5,0.15,0.42,7,2.94,Cash,131
215,2024-03-02,3,Saturday,6,Usulután,Usulután,10,Hamaca artesanal,Handicrafts,35.0,0.0,35.0,1,35.0,Debit card,90
216,2024-09-29,9,Sunday,7,La Libertad,La Libertad,5,Atol de elote,Beverages,1.0,0.05,0.95,8,7.6,Debit card,343
217,2024-07-22,7,Monday,2,Santa Ana,Santa Ana,12,Canasta de palma,Handicrafts,12.0,0.0,12.0,2,24.0,Cash,472
218,2024-10-21,10,Monday,6,Usulután,Usulután,3,Tamales de elote,Traditional Food,1.0,0.05,0.95,14,13.3,Cash,328
219,2024-02-28,2,Wednesday,5,Metrocentro,San Salvador,14,Frijoles rojos 1lb,Groceries,1.2,0.0,1.2,13,15.6,Transfer,88
220,2024-02-15,2,Thursday,6,Usulután,Usulután,15,Arroz blanco 1lb,Groceries,0.9,0.15,0.77,14,10.78,Cash,224
221,2024-07-21,7,Sunday,2,Santa Ana,Santa Ana,13,Aceite vegetal 1L,Groceries,2.8,0.1,2.52,10,25.2,Cash,171
222,2024-09-18,9,Wednesday,2,Santa Ana,Santa Ana,6,Kolachampán,Beverages,0.75,0.05,0.71,4,2.84,Debit card,464
223,2024-11-26,11,Tuesday,6,Usulután,Usulután,12,Canasta de palma,Handicrafts,12.0,0.0,12.0,5,60.0,Cash,132
224,2024-11-04,11,Monday,3,San Miguel,San Miguel,7,Café salvadoreño,Beverages,1.5,0.15,1.27,5,6.35,Credit card,39
225,2024-08-25,8,Sunday,8,Chalatenango,Chalatenango,6,Kolachampán,Beverages,0.75,0.15,0.64,19,12.16,Debit card,349
226,2024-03-18,3,Monday,6,Usulután,Usulután,11,Jarrito de barro,Handicrafts,8.0,0.0,8.0,15,120.0,Cash,324
227,2024-10-29,10,Tuesday,5,Metrocentro,San Salvador,10,Hamaca artesanal,Handicrafts,35.0,0.0,35.0,2,70.0,Debit card,159
228,2024-01-20,1,Saturday,8,Chalatenango,Chalatenango,15,Arroz blanco 1lb,Groceries,0.9,0.0,0.9,2,1.8,Credit card,40
229,2024-08-24,8,Saturday,7,La Libertad,La Libertad,3,Tamales de elote,Traditional Food,1.0,0.05,0.95,19,18.05,Transfer,379
230,2024-10-19,10,Saturday,8,Chalatenango,Chalatenango,2,Pupusas de frijol,Traditional Food,0.5,0.0,0.5,7,3.5,Debit card,257
231,2024-08-18,8,Sunday,1,San Salvador Centro,San Salvador,5,Atol de elote,Beverages,1.0,0.15,0.85,4,3.4,Credit card,176
232,2024-01-21,1,Sunday,3,San Miguel,San Miguel,3,Tamales de elote,Traditional Food,1.0,0.1,0.9,8,7.2,Cash,225
233,2024-07-05,7,Friday,3,San Miguel,San Miguel,17,Queso duro blando,Dairy,3.5,0.0,3.5,12,42.0,Cash,397
234,2024-11-19,11,Tuesday,1,San Salvador Centro,San Salvador,11,Jarrito de barro,Handicrafts,8.0,0.0,8.0,11,88.0,Cash,286
235,2024-05-09,5,Thursday,5,Metrocentro,San Salvador,13,Aceite vegetal 1L,Groceries,2.8,0.15,2.38,20,47.6,Cash,42
236,2024-06-07,6,Friday,6,Usulután,Usulután,5,Atol de elote,Beverages,1.0,0.0,1.0,13,13.0,Debit card,481
237,2024-10-13,10,Sunday,5,Metrocentro,San Salvador,3,Tamales de elote,Traditional Food,1.0,0.1,0.9,13,11.7,Credit card,417
238,2024-11-26,11,Tuesday,2,Santa Ana,Santa Ana,5,Atol de elote,Beverages,1.0,0.05,0.95,14,13.3,Cash,186
239,2024-04-19,4,Friday,3,San Miguel,San Miguel,10,Hamaca artesanal,Handicrafts,35.0,0.15,29.75,11,327.25,Cash,116
240,2024-02-09,2,Friday,3,San Miguel,San Miguel,5,Atol de elote,Beverages,1.0,0.15,0.85,10,8.5,Credit card,260
241,2024-12-04,12,Wednesday,1,San Salvador Centro,San Salvador,18,Curtido en frasco,Groceries,2.0,0.15,1.7,11,18.7,Debit card,306
242,2024-03-24,3,Sunday,3,San Miguel,San Miguel,13,Aceite vegetal 1L,Groceries,2.8,0.15,2.38,6,14.28,Debit card,320
243,2024-01-23,1,Tuesday,8,Chalatenango,Chalatenango,6,Kolachampán,Beverages,0.75,0.0,0.75,14,10.5,Debit card,122
244,2024-08-17,8,Saturday,5,Metrocentro,San Salvador,15,Arroz blanco 1lb,Groceries,0.9,0.05,0.85,8,6.8,Cash,495
245,2024-07-07,7,Sunday,4,Soyapango,San Salvador,16,Crema salvadoreña,Dairy,1.5,0.0,1.5,19,28.5,Cash,145
246,2024-03-23,3,Saturday,7,La Libertad,La Libertad,13,Aceite vegetal 1L,Groceries,2.8,0.15,2.38,7,16.66,Debit card,447
247,2024-11-24,11,Sunday,1,San Salvador Centro,San Salvador,9,Camisa guayabera,Clothing,18.0,0.15,15.3,16,244.8,Cash,479
248,2024-05-25,5,Saturday,2,Santa Ana,Santa Ana,4,Yuca frita,Traditional Food,2.5,0.15,2.12,3,6.36,Cash,231
249,2024-08-11,8,Sunday,3,San Miguel,San Miguel,17,Queso duro blando,Dairy,3.5,0.0,3.5,3,10.5,Credit card,453
250,2024-07-31,7,Wednesday,1,San Salvador Centro,San Salvador,12,Canasta de palma,Handicrafts,12.0,0.0,12.0,2,24.0,Debit card,121
251,2024-07-10,7,Wednesday,2,Santa Ana,Santa Ana,13,Aceite vegetal 1L,Groceries,2.8,0.0,2.8,8,22.4,Cash,51
252,2024-03-11,3,Monday,3,San Miguel,San Miguel,11,Jarrito de barro,Handicrafts,8.0,0.0,8.0,2,16.0,Bitcoin,242
253,2024-08-17,8,Saturday,8,Chalatenango,Chalatenango,5,Atol de elote,Beverages,1.0,0.0,1.0,20,20.0,Bitcoin,10
254,2024-03-17,3,Sunday,4,Soyapango,San Salvador,9,Camisa guayabera,Clothing,18.0,0.1,16.2,18,291.6,Debit card,217
255,2024-05-01,5,Wednesday,5,Metrocentro,San Salvador,4,Yuca frita,Traditional Food,2.5,0.0,2.5,10,25.0,Cash,215
256,2024-02-26,2,Monday,2,Santa Ana,Santa Ana,15,Arroz blanco 1lb,Groceries,0.9,0.05,0.85,16,13.6,Debit card,324
257,2024-03-14,3,Thursday,4,Soyapango,San Salvador,17,Queso duro blando,Dairy,3.5,0.0,3.5,10,35.0,Cash,181
258,2024-04-05,4,Friday,7,La Libertad,La Libertad,8,Fresco de tamarindo,Beverages,0.75,0.05,0.71,3,2.13,Transfer,35
259,2024-07-18,7,Thursday,1,San Salvador Centro,San Salvador,17,Queso duro blando,Dairy,3.5,0.0,3.5,16,56.0,Debit card,192
260,2024-07-01,7,Monday,1,San Salvador Centro,San Salvador,9,Camisa guayabera,Clothing,18.0,0.0,18.0,3,54.0,Cash,337
261,2024-03-09,3,Saturday,6,Usulután,Usulután,4,Yuca frita,Traditional Food,2.5,0.0,2.5,2,5.0,Debit card,417
262,2024-12-22,12,Sunday,8,Chalatenango,Chalatenango,6,Kolachampán,Beverages,0.75,0.1,0.68,16,10.88,Cash,70
263,2024-01-19,1,Friday,8,Chalatenango,Chalatenango,3,Tamales de elote,Traditional Food,1.0,0.0,1.0,10,10.0,Cash,103
264,2024-06-07,6,Friday,6,Usulután,Usulután,2,Pupusas de frijol,Traditional Food,0.5,0.0,0.5,17,8.5,Transfer,279
265,2024-01-19,1,Friday,5,Metrocentro,San Salvador,16,Crema salvadoreña,Dairy,1.5,0.0,1.5,7,10.5,Cash,400
266,2024-05-19,5,Sunday,6,Usulután,Usulután,2,Pupusas de frijol,Traditional Food,0.5,0.15,0.42,4,1.68,Cash,456
267,2024-07-16,7,Tuesday,8,Chalatenango,Chalatenango,13,Aceite vegetal 1L,Groceries,2.8,0.0,2.8,11,30.8,Cash,255
268,2024-02-12,2,Monday,5,Metrocentro,San Salvador,12,Canasta de palma,Handicrafts,12.0,0.0,12.0,14,168.0,Cash,422
269,2024-06-13,6,Thursday,5,Metrocentro,San Salvador,6,Kolachampán,Beverages,0.75,0.0,0.75,4,3.0,Cash,152
270,2024-11-04,11,Monday,8,Chalatenango,Chalatenango,10,Hamaca artesanal,Handicrafts,35.0,0.0,35.0,14,490.0,Debit card,180
271,2024-06-29,6,Saturday,1,San Salvador Centro,San Salvador,15,Arroz blanco 1lb,Groceries,0.9,0.0,0.9,20,18.0,Cash,406
272,2024-12-09,12,Monday,2,Santa Ana,Santa Ana,2,Pupusas de frijol,Traditional Food,0.5,0.0,0.5,13,6.5,Debit card,384
273,2024-03-14,3,Thursday,1,San Salvador Centro,San Salvador,6,Kolachampán,Beverages,0.75,0.1,0.68,20,13.6,Credit card,18
274,2024-04-30,4,Tuesday,2,Santa Ana,Santa Ana,5,Atol de elote,Beverages,1.0,0.0,1.0,12,12.0,Cash,291
275,2024-12-13,12,Friday,3,San Miguel,San Miguel,2,Pupusas de frijol,Traditional Food,0.5,0.0,0.5,15,7.5,Cash,391
276,2024-09-28,9,Saturday,3,San Miguel,San Miguel,3,Tamales de elote,Traditional Food,1.0,0.0,1.0,12,12.0,Cash,143
277,2024-01-14,1,Sunday,2,Santa Ana,Santa Ana,8,Fresco de tamarindo,Beverages,0.75,0.0,0.75,6,4.5,Debit card,468
278,2024-05-14,5,Tuesday,2,Santa Ana,Santa Ana,18,Curtido en frasco,Groceries,2.0,0.1,1.8,9,16.2,Cash,314
279,2024-04-12,4,Friday,8,Chalatenango,Chalatenango,10,Hamaca artesanal,Handicrafts,35.0,0.0,35.0,4,140.0,Credit card,232
280,2024-02-14,2,Wednesday,8,Chalatenango,Chalatenango,6,Kolachampán,Beverages,0.75,0.1,0.68,11,7.48,Cash,34
281,2024-06-02,6,Sunday,5,Metrocentro,San Salvador,18,Curtido en frasco,Groceries,2.0,0.1,1.8,6,10.8,Debit card,359
282,2024-09-17,9,Tuesday,6,Usulután,Usulután,6,Kolachampán,Beverages,0.75,0.0,0.75,8,6.0,Transfer,406
283,2024-09-09,9,Monday,4,Soyapango,San Salvador,5,Atol de elote,Beverages,1.0,0.0,1.0,1,1.0,Debit card,189
284,2024-11-09,11,Saturday,3,San Miguel,San Miguel,15,Arroz blanco 1lb,Groceries,0.9,0.0,0.9,3,2.7,Cash,368
285,2024-07-28,7,Sunday,7,La Libertad,La Libertad,16,Crema salvadoreña,Dairy,1.5,0.0,1.5,19,28.5,Cash,163
286,2024-08-26,8,Monday,8,Chalatenango,Chalatenango,3,Tamales de elote,Traditional Food,1.0,0.0,1.0,17,17.0,Cash,425
287,2024-03-07,3,Thursday,3,San Miguel,San Miguel,18,Curtido en frasco,Groceries,2.0,0.05,1.9,14,26.6,Bitcoin,29
288,2024-06-04,6,Tuesday,3,San Miguel,San Miguel,4,Yuca frita,Traditional Food,2.5,0.0,2.5,6,15.0,Cash,364
289,2024-09-22,9,Sunday,6,Usulután,Usulután,8,Fresco de tamarindo,Beverages,0.75,0.15,0.64,10,6.4,Cash,101
290,2024-03-05,3,Tuesday,5,Metrocentro,San Salvador,18,Curtido en frasco,Groceries,2.0,0.05,1.9,10,19.0,Debit card,258
291,2024-03-28,3,Thursday,3,San Miguel,San Miguel,6,Kolachampán,Beverages,0.75,0.1,0.68,20,13.6,Bitcoin,173
292,2024-02-11,2,Sunday,1,San Salvador Centro,San Salvador,2,Pupusas de frijol,Traditional Food,0.5,0.1,0.45,2,0.9,Credit card,136
293,2024-11-12,11,Tuesday,7,La Libertad,La Libertad,7,Café salvadoreño,Beverages,1.5,0.0,1.5,1,1.5,Credit card,280
294,2024-09-04,9,Wednesday,5,Metrocentro,San Salvador,10,Hamaca artesanal,Handicrafts,35.0,0.15,29.75,8,238.0,Credit card,208
295,2024-02-07,2,Wednesday,8,Chalatenango,Chalatenango,10,Hamaca artesanal,Handicrafts,35.0,0.0,35.0,2,70.0,Cash,248
296,2024-06-23,6,Sunday,4,Soyapango,San Salvador,15,Arroz blanco 1lb,Groceries,0.9,0.0,0.9,20,18.0,Cash,368
297,2024-07-23,7,Tuesday,6,Usulután,Usulután,11,Jarrito de barro,Handicrafts,8.0,0.15,6.8,5,34.0,Cash,288
298,2024-05-03,5,Friday,6,Usulután,Usulután,4,Yuca frita,Traditional Food,2.5,0.0,2.5,15,37.5,Cash,127
299,2024-01-26,1,Friday,2,Santa Ana,Santa Ana,5,Atol de elote,Beverages,1.0,0.0,1.0,10,10.0,Credit card,215
300,2024-06-16,6,Sunday,3,San Miguel,San Miguel,8,Fresco de tamarindo,Beverages,0.75,0.1,0.68,19,12.92,Cash,391
301,2024-09-20,9,Friday,8,Chalatenango,Chalatenango,6,Kolachampán,Beverages,0.75,0.0,0.75,15,11.25,Credit card,255
302,2024-07-20,7,Saturday,2,Santa Ana,Santa Ana,1,Pupusas de queso,Traditional Food,0.5,0.0,0.5,17,8.5,Transfer,111
303,2024-01-26,1,Friday,1,San Salvador Centro,San Salvador,12,Canasta de palma,Handicrafts,12.0,0.0,12.0,10,120.0,Debit card,432
304,2024-10-01,10,Tuesday,5,Metrocentro,San Salvador,16,Crema salvadoreña,Dairy,1.5,0.15,1.27,1,1.27,Cash,69
305,2024-07-25,7,Thursday,6,Usulután,Usulután,9,Camisa guayabera,Clothing,18.0,0.0,18.0,12,216.0,Cash,292
306,2024-07-04,7,Thursday,4,Soyapango,San Salvador,18,Curtido en frasco,Groceries,2.0,0.0,2.0,18,36.0,Cash,259
307,2024-11-15,11,Friday,5,Metrocentro,San Salvador,15,Arroz blanco 1lb,Groceries,0.9,0.0,0.9,20,18.0,Cash,50
308,2024-06-22,6,Saturday,6,Usulután,Usulután,13,Aceite vegetal 1L,Groceries,2.8,0.0,2.8,18,50.4,Credit card,102
309,2024-09-13,9,Friday,7,La Libertad,La Libertad,17,Queso duro blando,Dairy,3.5,0.0,3.5,2,7.0,Cash,366
310,2024-09-22,9,Sunday,8,Chalatenango,Chalatenango,11,Jarrito de barro,Handicrafts,8.0,0.0,8.0,15,120.0,Debit card,264
311,2024-11-09,11,Saturday,6,Usulután,Usulután,5,Atol de elote,Beverages,1.0,0.0,1.0,11,11.0,Cash,316
312,2024-09-16,9,Monday,6,Usulután,Usulután,10,Hamaca artesanal,Handicrafts,35.0,0.05,33.25,17,565.25,Cash,289
313,2024-01-09,1,Tuesday,8,Chalatenango,Chalatenango,10,Hamaca artesanal,Handicrafts,35.0,0.0,35.0,12,420.0,Debit card,214
314,2024-11-01,11,Friday,1,San Salvador Centro,San Salvador,10,Hamaca artesanal,Handicrafts,35.0,0.0,35.0,16,560.0,Transfer,401
315,2024-10-25,10,Friday,1,San Salvador Centro,San Salvador,8,Fresco de tamarindo,Beverages,0.75,0.0,0.75,16,12.0,Debit card,370
316,2024-12-14,12,Saturday,3,San Miguel,San Miguel,13,Aceite vegetal 1L,Groceries,2.8,0.0,2.8,8,22.4,Debit card,359
317,2024-01-10,1,Wednesday,4,Soyapango,San Salvador,4,Yuca frita,Traditional Food,2.5,0.0,2.5,15,37.5,Cash,212
318,2024-09-13,9,Friday,7,La Libertad,La Libertad,7,Café salvadoreño,Beverages,1.5,0.0,1.5,20,30.0,Credit card,377
319,2024-09-22,9,Sunday,3,San Miguel,San Miguel,2,Pupusas de frijol,Traditional Food,0.5,0.05,0.47,7,3.29,Cash,340
320,2024-06-09,6,Sunday,7,La Libertad,La Libertad,16,Crema salvadoreña,Dairy,1.5,0.0,1.5,6,9.0,Bitcoin,176
321,2024-12-12,12,Thursday,6,Usulután,Usulután,18,Curtido en frasco,Groceries,2.0,0.05,1.9,9,17.1,Cash,491
322,2024-10-12,10,Saturday,5,Metrocentro,San Salvador,8,Fresco de tamarindo,Beverages,0.75,0.0,0.75,10,7.5,Bitcoin,153
323,2024-12-19,12,Thursday,4,Soyapango,San Salvador,10,Hamaca artesanal,Handicrafts,35.0,0.0,35.0,16,560.0,Cash,287
324,2024-03-03,3,Sunday,5,Metrocentro,San Salvador,9,Camisa guayabera,Clothing,18.0,0.1,16.2,19,307.8,Debit card,459
325,2024-03-15,3,Friday,6,Usulután,Usulután,13,Aceite vegetal 1L,Groceries,2.8,0.0,2.8,10,28.0,Cash,366
326,2024-08-14,8,Wednesday,6,Usulután,Usulután,3,Tamales de elote,Traditional Food,1.0,0.1,0.9,9,8.1,Cash,104
327,2024-10-14,10,Monday,5,Metrocentro,San Salvador,18,Curtido en frasco,Groceries,2.0,0.0,2.0,9,18.0,Cash,380
328,2024-01-26,1,Friday,4,Soyapango,San Salvador,8,Fresco de tamarindo,Beverages,0.75,0.0,0.75,17,12.75,Debit card,27
329,2024-06-18,6,Tuesday,7,La Libertad,La Libertad,4,Yuca frita,Traditional Food,2.5,0.0,2.5,16,40.0,Debit card,71
330,2024-07-27,7,Saturday,3,San Miguel,San Miguel,1,Pupusas de queso,Traditional Food,0.5,0.0,0.5,16,8.0,Debit card,388
331,2024-05-26,5,Sunday,6,Usulután,Usulután,10,Hamaca artesanal,Handicrafts,35.0,0.15,29.75,2,59.5,Cash,294
332,2024-03-30,3,Saturday,1,San Salvador Centro,San Salvador,8,Fresco de tamarindo,Beverages,0.75,0.15,0.64,14,8.96,Cash,471
333,2024-09-10,9,Tuesday,7,La Libertad,La Libertad,2,Pupusas de frijol,Traditional Food,0.5,0.1,0.45,6,2.7,Transfer,475
334,2024-01-05,1,Friday,1,San Salvador Centro,San Salvador,10,Hamaca artesanal,Handicrafts,35.0,0.05,33.25,10,332.5,Debit card,476
335,2024-08-20,8,Tuesday,5,Metrocentro,San Salvador,11,Jarrito de barro,Handicrafts,8.0,0.05,7.6,18,136.8,Cash,481
336,2024-05-19,5,Sunday,8,Chalatenango,Chalatenango,5,Atol de elote,Beverages,1.0,0.15,0.85,7,5.95,Cash,84
337,2024-04-05,4,Friday,5,Metrocentro,San Salvador,15,Arroz blanco 1lb,Groceries,0.9,0.1,0.81,1,0.81,Cash,152
338,2024-11-08,11,Friday,3,San Miguel,San Miguel,7,Café salvadoreño,Beverages,1.5,0.15,1.27,13,16.51,Cash,168
339,2024-12-08,12,Sunday,7,La Libertad,La Libertad,3,Tamales de elote,Traditional Food,1.0,0.0,1.0,4,4.0,Transfer,245
340,2024-01-04,1,Thursday,4,Soyapango,San Salvador,11,Jarrito de barro,Handicrafts,8.0,0.0,8.0,9,72.0,Cash,386
341,2024-06-03,6,Monday,6,Usulután,Usulután,9,Camisa guayabera,Clothing,18.0,0.1,16.2,19,307.8,Debit card,134
342,2024-02-01,2,Thursday,4,Soyapango,San Salvador,12,Canasta de palma,Handicrafts,12.0,0.0,12.0,4,48.0,Cash,208
343,2024-12-19,12,Thursday,5,Metrocentro,San Salvador,17,Queso duro blando,Dairy,3.5,0.1,3.15,4,12.6,Bitcoin,152
344,2024-04-22,4,Monday,4,Soyapango,San Salvador,12,Canasta de palma,Handicrafts,12.0,0.0,12.0,5,60.0,Cash,383
345,2024-12-25,12,Wednesday,7,La Libertad,La Libertad,12,Canasta de palma,Handicrafts,12.0,0.0,12.0,18,216.0,Credit card,411
346,2024-12-14,12,Saturday,4,Soyapango,San Salvador,7,Café salvadoreño,Beverages,1.5,0.15,1.27,20,25.4,Credit card,270
347,2024-02-09,2,Friday,6,Usulután,Usulután,15,Arroz blanco 1lb,Groceries,0.9,0.0,0.9,19,17.1,Cash,281
348,2024-10-20,10,Sunday,4,Soyapango,San Salvador,17,Queso duro blando,Dairy,3.5,0.0,3.5,18,63.0,Cash,438
349,2024-02-29,2,Thursday,8,Chalatenango,Chalatenango,17,Queso duro blando,Dairy,3.5,0.1,3.15,7,22.05,Debit card,47
350,2024-01-29,1,Monday,8,Chalatenango,Chalatenango,17,Queso duro blando,Dairy,3.5,0.0,3.5,15,52.5,Debit card,234
351,2024-12-10,12,Tuesday,8,Chalatenango,Chalatenango,2,Pupusas de frijol,Traditional Food,0.5,0.1,0.45,10,4.5,Cash,131
352,2024-10-23,10,Wednesday,4,Soyapango,San Salvador,1,Pupusas de queso,Traditional Food,0.5,0.0,0.5,3,1.5,Cash,359
353,2024-02-05,2,Monday,1,San Salvador Centro,San Salvador,3,Tamales de elote,Traditional Food,1.0,0.0,1.0,16,16.0,Cash,93
354,2024-07-10,7,Wednesday,7,La Libertad,La Libertad,5,Atol de elote,Beverages,1.0,0.0,1.0,13,13.0,Credit card,465
355,2024-02-11,2,Sunday,7,La Libertad,La Libertad,13,Aceite vegetal 1L,Groceries,2.8,0.0,2.8,18,50.4,Debit card,179
356,2024-10-02,10,Wednesday,3,San Miguel,San Miguel,4,Yuca frita,Traditional Food,2.5,0.05,2.38,13,30.94,Cash,115
357,2024-06-01,6,Saturday,1,San Salvador Centro,San Salvador,1,Pupusas de queso,Traditional Food,0.5,0.1,0.45,15,6.75,Debit card,218
358,2024-04-27,4,Saturday,7,La Libertad,La Libertad,18,Curtido en frasco,Groceries,2.0,0.0,2.0,8,16.0,Cash,142
359,2024-01-17,1,Wednesday,2,Santa Ana,Santa Ana,7,Café salvadoreño,Beverages,1.5,0.05,1.42,14,19.88,Credit card,453
360,2024-04-15,4,Monday,4,Soyapango,San Salvador,1,Pupusas de queso,Traditional Food,0.5,0.0,0.5,3,1.5,Debit card,229
361,2024-01-23,1,Tuesday,4,Soyapango,San Salvador,2,Pupusas de frijol,Traditional Food,0.5,0.0,0.5,13,6.5,Cash,112
362,2024-09-14,9,Saturday,3,San Miguel,San Miguel,2,Pupusas de frijol,Traditional Food,0.5,0.0,0.5,10,5.0,Credit card,375
363,2024-05-01,5,Wednesday,6,Usulután,Usulután,11,Jarrito de barro,Handicrafts,8.0,0.0,8.0,10,80.0,Transfer,267
364,2024-06-02,6,Sunday,7,La Libertad,La Libertad,8,Fresco de tamarindo,Beverages,0.75,0.0,0.75,9,6.75,Debit card,303
365,2024-10-11,10,Friday,7,La Libertad,La Libertad,6,Kolachampán,Beverages,0.75,0.0,0.75,16,12.0,Transfer,483
366,2024-12-22,12,Sunday,6,Usulután,Usulután,13,Aceite vegetal 1L,Groceries,2.8,0.0,2.8,14,39.2,Cash,193
367,2024-05-03,5,Friday,8,Chalatenango,Chalatenango,6,Kolachampán,Beverages,0.75,0.0,0.75,8,6.0,Credit card,74
368,2024-10-14,10,Monday,1,San Salvador Centro,San Salvador,15,Arroz blanco 1lb,Groceries,0.9,0.0,0.9,14,12.6,Debit card,69
369,2024-05-10,5,Friday,4,Soyapango,San Salvador,13,Aceite vegetal 1L,Groceries,2.8,0.0,2.8,7,19.6,Debit card,473
370,2024-02-17,2,Saturday,6,Usulután,Usulután,15,Arroz blanco 1lb,Groceries,0.9,0.1,0.81,18,14.58,Credit card,27
371,2024-12-10,12,Tuesday,7,La Libertad,La Libertad,9,Camisa guayabera,Clothing,18.0,0.05,17.1,20,342.0,Cash,38
372,2024-09-02,9,Monday,4,Soyapango,San Salvador,7,Café salvadoreño,Beverages,1.5,0.15,1.27,7,8.89,Bitcoin,156
373,2024-04-07,4,Sunday,4,Soyapango,San Salvador,1,Pupusas de queso,Traditional Food,0.5,0.1,0.45,4,1.8,Transfer,246
374,2024-07-22,7,Monday,4,Soyapango,San Salvador,8,Fresco de tamarindo,Beverages,0.75,0.05,0.71,8,5.68,Cash,145
375,2024-09-30,9,Monday,8,Chalatenango,Chalatenango,13,Aceite vegetal 1L,Groceries,2.8,0.0,2.8,12,33.6,Cash,263
376,2024-02-20,2,Tuesday,8,Chalatenango,Chalatenango,16,Crema salvadoreña,Dairy,1.5,0.15,1.27,16,20.32,Credit card,469
377,2024-06-09,6,Sunday,6,Usulután,Usulután,7,Café salvadoreño,Beverages,1.5,0.0,1.5,14,21.0,Debit card,114
378,2024-05-13,5,Monday,1,San Salvador Centro,San Salvador,5,Atol de elote,Beverages,1.0,0.05,0.95,18,17.1,Debit card,214
379,2024-04-10,4,Wednesday,3,San Miguel,San Miguel,10,Hamaca artesanal,Handicrafts,35.0,0.0,35.0,11,385.0,Cash,427
380,2024-10-08,10,Tuesday,8,Chalatenango,Chalatenango,8,Fresco de tamarindo,Beverages,0.75,0.0,0.75,11,8.25,Credit card,251
381,2024-03-27,3,Wednesday,8,Chalatenango,Chalatenango,16,Crema salvadoreña,Dairy,1.5,0.0,1.5,12,18.0,Cash,280
382,2024-10-04,10,Friday,3,San Miguel,San Miguel,16,Crema salvadoreña,Dairy,1.5,0.05,1.42,2,2.84,Cash,434
383,2024-01-04,1,Thursday,1,San Salvador Centro,San Salvador,3,Tamales de elote,Traditional Food,1.0,0.0,1.0,14,14.0,Credit card,119
384,2024-01-05,1,Friday,3,San Miguel,San Miguel,3,Tamales de elote,Traditional Food,1.0,0.05,0.95,7,6.65,Cash,31
385,2024-01-09,1,Tuesday,8,Chalatenango,Chalatenango,16,Crema salvadoreña,Dairy,1.5,0.05,1.42,1,1.42,Debit card,7
386,2024-10-01,10,Tuesday,5,Metrocentro,San Salvador,1,Pupusas de queso,Traditional Food,0.5,0.0,0.5,10,5.0,Debit card,358
387,2024-02-24,2,Saturday,3,San Miguel,San Miguel,14,Frijoles rojos 1lb,Groceries,1.2,0.05,1.14,4,4.56,Cash,99
388,2024-06-30,6,Sunday,5,Metrocentro,San Salvador,17,Queso duro blando,Dairy,3.5,0.15,2.98,9,26.82,Cash,192
389,2024-10-16,10,Wednesday,8,Chalatenango,Chalatenango,13,Aceite vegetal 1L,Groceries,2.8,0.1,2.52,8,20.16,Cash,351
390,2024-02-17,2,Saturday,1,San Salvador Centro,San Salvador,3,Tamales de elote,Traditional Food,1.0,0.0,1.0,13,13.0,Cash,244
391,2024-12-25,12,Wednesday,1,San Salvador Centro,San Salvador,2,Pupusas de frijol,Traditional Food,0.5,0.0,0.5,6,3.0,Cash,223
392,2024-09-27,9,Friday,2,Santa Ana,Santa Ana,11,Jarrito de barro,Handicrafts,8.0,0.0,8.0,2,16.0,Cash,445
393,2024-01-24,1,Wednesday,5,Metrocentro,San Salvador,16,Crema salvadoreña,Dairy,1.5,0.1,1.35,3,4.05,Bitcoin,461
394,2024-04-01,4,Monday,1,San Salvador Centro,San Salvador,18,Curtido en frasco,Groceries,2.0,0.0,2.0,11,22.0,Transfer,301
395,2024-02-09,2,Friday,7,La Libertad,La Libertad,5,Atol de elote,Beverages,1.0,0.0,1.0,10,10.0,Debit card,291
396,2024-07-15,7,Monday,6,Usulután,Usulután,13,Aceite vegetal 1L,Groceries,2.8,0.15,2.38,5,11.9,Transfer,371
397,2024-01-28,1,Sunday,6,Usulután,Usulután,3,Tamales de elote,Traditional Food,1.0,0.0,1.0,4,4.0,Cash,39
398,2024-06-16,6,Sunday,7,La Libertad,La Libertad,11,Jarrito de barro,Handicrafts,8.0,0.1,7.2,1,7.2,Cash,231
399,2024-07-01,7,Monday,4,Soyapango,San Salvador,16,Crema salvadoreña,Dairy,1.5,0.0,1.5,18,27.0,Cash,349
400,2024-11-12,11,Tuesday,2,Santa Ana,Santa Ana,13,Aceite vegetal 1L,Groceries,2.8,0.15,2.38,10,23.8,Cash,38
401,2024-03-19,3,Tuesday,5,Metrocentro,San Salvador,3,Tamales de elote,Traditional Food,1.0,0.1,0.9,13,11.7,Credit card,79
402,2024-07-03,7,Wednesday,6,Usulután,Usulután,13,Aceite vegetal 1L,Groceries,2.8,0.0,2.8,4,11.2,Cash,158
403,2024-05-18,5,Saturday,6,Usulután,Usulután,15,Arroz blanco 1lb,Groceries,0.9,0.0,0.9,4,3.6,Cash,221
404,2024-02-22,2,Thursday,7,La Libertad,La Libertad,15,Arroz blanco 1lb,Groceries,0.9,0.0,0.9,1,0.9,Cash,48
405,2024-01-07,1,Sunday,7,La Libertad,La Libertad,11,Jarrito de barro,Handicrafts,8.0,0.0,8.0,10,80.0,Cash,44
406,2024-10-19,10,Saturday,4,Soyapango,San Salvador,18,Curtido en frasco,Groceries,2.0,0.0,2.0,17,34.0,Debit card,87
407,2024-06-03,6,Monday,5,Metrocentro,San Salvador,5,Atol de elote,Beverages,1.0,0.0,1.0,9,9.0,Cash,86
408,2024-08-03,8,Saturday,5,Metrocentro,San Salvador,14,Frijoles rojos 1lb,Groceries,1.2,0.0,1.2,10,12.0,Credit card,185
409,2024-11-16,11,Saturday,4,Soyapango,San Salvador,9,Camisa guayabera,Clothing,18.0,0.05,17.1,16,273.6,Debit card,235
410,2024-06-04,6,Tuesday,3,San Miguel,San Miguel,4,Yuca frita,Traditional Food,2.5,0.0,2.5,1,2.5,Cash,318
411,2024-08-13,8,Tuesday,6,Usulután,Usulután,13,Aceite vegetal 1L,Groceries,2.8,0.0,2.8,11,30.8,Credit card,441
412,2024-06-13,6,Thursday,5,Metrocentro,San Salvador,5,Atol de elote,Beverages,1.0,0.1,0.9,20,18.0,Cash,161
413,2024-06-12,6,Wednesday,7,La Libertad,La Libertad,6,Kolachampán,Beverages,0.75,0.1,0.68,10,6.8,Debit card,252
414,2024-07-11,7,Thursday,6,Usulután,Usulután,8,Fresco de tamarindo,Beverages,0.75,0.15,0.64,9,5.76,Credit card,187
415,2024-10-30,10,Wednesday,4,Soyapango,San Salvador,4,Yuca frita,Traditional Food,2.5,0.0,2.5,18,45.0,Debit card,282
416,2024-12-28,12,Saturday,8,Chalatenango,Chalatenango,1,Pupusas de queso,Traditional Food,0.5,0.0,0.5,7,3.5,Credit card,426
417,2024-12-10,12,Tuesday,7,La Libertad,La Libertad,3,Tamales de elote,Traditional Food,1.0,0.0,1.0,16,16.0,Debit card,124
418,2024-08-04,8,Sunday,3,San Miguel,San Miguel,9,Camisa guayabera,Clothing,18.0,0.0,18.0,13,234.0,Cash,307
419,2024-09-30,9,Monday,7,La Libertad,La Libertad,16,Crema salvadoreña,Dairy,1.5,0.15,1.27,17,21.59,Debit card,279
420,2024-12-25,12,Wednesday,6,Usulután,Usulután,2,Pupusas de frijol,Traditional Food,0.5,0.05,0.47,18,8.46,Debit card,44
421,2024-12-02,12,Monday,4,Soyapango,San Salvador,4,Yuca frita,Traditional Food,2.5,0.0,2.5,12,30.0,Debit card,23
422,2024-08-08,8,Thursday,6,Usulután,Usulután,13,Aceite vegetal 1L,Groceries,2.8,0.0,2.8,4,11.2,Cash,114
423,2024-08-16,8,Friday,4,Soyapango,San Salvador,17,Queso duro blando,Dairy,3.5,0.0,3.5,12,42.0,Cash,348
424,2024-06-25,6,Tuesday,3,San Miguel,San Miguel,17,Queso duro blando,Dairy,3.5,0.0,3.5,1,3.5,Cash,213
425,2024-03-13,3,Wednesday,2,Santa Ana,Santa Ana,3,Tamales de elote,Traditional Food,1.0,0.0,1.0,12,12.0,Cash,402
426,2024-06-27,6,Thursday,8,Chalatenango,Chalatenango,7,Café salvadoreño,Beverages,1.5,0.0,1.5,16,24.0,Cash,357
427,2024-02-04,2,Sunday,6,Usulután,Usulután,15,Arroz blanco 1lb,Groceries,0.9,0.0,0.9,10,9.0,Credit card,59
428,2024-11-27,11,Wednesday,6,Usulután,Usulután,1,Pupusas de queso,Traditional Food,0.5,0.1,0.45,4,1.8,Credit card,477
429,2024-10-09,10,Wednesday,3,San Miguel,San Miguel,8,Fresco de tamarindo,Beverages,0.75,0.0,0.75,6,4.5,Debit card,491
430,2024-07-26,7,Friday,4,Soyapango,San Salvador,15,Arroz blanco 1lb,Groceries,0.9,0.0,0.9,6,5.4,Debit card,222
431,2024-11-10,11,Sunday,1,San Salvador Centro,San Salvador,13,Aceite vegetal 1L,Groceries,2.8,0.0,2.8,7,19.6,Debit card,200
432,2024-04-15,4,Monday,4,Soyapango,San Salvador,1,Pupusas de queso,Traditional Food,0.5,0.15,0.42,9,3.78,Debit card,408
433,2024-10-01,10,Tuesday,2,Santa Ana,Santa Ana,3,Tamales de elote,Traditional Food,1.0,0.0,1.0,6,6.0,Cash,235
434,2024-12-09,12,Monday,5,Metrocentro,San Salvador,4,Yuca frita,Traditional Food,2.5,0.05,2.38,16,38.08,Transfer,161
435,2024-10-27,10,Sunday,7,La Libertad,La Libertad,13,Aceite vegetal 1L,Groceries,2.8,0.0,2.8,4,11.2,Cash,235
436,2024-11-10,11,Sunday,5,Metrocentro,San Salvador,6,Kolachampán,Beverages,0.75,0.0,0.75,19,14.25,Debit card,161
437,2024-06-05,6,Wednesday,4,Soyapango,San Salvador,4,Yuca frita,Traditional Food,2.5,0.0,2.5,4,10.0,Cash,73
438,2024-08-02,8,Friday,7,La Libertad,La Libertad,17,Queso duro blando,Dairy,3.5,0.0,3.5,20,70.0,Debit card,217
439,2024-11-21,11,Thursday,8,Chalatenango,Chalatenango,6,Kolachampán,Beverages,0.75,0.1,0.68,18,12.24,Bitcoin,477
440,2024-09-07,9,Saturday,3,San Miguel,San Miguel,6,Kolachampán,Beverages,0.75,0.0,0.75,10,7.5,Cash,432
441,2024-07-02,7,Tuesday,1,San Salvador Centro,San Salvador,15,Arroz blanco 1lb,Groceries,0.9,0.0,0.9,1,0.9,Cash,418
442,2024-07-28,7,Sunday,8,Chalatenango,Chalatenango,13,Aceite vegetal 1L,Groceries,2.8,0.0,2.8,16,44.8,Debit card,228
443,2024-02-12,2,Monday,3,San Miguel,San Miguel,16,Crema salvadoreña,Dairy,1.5,0.0,1.5,19,28.5,Credit card,113
444,2024-05-20,5,Monday,1,San Salvador Centro,San Salvador,10,Hamaca artesanal,Handicrafts,35.0,0.05,33.25,8,266.0,Cash,400
445,2024-10-08,10,Tuesday,8,Chalatenango,Chalatenango,15,Arroz blanco 1lb,Groceries,0.9,0.0,0.9,17,15.3,Debit card,138
446,2024-10-04,10,Friday,6,Usulután,Usulután,18,Curtido en frasco,Groceries,2.0,0.15,1.7,2,3.4,Debit card,280
447,2024-02-22,2,Thursday,7,La Libertad,La Libertad,7,Café salvadoreño,Beverages,1.5,0.0,1.5,8,12.0,Credit card,17
448,2024-06-27,6,Thursday,5,Metrocentro,San Salvador,15,Arroz blanco 1lb,Groceries,0.9,0.0,0.9,3,2.7,Credit card,61
449,2024-10-28,10,Monday,4,Soyapango,San Salvador,8,Fresco de tamarindo,Beverages,0.75,0.15,0.64,12,7.68,Debit card,324
450,2024-11-11,11,Monday,3,San Miguel,San Miguel,14,Frijoles rojos 1lb,Groceries,1.2,0.15,1.02,5,5.1,Cash,106
451,2024-09-29,9,Sunday,6,Usulután,Usulután,2,Pupusas de frijol,Traditional Food,0.5,0.05,0.47,9,4.23,Debit card,166
452,2024-10-20,10,Sunday,5,Metrocentro,San Salvador,10,Hamaca artesanal,Handicrafts,35.0,0.15,29.75,9,267.75,Debit card,461
453,2024-07-29,7,Monday,3,San Miguel,San Miguel,4,Yuca frita,Traditional Food,2.5,0.0,2.5,2,5.0,Credit card,65
454,2024-03-15,3,Friday,4,Soyapango,San Salvador,5,Atol de elote,Beverages,1.0,0.15,0.85,11,9.35,Cash,432
455,2024-03-13,3,Wednesday,8,Chalatenango,Chalatenango,13,Aceite vegetal 1L,Groceries,2.8,0.1,2.52,19,47.88,Cash,213
456,2024-02-08,2,Thursday,8,Chalatenango,Chalatenango,13,Aceite vegetal 1L,Groceries,2.8,0.0,2.8,3,8.4,Debit card,143
457,2024-09-06,9,Friday,8,Chalatenango,Chalatenango,12,Canasta de palma,Handicrafts,12.0,0.05,11.4,11,125.4,Cash,397
458,2024-11-21,11,Thursday,8,Chalatenango,Chalatenango,3,Tamales de elote,Traditional Food,1.0,0.15,0.85,12,10.2,Cash,274
459,2024-08-07,8,Wednesday,4,Soyapango,San Salvador,13,Aceite vegetal 1L,Groceries,2.8,0.0,2.8,7,19.6,Cash,425
460,2024-10-07,10,Monday,6,Usulután,Usulután,10,Hamaca artesanal,Handicrafts,35.0,0.0,35.0,19,665.0,Debit card,249
461,2024-01-24,1,Wednesday,1,San Salvador Centro,San Salvador,11,Jarrito de barro,Handicrafts,8.0,0.1,7.2,4,28.8,Credit card,236
462,2024-03-21,3,Thursday,2,Santa Ana,Santa Ana,1,Pupusas de queso,Traditional Food,0.5,0.0,0.5,15,7.5,Cash,491
463,2024-12-18,12,Wednesday,4,Soyapango,San Salvador,14,Frijoles rojos 1lb,Groceries,1.2,0.1,1.08,5,5.4,Cash,448
464,2024-12-01,12,Sunday,2,Santa Ana,Santa Ana,9,Camisa guayabera,Clothing,18.0,0.0,18.0,12,216.0,Cash,341
465,2024-07-21,7,Sunday,1,San Salvador Centro,San Salvador,6,Kolachampán,Beverages,0.75,0.1,0.68,10,6.8,Debit card,120
466,2024-12-26,12,Thursday,2,Santa Ana,Santa Ana,14,Frijoles rojos 1lb,Groceries,1.2,0.0,1.2,4,4.8,Cash,40
467,2024-09-22,9,Sunday,4,Soyapango,San Salvador,5,Atol de elote,Beverages,1.0,0.0,1.0,15,15.0,Cash,176
468,2024-12-21,12,Saturday,7,La Libertad,La Libertad,4,Yuca frita,Traditional Food,2.5,0.0,2.5,5,12.5,Cash,197
469,2024-02-22,2,Thursday,2,Santa Ana,Santa Ana,3,Tamales de elote,Traditional Food,1.0,0.0,1.0,11,11.0,Credit card,71
470,2024-11-24,11,Sunday,3,San Miguel,San Miguel,13,Aceite vegetal 1L,Groceries,2.8,0.0,2.8,5,14.0,Debit card,5
471,2024-06-28,6,Friday,8,Chalatenango,Chalatenango,6,Kolachampán,Beverages,0.75,0.1,0.68,7,4.76,Debit card,471
472,2024-04-21,4,Sunday,8,Chalatenango,Chalatenango,14,Frijoles rojos 1lb,Groceries,1.2,0.0,1.2,3,3.6,Cash,64
473,2024-08-07,8,Wednesday,6,Usulután,Usulután,13,Aceite vegetal 1L,Groceries,2.8,0.15,2.38,11,26.18,Cash,142
474,2024-10-10,10,Thursday,4,Soyapango,San Salvador,3,Tamales de elote,Traditional Food,1.0,0.05,0.95,20,19.0,Debit card,146
475,2024-04-15,4,Monday,5,Metrocentro,San Salvador,1,Pupusas de queso,Traditional Food,0.5,0.05,0.47,17,7.99,Debit card,383
476,2024-11-26,11,Tuesday,5,Metrocentro,San Salvador,13,Aceite vegetal 1L,Groceries,2.8,0.15,2.38,2,4.76,Credit card,489
477,2024-07-16,7,Tuesday,8,Chalatenango,Chalatenango,8,Fresco de tamarindo,Beverages,0.75,0.0,0.75,4,3.0,Cash,305
478,2024-07-03,7,Wednesday,1,San Salvador Centro,San Salvador,3,Tamales de elote,Traditional Food,1.0,0.0,1.0,11,11.0,Cash,430
479,2024-10-06,10,Sunday,6,Usulután,Usulután,14,Frijoles rojos 1lb,Groceries,1.2,0.15,1.02,6,6.12,Cash,395
480,2024-10-27,10,Sunday,1,San Salvador Centro,San Salvador,3,Tamales de elote,Traditional Food,1.0,0.0,1.0,3,3.0,Cash,21
481,2024-09-16,9,Monday,7,La Libertad,La Libertad,2,Pupusas de frijol,Traditional Food,0.5,0.1,0.45,10,4.5,Debit card,393
482,2024-12-25,12,Wednesday,7,La Libertad,La Libertad,14,Frijoles rojos 1lb,Groceries,1.2,0.0,1.2,13,15.6,Debit card,276
483,2024-02-12,2,Monday,5,Metrocentro,San Salvador,5,Atol de elote,Beverages,1.0,0.0,1.0,10,10.0,Debit card,105
484,2024-07-19,7,Friday,6,Usulután,Usulután,5,Atol de elote,Beverages,1.0,0.1,0.9,19,17.1,Credit card,333
485,2024-12-23,12,Monday,5,Metrocentro,San Salvador,3,Tamales de elote,Traditional Food,1.0,0.1,0.9,14,12.6,Transfer,123
486,2024-02-14,2,Wednesday,4,Soyapango,San Salvador,2,Pupusas de frijol,Traditional Food,0.5,0.0,0.5,14,7.0,Cash,312
487,2024-12-07,12,Saturday,5,Metrocentro,San Salvador,2,Pupusas de frijol,Traditional Food,0.5,0.0,0.5,6,3.0,Cash,71
488,2024-09-11,9,Wednesday,3,San Miguel,San Miguel,1,Pupusas de queso,Traditional Food,0.5,0.05,0.47,12,5.64,Debit card,422
489,2024-07-09,7,Tuesday,3,San Miguel,San Miguel,9,Camisa guayabera,Clothing,18.0,0.1,16.2,5,81.0,Credit card,138
490,2024-06-20,6,Thursday,1,San Salvador Centro,San Salvador,4,Yuca frita,Traditional Food,2.5,0.0,2.5,14,35.0,Debit card,135
491,2024-08-21,8,Wednesday,8,Chalatenango,Chalatenango,3,Tamales de elote,Traditional Food,1.0,0.0,1.0,17,17.0,Cash,440
492,2024-03-21,3,Thursday,6,Usulután,Usulután,6,Kolachampán,Beverages,0.75,0.15,0.64,9,5.76,Cash,294
493,2024-09-17,9,Tuesday,4,Soyapango,San Salvador,4,Yuca frita,Traditional Food,2.5,0.0,2.5,1,2.5,Credit card,7
494,2024-08-29,8,Thursday,1,San Salvador Centro,San Salvador,8,Fresco de tamarindo,Beverages,0.75,0.0,0.75,12,9.0,Bitcoin,92
495,2024-04-24,4,Wednesday,7,La Libertad,La Libertad,2,Pupusas de frijol,Traditional Food,0.5,0.0,0.5,11,5.5,Cash,369
496,2024-02-09,2,Friday,5,Metrocentro,San Salvador,11,Jarrito de barro,Handicrafts,8.0,0.0,8.0,19,152.0,Cash,345
497,2024-04-24,4,Wednesday,3,San Miguel,San Miguel,2,Pupusas de frijol,Traditional Food,0.5,0.0,0.5,17,8.5,Transfer,36
498,2024-06-08,6,Saturday,5,Metrocentro,San Salvador,15,Arroz blanco 1lb,Groceries,0.9,0.0,0.9,11,9.9,Debit card,5
499,2024-05-29,5,Wednesday,4,Soyapango,San Salvador,12,Canasta de palma,Handicrafts,12.0,0.15,10.2,19,193.8,Cash,319
500,2024-07-07,7,Sunday,8,Chalatenango,Chalatenango,8,Fresco de tamarindo,Beverages,0.75,0.0,0.75,19,14.25,Transfer,398
501,2024-03-18,3,Monday,4,Soyapango,San Salvador,7,Café salvadoreño,Beverages,1.5,0.0,1.5,1,1.5,Cash,278
502,2024-06-20,6,Thursday,1,San Salvador Centro,San Salvador,12,Canasta de palma,Handicrafts,12.0,0.15,10.2,1,10.2,Debit card,435
503,2024-04-15,4,Monday,2,Santa Ana,Santa Ana,10,Hamaca artesanal,Handicrafts,35.0,0.0,35.0,17,595.0,Cash,493
504,2024-12-30,12,Monday,3,San Miguel,San Miguel,2,Pupusas de frijol,Traditional Food,0.5,0.0,0.5,9,4.5,Cash,119
505,2024-12-24,12,Tuesday,7,La Libertad,La Libertad,17,Queso duro blando,Dairy,3.5,0.0,3.5,12,42.0,Transfer,44
506,2024-11-22,11,Friday,3,San Miguel,San Miguel,4,Yuca frita,Traditional Food,2.5,0.0,2.5,13,32.5,Debit card,32
507,2024-05-01,5,Wednesday,3,San Miguel,San Miguel,14,Frijoles rojos 1lb,Groceries,1.2,0.0,1.2,10,12.0,Credit card,475
508,2024-06-11,6,Tuesday,6,Usulután,Usulután,13,Aceite vegetal 1L,Groceries,2.8,0.0,2.8,15,42.0,Cash,484
509,2024-10-26,10,Saturday,3,San Miguel,San Miguel,7,Café salvadoreño,Beverages,1.5,0.0,1.5,4,6.0,Cash,231
510,2024-07-27,7,Saturday,6,Usulután,Usulután,15,Arroz blanco 1lb,Groceries,0.9,0.05,0.85,4,3.4,Cash,395
511,2024-06-06,6,Thursday,8,Chalatenango,Chalatenango,7,Café salvadoreño,Beverages,1.5,0.0,1.5,15,22.5,Credit card,47
512,2024-12-26,12,Thursday,5,Metrocentro,San Salvador,6,Kolachampán,Beverages,0.75,0.0,0.75,20,15.0,Cash,439
513,2024-02-16,2,Friday,3,San Miguel,San Miguel,11,Jarrito de barro,Handicrafts,8.0,0.0,8.0,8,64.0,Cash,26
514,2024-03-30,3,Saturday,5,Metrocentro,San Salvador,10,Hamaca artesanal,Handicrafts,35.0,0.0,35.0,1,35.0,Credit card,285
515,2024-02-18,2,Sunday,4,Soyapango,San Salvador,18,Curtido en frasco,Groceries,2.0,0.0,2.0,15,30.0,Credit card,72
516,2024-02-01,2,Thursday,1,San Salvador Centro,San Salvador,4,Yuca frita,Traditional Food,2.5,0.0,2.5,8,20.0,Cash,206
517,2024-10-25,10,Friday,2,Santa Ana,Santa Ana,12,Canasta de palma,Handicrafts,12.0,0.0,12.0,19,228.0,Bitcoin,39
518,2024-04-11,4,Thursday,2,Santa Ana,Santa Ana,1,Pupusas de queso,Traditional Food,0.5,0.15,0.42,15,6.3,Cash,464
519,2024-01-22,1,Monday,2,Santa Ana,Santa Ana,11,Jarrito de barro,Handicrafts,8.0,0.0,8.0,15,120.0,Cash,294
520,2024-09-11,9,Wednesday,7,La Libertad,La Libertad,14,Frijoles rojos 1lb,Groceries,1.2,0.0,1.2,1,1.2,Debit card,89
521,2024-04-05,4,Friday,4,Soyapango,San Salvador,12,Canasta de palma,Handicrafts,12.0,0.0,12.0,9,108.0,Cash,77
522,2024-11-27,11,Wednesday,4,Soyapango,San Salvador,2,Pupusas de frijol,Traditional Food,0.5,0.0,0.5,10,5.0,Cash,282
523,2024-02-14,2,Wednesday,1,San Salvador Centro,San Salvador,16,Crema salvadoreña,Dairy,1.5,0.0,1.5,9,13.5,Cash,103
524,2024-11-18,11,Monday,4,Soyapango,San Salvador,17,Queso duro blando,Dairy,3.5,0.15,2.98,18,53.64,Cash,196
525,2024-10-05,10,Saturday,8,Chalatenango,Chalatenango,12,Canasta de palma,Handicrafts,12.0,0.0,12.0,16,192.0,Bitcoin,258
526,2024-05-18,5,Saturday,7,La Libertad,La Libertad,11,Jarrito de barro,Handicrafts,8.0,0.0,8.0,6,48.0,Cash,113
527,2024-01-30,1,Tuesday,5,Metrocentro,San Salvador,1,Pupusas de queso,Traditional Food,0.5,0.05,0.47,16,7.52,Cash,300
528,2024-02-21,2,Wednesday,3,San Miguel,San Miguel,8,Fresco de tamarindo,Beverages,0.75,0.1,0.68,8,5.44,Cash,274
529,2024-10-21,10,Monday,4,Soyapango,San Salvador,2,Pupusas de frijol,Traditional Food,0.5,0.0,0.5,13,6.5,Bitcoin,433
530,2024-05-01,5,Wednesday,3,San Miguel,San Miguel,6,Kolachampán,Beverages,0.75,0.0,0.75,19,14.25,Credit card,358
531,2024-12-26,12,Thursday,1,San Salvador Centro,San Salvador,12,Canasta de palma,Handicrafts,12.0,0.05,11.4,12,136.8,Debit card,289
532,2024-10-04,10,Friday,8,Chalatenango,Chalatenango,7,Café salvadoreño,Beverages,1.5,0.0,1.5,10,15.0,Cash,47
533,2024-11-04,11,Monday,4,Soyapango,San Salvador,2,Pupusas de frijol,Traditional Food,0.5,0.0,0.5,8,4.0,Debit card,1
534,2024-03-07,3,Thursday,4,Soyapango,San Salvador,11,Jarrito de barro,Handicrafts,8.0,0.1,7.2,11,79.2,Cash,411
535,2024-01-12,1,Friday,1,San Salvador Centro,San Salvador,11,Jarrito de barro,Handicrafts,8.0,0.05,7.6,5,38.0,Debit card,73
536,2024-02-07,2,Wednesday,6,Usulután,Usulután,4,Yuca frita,Traditional Food,2.5,0.1,2.25,12,27.0,Bitcoin,203
537,2024-06-03,6,Monday,6,Usulután,Usulután,4,Yuca frita,Traditional Food,2.5,0.0,2.5,11,27.5,Transfer,375
538,2024-11-28,11,Thursday,8,Chalatenango,Chalatenango,14,Frijoles rojos 1lb,Groceries,1.2,0.0,1.2,11,13.2,Debit card,288
539,2024-12-06,12,Friday,4,Soyapango,San Salvador,12,Canasta de palma,Handicrafts,12.0,0.15,10.2,19,193.8,Cash,158
540,2024-03-31,3,Sunday,3,San Miguel,San Miguel,10,Hamaca artesanal,Handicrafts,35.0,0.1,31.5,1,31.5,Bitcoin,201
541,2024-11-04,11,Monday,3,San Miguel,San Miguel,2,Pupusas de frijol,Traditional Food,0.5,0.15,0.42,11,4.62,Transfer,114
542,2024-03-13,3,Wednesday,8,Chalatenango,Chalatenango,4,Yuca frita,Traditional Food,2.5,0.1,2.25,11,24.75,Cash,178
543,2024-11-21,11,Thursday,3,San Miguel,San Miguel,11,Jarrito de barro,Handicrafts,8.0,0.15,6.8,3,20.4,Debit card,328
544,2024-01-06,1,Saturday,8,Chalatenango,Chalatenango,11,Jarrito de barro,Handicrafts,8.0,0.0,8.0,9,72.0,Cash,35
545,2024-02-25,2,Sunday,5,Metrocentro,San Salvador,12,Canasta de palma,Handicrafts,12.0,0.0,12.0,1,12.0,Cash,376
546,2024-07-30,7,Tuesday,3,San Miguel,San Miguel,14,Frijoles rojos 1lb,Groceries,1.2,0.0,1.2,16,19.2,Cash,193
547,2024-10-22,10,Tuesday,8,Chalatenango,Chalatenango,4,Yuca frita,Traditional Food,2.5,0.0,2.5,8,20.0,Cash,410
548,2024-01-11,1,Thursday,5,Metrocentro,San Salvador,2,Pupusas de frijol,Traditional Food,0.5,0.0,0.5,11,5.5,Transfer,38
549,2024-07-11,7,Thursday,3,San Miguel,San Miguel,11,Jarrito de barro,Handicrafts,8.0,0.1,7.2,6,43.2,Cash,483
550,2024-10-31,10,Thursday,6,Usulután,Usulután,3,Tamales de elote,Traditional Food,1.0,0.0,1.0,20,20.0,Debit card,221
551,2024-03-21,3,Thursday,7,La Libertad,La Libertad,6,Kolachampán,Beverages,0.75,0.0,0.75,2,1.5,Cash,499
552,2024-12-22,12,Sunday,7,La Libertad,La Libertad,7,Café salvadoreño,Beverages,1.5,0.1,1.35,18,24.3,Bitcoin,277
553,2024-06-01,6,Saturday,5,Metrocentro,San Salvador,9,Camisa guayabera,Clothing,18.0,0.0,18.0,8,144.0,Cash,293
554,2024-03-19,3,Tuesday,8,Chalatenango,Chalatenango,18,Curtido en frasco,Groceries,2.0,0.0,2.0,2,4.0,Cash,45
555,2024-04-12,4,Friday,8,Chalatenango,Chalatenango,10,Hamaca artesanal,Handicrafts,35.0,0.0,35.0,4,140.0,Cash,327
556,2024-08-30,8,Friday,2,Santa Ana,Santa Ana,10,Hamaca artesanal,Handicrafts,35.0,0.0,35.0,4,140.0,Credit card,242
557,2024-02-16,2,Friday,5,Metrocentro,San Salvador,16,Crema salvadoreña,Dairy,1.5,0.0,1.5,18,27.0,Cash,454
558,2024-04-05,4,Friday,6,Usulután,Usulután,13,Aceite vegetal 1L,Groceries,2.8,0.0,2.8,15,42.0,Cash,239
559,2024-05-17,5,Friday,4,Soyapango,San Salvador,9,Camisa guayabera,Clothing,18.0,0.0,18.0,19,342.0,Cash,357
560,2024-12-08,12,Sunday,2,Santa Ana,Santa Ana,4,Yuca frita,Traditional Food,2.5,0.15,2.12,12,25.44,Debit card,498
561,2024-07-17,7,Wednesday,1,San Salvador Centro,San Salvador,8,Fresco de tamarindo,Beverages,0.75,0.0,0.75,17,12.75,Transfer,352
562,2024-08-31,8,Saturday,4,Soyapango,San Salvador,16,Crema salvadoreña,Dairy,1.5,0.0,1.5,10,15.0,Cash,438
563,2024-03-02,3,Saturday,3,San Miguel,San Miguel,2,Pupusas de frijol,Traditional Food,0.5,0.0,0.5,15,7.5,Bitcoin,86
564,2024-03-05,3,Tuesday,4,Soyapango,San Salvador,7,Café salvadoreño,Beverages,1.5,0.0,1.5,2,3.0,Cash,350
565,2024-11-17,11,Sunday,4,Soyapango,San Salvador,14,Frijoles rojos 1lb,Groceries,1.2,0.15,1.02,5,5.1,Debit card,164
566,2024-07-17,7,Wednesday,2,Santa Ana,Santa Ana,3,Tamales de elote,Traditional Food,1.0,0.0,1.0,18,18.0,Debit card,439
567,2024-01-07,1,Sunday,8,Chalatenango,Chalatenango,9,Camisa guayabera,Clothing,18.0,0.05,17.1,20,342.0,Debit card,215
568,2024-03-17,3,Sunday,7,La Libertad,La Libertad,4,Yuca frita,Traditional Food,2.5,0.05,2.38,5,11.9,Debit card,389
569,2024-10-15,10,Tuesday,2,Santa Ana,Santa Ana,4,Yuca frita,Traditional Food,2.5,0.15,2.12,4,8.48,Cash,275
570,2024-05-15,5,Wednesday,7,La Libertad,La Libertad,12,Canasta de palma,Handicrafts,12.0,0.1,10.8,13,140.4,Cash,312
571,2024-03-29,3,Friday,1,San Salvador Centro,San Salvador,16,Crema salvadoreña,Dairy,1.5,0.0,1.5,9,13.5,Cash,312
572,2024-07-21,7,Sunday,1,San Salvador Centro,San Salvador,13,Aceite vegetal 1L,Groceries,2.8,0.1,2.52,11,27.72,Cash,382
573,2024-07-09,7,Tuesday,5,Metrocentro,San Salvador,16,Crema salvadoreña,Dairy,1.5,0.0,1.5,1,1.5,Credit card,156
574,2024-09-08,9,Sunday,5,Metrocentro,San Salvador,10,Hamaca artesanal,Handicrafts,35.0,0.15,29.75,4,119.0,Cash,154
575,2024-05-17,5,Friday,6,Usulután,Usulután,15,Arroz blanco 1lb,Groceries,0.9,0.05,0.85,14,11.9,Debit card,97
576,2024-07-27,7,Saturday,4,Soyapango,San Salvador,15,Arroz blanco 1lb,Groceries,0.9,0.15,0.77,16,12.32,Debit card,192
577,2024-02-03,2,Saturday,3,San Miguel,San Miguel,2,Pupusas de frijol,Traditional Food,0.5,0.1,0.45,10,4.5,Debit card,70
578,2024-03-29,3,Friday,1,San Salvador Centro,San Salvador,17,Queso duro blando,Dairy,3.5,0.15,2.98,7,20.86,Cash,30
579,2024-08-21,8,Wednesday,1,San Salvador Centro,San Salvador,8,Fresco de tamarindo,Beverages,0.75,0.0,0.75,2,1.5,Debit card,141
580,2024-09-15,9,Sunday,8,Chalatenango,Chalatenango,12,Canasta de palma,Handicrafts,12.0,0.1,10.8,13,140.4,Bitcoin,349
581,2024-07-09,7,Tuesday,4,Soyapango,San Salvador,1,Pupusas de queso,Traditional Food,0.5,0.05,0.47,16,7.52,Cash,492
582,2024-06-25,6,Tuesday,6,Usulután,Usulután,16,Crema salvadoreña,Dairy,1.5,0.15,1.27,6,7.62,Credit card,384
583,2024-01-15,1,Monday,5,Metrocentro,San Salvador,3,Tamales de elote,Traditional Food,1.0,0.0,1.0,13,13.0,Cash,293
584,2024-11-27,11,Wednesday,4,Soyapango,San Salvador,7,Café salvadoreño,Beverages,1.5,0.1,1.35,8,10.8,Cash,334
585,2024-12-15,12,Sunday,1,San Salvador Centro,San Salvador,14,Frijoles rojos 1lb,Groceries,1.2,0.0,1.2,1,1.2,Bitcoin,332
586,2024-04-24,4,Wednesday,1,San Salvador Centro,San Salvador,6,Kolachampán,Beverages,0.75,0.05,0.71,9,6.39,Credit card,157
587,2024-07-11,7,Thursday,7,La Libertad,La Libertad,9,Camisa guayabera,Clothing,18.0,0.0,18.0,12,216.0,Cash,239
588,2024-10-26,10,Saturday,7,La Libertad,La Libertad,10,Hamaca artesanal,Handicrafts,35.0,0.0,35.0,4,140.0,Debit card,340
589,2024-06-01,6,Saturday,5,Metrocentro,San Salvador,12,Canasta de palma,Handicrafts,12.0,0.0,12.0,4,48.0,Cash,142
590,2024-05-13,5,Monday,5,Metrocentro,San Salvador,11,Jarrito de barro,Handicrafts,8.0,0.0,8.0,10,80.0,Cash,392
591,2024-11-03,11,Sunday,1,San Salvador Centro,San Salvador,8,Fresco de tamarindo,Beverages,0.75,0.1,0.68,13,8.84,Cash,72
592,2024-05-31,5,Friday,8,Chalatenango,Chalatenango,1,Pupusas de queso,Traditional Food,0.5,0.0,0.5,9,4.5,Cash,378
593,2024-06-24,6,Monday,4,Soyapango,San Salvador,2,Pupusas de frijol,Traditional Food,0.5,0.1,0.45,8,3.6,Debit card,402
594,2024-09-16,9,Monday,6,Usulután,Usulután,16,Crema salvadoreña,Dairy,1.5,0.15,1.27,10,12.7,Cash,337
595,2024-05-30,5,Thursday,3,San Miguel,San Miguel,18,Curtido en frasco,Groceries,2.0,0.0,2.0,4,8.0,Cash,133
596,2024-12-14,12,Saturday,3,San Miguel,San Miguel,18,Curtido en frasco,Groceries,2.0,0.1,1.8,11,19.8,Cash,182
597,2024-08-03,8,Saturday,5,Metrocentro,San Salvador,8,Fresco de tamarindo,Beverages,0.75,0.0,0.75,11,8.25,Cash,151
598,2024-08-28,8,Wednesday,2,Santa Ana,Santa Ana,15,Arroz blanco 1lb,Groceries,0.9,0.15,0.77,2,1.54,Debit card,298
599,2024-04-09,4,Tuesday,8,Chalatenango,Chalatenango,3,Tamales de elote,Traditional Food,1.0,0.0,1.0,17,17.0,Credit card,196
600,2024-07-30,7,Tuesday,5,Metrocentro,San Salvador,17,Queso duro blando,Dairy,3.5,0.15,2.98,2,5.96,Credit card,71
601,2024-07-28,7,Sunday,6,Usulután,Usulután,7,Café salvadoreño,Beverages,1.5,0.0,1.5,19,28.5,Cash,442
602,2024-09-06,9,Friday,2,Santa Ana,Santa Ana,6,Kolachampán,Beverages,0.75,0.1,0.68,11,7.48,Transfer,161
603,2024-08-19,8,Monday,1,San Salvador Centro,San Salvador,2,Pupusas de frijol,Traditional Food,0.5,0.0,0.5,9,4.5,Credit card,87
604,2024-02-15,2,Thursday,8,Chalatenango,Chalatenango,6,Kolachampán,Beverages,0.75,0.05,0.71,5,3.55,Cash,220
605,2024-09-01,9,Sunday,7,La Libertad,La Libertad,13,Aceite vegetal 1L,Groceries,2.8,0.0,2.8,13,36.4,Cash,103
606,2024-06-13,6,Thursday,1,San Salvador Centro,San Salvador,12,Canasta de palma,Handicrafts,12.0,0.0,12.0,17,204.0,Cash,3
607,2024-12-21,12,Saturday,4,Soyapango,San Salvador,8,Fresco de tamarindo,Beverages,0.75,0.0,0.75,12,9.0,Cash,197
608,2024-03-26,3,Tuesday,5,Metrocentro,San Salvador,17,Queso duro blando,Dairy,3.5,0.15,2.98,3,8.94,Cash,486
609,2024-09-23,9,Monday,8,Chalatenango,Chalatenango,10,Hamaca artesanal,Handicrafts,35.0,0.05,33.25,20,665.0,Cash,455
610,2024-09-07,9,Saturday,6,Usulután,Usulután,5,Atol de elote,Beverages,1.0,0.15,0.85,12,10.2,Cash,486
611,2024-04-26,4,Friday,1,San Salvador Centro,San Salvador,13,Aceite vegetal 1L,Groceries,2.8,0.1,2.52,8,20.16,Transfer,109
612,2024-03-04,3,Monday,3,San Miguel,San Miguel,1,Pupusas de queso,Traditional Food,0.5,0.1,0.45,12,5.4,Debit card,20
613,2024-09-30,9,Monday,5,Metrocentro,San Salvador,13,Aceite vegetal 1L,Groceries,2.8,0.0,2.8,20,56.0,Debit card,25
614,2024-01-25,1,Thursday,1,San Salvador Centro,San Salvador,4,Yuca frita,Traditional Food,2.5,0.0,2.5,4,10.0,Cash,64
615,2024-08-30,8,Friday,5,Metrocentro,San Salvador,18,Curtido en frasco,Groceries,2.0,0.0,2.0,5,10.0,Debit card,323
616,2024-08-03,8,Saturday,5,Metrocentro,San Salvador,1,Pupusas de queso,Traditional Food,0.5,0.1,0.45,4,1.8,Debit card,319
617,2024-02-23,2,Friday,7,La Libertad,La Libertad,5,Atol de elote,Beverages,1.0,0.1,0.9,17,15.3,Debit card,145
618,2024-09-11,9,Wednesday,2,Santa Ana,Santa Ana,4,Yuca frita,Traditional Food,2.5,0.05,2.38,7,16.66,Cash,135
619,2024-07-02,7,Tuesday,4,Soyapango,San Salvador,17,Queso duro blando,Dairy,3.5,0.0,3.5,14,49.0,Cash,281
620,2024-12-18,12,Wednesday,4,Soyapango,San Salvador,16,Crema salvadoreña,Dairy,1.5,0.0,1.5,16,24.0,Cash,7
621,2024-10-20,10,Sunday,2,Santa Ana,Santa Ana,3,Tamales de elote,Traditional Food,1.0,0.0,1.0,16,16.0,Bitcoin,400
622,2024-02-21,2,Wednesday,2,Santa Ana,Santa Ana,17,Queso duro blando,Dairy,3.5,0.1,3.15,9,28.35,Cash,152
623,2024-01-26,1,Friday,8,Chalatenango,Chalatenango,9,Camisa guayabera,Clothing,18.0,0.15,15.3,4,61.2,Cash,21
624,2024-12-12,12,Thursday,6,Usulután,Usulután,10,Hamaca artesanal,Handicrafts,35.0,0.0,35.0,11,385.0,Debit card,49
625,2024-03-11,3,Monday,1,San Salvador Centro,San Salvador,2,Pupusas de frijol,Traditional Food,0.5,0.0,0.5,6,3.0,Cash,225
626,2024-07-09,7,Tuesday,2,Santa Ana,Santa Ana,9,Camisa guayabera,Clothing,18.0,0.0,18.0,11,198.0,Cash,205
627,2024-07-16,7,Tuesday,5,Metrocentro,San Salvador,15,Arroz blanco 1lb,Groceries,0.9,0.15,0.77,16,12.32,Cash,454
628,2024-03-08,3,Friday,2,Santa Ana,Santa Ana,6,Kolachampán,Beverages,0.75,0.15,0.64,2,1.28,Cash,214
629,2024-04-02,4,Tuesday,8,Chalatenango,Chalatenango,16,Crema salvadoreña,Dairy,1.5,0.0,1.5,20,30.0,Credit card,314
630,2024-09-04,9,Wednesday,3,San Miguel,San Miguel,1,Pupusas de queso,Traditional Food,0.5,0.0,0.5,16,8.0,Credit card,226
631,2024-05-13,5,Monday,2,Santa Ana,Santa Ana,2,Pupusas de frijol,Traditional Food,0.5,0.0,0.5,11,5.5,Debit card,348
632,2024-12-08,12,Sunday,4,Soyapango,San Salvador,17,Queso duro blando,Dairy,3.5,0.05,3.32,11,36.52,Debit card,359
633,2024-12-04,12,Wednesday,7,La Libertad,La Libertad,4,Yuca frita,Traditional Food,2.5,0.0,2.5,8,20.0,Cash,347
634,2024-10-12,10,Saturday,3,San Miguel,San Miguel,13,Aceite vegetal 1L,Groceries,2.8,0.0,2.8,20,56.0,Cash,479
635,2024-09-10,9,Tuesday,8,Chalatenango,Chalatenango,6,Kolachampán,Beverages,0.75,0.0,0.75,6,4.5,Credit card,165
636,2024-05-22,5,Wednesday,6,Usulután,Usulután,8,Fresco de tamarindo,Beverages,0.75,0.05,0.71,2,1.42,Cash,330
637,2024-04-30,4,Tuesday,7,La Libertad,La Libertad,13,Aceite vegetal 1L,Groceries,2.8,0.0,2.8,3,8.4,Cash,294
638,2024-09-12,9,Thursday,2,Santa Ana,Santa Ana,15,Arroz blanco 1lb,Groceries,0.9,0.0,0.9,15,13.5,Cash,255
639,2024-07-25,7,Thursday,2,Santa Ana,Santa Ana,1,Pupusas de queso,Traditional Food,0.5,0.0,0.5,14,7.0,Debit card,1
640,2024-09-17,9,Tuesday,5,Metrocentro,San Salvador,3,Tamales de elote,Traditional Food,1.0,0.0,1.0,18,18.0,Debit card,234
641,2024-01-28,1,Sunday,6,Usulután,Usulután,11,Jarrito de barro,Handicrafts,8.0,0.15,6.8,8,54.4,Cash,287
642,2024-08-19,8,Monday,6,Usulután,Usulután,16,Crema salvadoreña,Dairy,1.5,0.0,1.5,4,6.0,Credit card,114
643,2024-06-30,6,Sunday,6,Usulután,Usulután,1,Pupusas de queso,Traditional Food,0.5,0.05,0.47,10,4.7,Debit card,360
644,2024-03-25,3,Monday,1,San Salvador Centro,San Salvador,4,Yuca frita,Traditional Food,2.5,0.0,2.5,16,40.0,Credit card,381
645,2024-05-10,5,Friday,2,Santa Ana,Santa Ana,14,Frijoles rojos 1lb,Groceries,1.2,0.0,1.2,20,24.0,Cash,477
646,2024-08-22,8,Thursday,4,Soyapango,San Salvador,13,Aceite vegetal 1L,Groceries,2.8,0.1,2.52,7,17.64,Cash,388
647,2024-11-20,11,Wednesday,1,San Salvador Centro,San Salvador,14,Frijoles rojos 1lb,Groceries,1.2,0.0,1.2,19,22.8,Credit card,231
648,2024-09-12,9,Thursday,3,San Miguel,San Miguel,15,Arroz blanco 1lb,Groceries,0.9,0.05,0.85,1,0.85,Debit card,284
649,2024-09-17,9,Tuesday,8,Chalatenango,Chalatenango,14,Frijoles rojos 1lb,Groceries,1.2,0.1,1.08,6,6.48,Debit card,375
650,2024-07-17,7,Wednesday,2,Santa Ana,Santa Ana,5,Atol de elote,Beverages,1.0,0.05,0.95,20,19.0,Credit card,259
651,2024-11-07,11,Thursday,7,La Libertad,La Libertad,13,Aceite vegetal 1L,Groceries,2.8,0.0,2.8,8,22.4,Cash,176
652,2024-03-09,3,Saturday,8,Chalatenango,Chalatenango,10,Hamaca artesanal,Handicrafts,35.0,0.0,35.0,5,175.0,Debit card,454
653,2024-12-25,12,Wednesday,5,Metrocentro,San Salvador,17,Queso duro blando,Dairy,3.5,0.15,2.98,18,53.64,Cash,378
654,2024-04-12,4,Friday,4,Soyapango,San Salvador,18,Curtido en frasco,Groceries,2.0,0.05,1.9,7,13.3,Debit card,352
655,2024-12-29,12,Sunday,3,San Miguel,San Miguel,12,Canasta de palma,Handicrafts,12.0,0.05,11.4,6,68.4,Debit card,327
656,2024-06-29,6,Saturday,2,Santa Ana,Santa Ana,11,Jarrito de barro,Handicrafts,8.0,0.0,8.0,18,144.0,Debit card,483
657,2024-08-04,8,Sunday,5,Metrocentro,San Salvador,14,Frijoles rojos 1lb,Groceries,1.2,0.05,1.14,1,1.14,Cash,196
658,2024-12-09,12,Monday,1,San Salvador Centro,San Salvador,5,Atol de elote,Beverages,1.0,0.0,1.0,2,2.0,Cash,403
659,2024-12-15,12,Sunday,5,Metrocentro,San Salvador,6,Kolachampán,Beverages,0.75,0.0,0.75,9,6.75,Credit card,354
660,2024-10-04,10,Friday,4,Soyapango,San Salvador,10,Hamaca artesanal,Handicrafts,35.0,0.0,35.0,2,70.0,Credit card,53
661,2024-11-27,11,Wednesday,4,Soyapango,San Salvador,18,Curtido en frasco,Groceries,2.0,0.0,2.0,18,36.0,Cash,402
662,2024-07-14,7,Sunday,1,San Salvador Centro,San Salvador,10,Hamaca artesanal,Handicrafts,35.0,0.0,35.0,13,455.0,Transfer,500
663,2024-01-07,1,Sunday,1,San Salvador Centro,San Salvador,11,Jarrito de barro,Handicrafts,8.0,0.0,8.0,9,72.0,Debit card,400
664,2024-11-20,11,Wednesday,4,Soyapango,San Salvador,15,Arroz blanco 1lb,Groceries,0.9,0.15,0.77,12,9.24,Debit card,379
665,2024-05-30,5,Thursday,4,Soyapango,San Salvador,7,Café salvadoreño,Beverages,1.5,0.0,1.5,15,22.5,Transfer,39
666,2024-09-20,9,Friday,3,San Miguel,San Miguel,6,Kolachampán,Beverages,0.75,0.0,0.75,4,3.0,Cash,143
667,2024-03-07,3,Thursday,5,Metrocentro,San Salvador,18,Curtido en frasco,Groceries,2.0,0.05,1.9,6,11.4,Credit card,3
668,2024-12-29,12,Sunday,8,Chalatenango,Chalatenango,11,Jarrito de barro,Handicrafts,8.0,0.0,8.0,5,40.0,Cash,166
669,2024-09-08,9,Sunday,5,Metrocentro,San Salvador,2,Pupusas de frijol,Traditional Food,0.5,0.05,0.47,19,8.93,Cash,402
670,2024-04-04,4,Thursday,4,Soyapango,San Salvador,11,Jarrito de barro,Handicrafts,8.0,0.0,8.0,17,136.0,Credit card,82
671,2024-02-17,2,Saturday,7,La Libertad,La Libertad,14,Frijoles rojos 1lb,Groceries,1.2,0.0,1.2,12,14.4,Credit card,340
672,2024-07-03,7,Wednesday,6,Usulután,Usulután,11,Jarrito de barro,Handicrafts,8.0,0.0,8.0,10,80.0,Transfer,317
673,2024-10-14,10,Monday,8,Chalatenango,Chalatenango,17,Queso duro blando,Dairy,3.5,0.0,3.5,1,3.5,Debit card,229
674,2024-01-21,1,Sunday,4,Soyapango,San Salvador,8,Fresco de tamarindo,Beverages,0.75,0.0,0.75,11,8.25,Bitcoin,484
675,2024-05-11,5,Saturday,7,La Libertad,La Libertad,4,Yuca frita,Traditional Food,2.5,0.1,2.25,18,40.5,Cash,467
676,2024-09-20,9,Friday,6,Usulután,Usulután,17,Queso duro blando,Dairy,3.5,0.0,3.5,17,59.5,Cash,152
677,2024-09-20,9,Friday,6,Usulután,Usulután,7,Café salvadoreño,Beverages,1.5,0.0,1.5,3,4.5,Cash,490
678,2024-11-16,11,Saturday,1,San Salvador Centro,San Salvador,18,Curtido en frasco,Groceries,2.0,0.0,2.0,3,6.0,Debit card,397
679,2024-02-23,2,Friday,7,La Libertad,La Libertad,7,Café salvadoreño,Beverages,1.5,0.05,1.42,7,9.94,Credit card,450
680,2024-12-17,12,Tuesday,2,Santa Ana,Santa Ana,14,Frijoles rojos 1lb,Groceries,1.2,0.0,1.2,5,6.0,Cash,170
681,2024-02-07,2,Wednesday,2,Santa Ana,Santa Ana,2,Pupusas de frijol,Traditional Food,0.5,0.0,0.5,2,1.0,Credit card,286
682,2024-05-12,5,Sunday,4,Soyapango,San Salvador,3,Tamales de elote,Traditional Food,1.0,0.0,1.0,14,14.0,Cash,208
683,2024-01-09,1,Tuesday,6,Usulután,Usulután,14,Frijoles rojos 1lb,Groceries,1.2,0.1,1.08,13,14.04,Cash,4
684,2024-12-24,12,Tuesday,1,San Salvador Centro,San Salvador,3,Tamales de elote,Traditional Food,1.0,0.0,1.0,3,3.0,Bitcoin,55
685,2024-11-06,11,Wednesday,5,Metrocentro,San Salvador,10,Hamaca artesanal,Handicrafts,35.0,0.0,35.0,3,105.0,Credit card,225
686,2024-12-04,12,Wednesday,7,La Libertad,La Libertad,13,Aceite vegetal 1L,Groceries,2.8,0.0,2.8,1,2.8,Cash,113
687,2024-10-06,10,Sunday,7,La Libertad,La Libertad,5,Atol de elote,Beverages,1.0,0.1,0.9,10,9.0,Cash,347
688,2024-10-10,10,Thursday,1,San Salvador Centro,San Salvador,12,Canasta de palma,Handicrafts,12.0,0.0,12.0,18,216.0,Cash,3
689,2024-06-05,6,Wednesday,2,Santa Ana,Santa Ana,13,Aceite vegetal 1L,Groceries,2.8,0.1,2.52,7,17.64,Debit card,372
690,2024-07-30,7,Tuesday,4,Soyapango,San Salvador,12,Canasta de palma,Handicrafts,12.0,0.0,12.0,17,204.0,Cash,114
691,2024-02-28,2,Wednesday,4,Soyapango,San Salvador,9,Camisa guayabera,Clothing,18.0,0.1,16.2,6,97.2,Credit card,437
692,2024-11-26,11,Tuesday,8,Chalatenango,Chalatenango,2,Pupusas de frijol,Traditional Food,0.5,0.0,0.5,18,9.0,Cash,35
693,2024-04-11,4,Thursday,2,Santa Ana,Santa Ana,9,Camisa guayabera,Clothing,18.0,0.0,18.0,19,342.0,Transfer,183
694,2024-02-21,2,Wednesday,4,Soyapango,San Salvador,5,Atol de elote,Beverages,1.0,0.05,0.95,10,9.5,Cash,100
695,2024-08-18,8,Sunday,8,Chalatenango,Chalatenango,11,Jarrito de barro,Handicrafts,8.0,0.05,7.6,11,83.6,Debit card,356
696,2024-06-10,6,Monday,6,Usulután,Usulután,5,Atol de elote,Beverages,1.0,0.0,1.0,14,14.0,Cash,127
697,2024-05-21,5,Tuesday,7,La Libertad,La Libertad,8,Fresco de tamarindo,Beverages,0.75,0.0,0.75,12,9.0,Debit card,170
698,2024-08-16,8,Friday,8,Chalatenango,Chalatenango,16,Crema salvadoreña,Dairy,1.5,0.15,1.27,12,15.24,Cash,283
699,2024-11-26,11,Tuesday,3,San Miguel,San Miguel,4,Yuca frita,Traditional Food,2.5,0.0,2.5,20,50.0,Credit card,440
700,2024-05-14,5,Tuesday,4,Soyapango,San Salvador,5,Atol de elote,Beverages,1.0,0.1,0.9,3,2.7,Cash,10
701,2024-10-24,10,Thursday,1,San Salvador Centro,San Salvador,17,Queso duro blando,Dairy,3.5,0.0,3.5,19,66.5,Credit card,109
702,2024-10-05,10,Saturday,5,Metrocentro,San Salvador,2,Pupusas de frijol,Traditional Food,0.5,0.0,0.5,18,9.0,Debit card,77
703,2024-04-24,4,Wednesday,7,La Libertad,La Libertad,12,Canasta de palma,Handicrafts,12.0,0.1,10.8,19,205.2,Credit card,69
704,2024-07-22,7,Monday,2,Santa Ana,Santa Ana,15,Arroz blanco 1lb,Groceries,0.9,0.05,0.85,12,10.2,Cash,123
705,2024-08-16,8,Friday,3,San Miguel,San Miguel,6,Kolachampán,Beverages,0.75,0.0,0.75,6,4.5,Debit card,290
706,2024-07-02,7,Tuesday,8,Chalatenango,Chalatenango,5,Atol de elote,Beverages,1.0,0.0,1.0,2,2.0,Credit card,119
707,2024-07-08,7,Monday,5,Metrocentro,San Salvador,3,Tamales de elote,Traditional Food,1.0,0.0,1.0,8,8.0,Debit card,266
708,2024-08-28,8,Wednesday,7,La Libertad,La Libertad,12,Canasta de palma,Handicrafts,12.0,0.0,12.0,15,180.0,Cash,333
709,2024-12-26,12,Thursday,2,Santa Ana,Santa Ana,11,Jarrito de barro,Handicrafts,8.0,0.1,7.2,17,122.4,Credit card,428
710,2024-07-11,7,Thursday,3,San Miguel,San Miguel,9,Camisa guayabera,Clothing,18.0,0.0,18.0,13,234.0,Debit card,460
711,2024-07-11,7,Thursday,5,Metrocentro,San Salvador,3,Tamales de elote,Traditional Food,1.0,0.05,0.95,8,7.6,Cash,419
712,2024-09-03,9,Tuesday,8,Chalatenango,Chalatenango,12,Canasta de palma,Handicrafts,12.0,0.0,12.0,20,240.0,Debit card,72
713,2024-04-27,4,Saturday,3,San Miguel,San Miguel,15,Arroz blanco 1lb,Groceries,0.9,0.05,0.85,3,2.55,Debit card,109
714,2024-03-21,3,Thursday,3,San Miguel,San Miguel,5,Atol de elote,Beverages,1.0,0.05,0.95,12,11.4,Debit card,61
715,2024-06-18,6,Tuesday,7,La Libertad,La Libertad,8,Fresco de tamarindo,Beverages,0.75,0.0,0.75,4,3.0,Debit card,246
716,2024-11-27,11,Wednesday,3,San Miguel,San Miguel,7,Café salvadoreño,Beverages,1.5,0.0,1.5,14,21.0,Cash,66
717,2024-11-18,11,Monday,3,San Miguel,San Miguel,6,Kolachampán,Beverages,0.75,0.0,0.75,17,12.75,Credit card,76
718,2024-05-12,5,Sunday,3,San Miguel,San Miguel,2,Pupusas de frijol,Traditional Food,0.5,0.05,0.47,6,2.82,Transfer,307
719,2024-02-13,2,Tuesday,5,Metrocentro,San Salvador,1,Pupusas de queso,Traditional Food,0.5,0.0,0.5,7,3.5,Debit card,242
720,2024-04-22,4,Monday,3,San Miguel,San Miguel,16,Crema salvadoreña,Dairy,1.5,0.05,1.42,14,19.88,Cash,299
721,2024-03-26,3,Tuesday,5,Metrocentro,San Salvador,6,Kolachampán,Beverages,0.75,0.0,0.75,11,8.25,Debit card,36
722,2024-07-16,7,Tuesday,7,La Libertad,La Libertad,8,Fresco de tamarindo,Beverages,0.75,0.0,0.75,5,3.75,Cash,268
723,2024-03-17,3,Sunday,7,La Libertad,La Libertad,17,Queso duro blando,Dairy,3.5,0.0,3.5,20,70.0,Cash,462
724,2024-02-17,2,Saturday,2,Santa Ana,Santa Ana,2,Pupusas de frijol,Traditional Food,0.5,0.1,0.45,16,7.2,Cash,309
725,2024-12-13,12,Friday,1,San Salvador Centro,San Salvador,18,Curtido en frasco,Groceries,2.0,0.05,1.9,14,26.6,Cash,448
726,2024-04-27,4,Saturday,7,La Libertad,La Libertad,2,Pupusas de frijol,Traditional Food,0.5,0.15,0.42,16,6.72,Credit card,180
727,2024-03-09,3,Saturday,7,La Libertad,La Libertad,4,Yuca frita,Traditional Food,2.5,0.0,2.5,9,22.5,Credit card,466
728,2024-11-02,11,Saturday,5,Metrocentro,San Salvador,3,Tamales de elote,Traditional Food,1.0,0.0,1.0,18,18.0,Cash,3
729,2024-09-23,9,Monday,2,Santa Ana,Santa Ana,1,Pupusas de queso,Traditional Food,0.5,0.0,0.5,1,0.5,Debit card,353
730,2024-07-04,7,Thursday,7,La Libertad,La Libertad,11,Jarrito de barro,Handicrafts,8.0,0.0,8.0,4,32.0,Cash,300
731,2024-10-01,10,Tuesday,5,Metrocentro,San Salvador,9,Camisa guayabera,Clothing,18.0,0.05,17.1,14,239.4,Cash,142
732,2024-07-30,7,Tuesday,4,Soyapango,San Salvador,13,Aceite vegetal 1L,Groceries,2.8,0.15,2.38,18,42.84,Debit card,92
733,2024-05-09,5,Thursday,8,Chalatenango,Chalatenango,12,Canasta de palma,Handicrafts,12.0,0.05,11.4,10,114.0,Cash,362
734,2024-12-03,12,Tuesday,3,San Miguel,San Miguel,13,Aceite vegetal 1L,Groceries,2.8,0.1,2.52,4,10.08,Cash,401
735,2024-04-19,4,Friday,2,Santa Ana,Santa Ana,6,Kolachampán,Beverages,0.75,0.0,0.75,17,12.75,Credit card,411
736,2024-03-23,3,Saturday,1,San Salvador Centro,San Salvador,18,Curtido en frasco,Groceries,2.0,0.1,1.8,13,23.4,Cash,47
737,2024-11-03,11,Sunday,8,Chalatenango,Chalatenango,5,Atol de elote,Beverages,1.0,0.0,1.0,14,14.0,Cash,114
738,2024-11-07,11,Thursday,2,Santa Ana,Santa Ana,12,Canasta de palma,Handicrafts,12.0,0.1,10.8,2,21.6,Cash,206
739,2024-12-30,12,Monday,5,Metrocentro,San Salvador,17,Queso duro blando,Dairy,3.5,0.0,3.5,20,70.0,Bitcoin,420
740,2024-08-12,8,Monday,8,Chalatenango,Chalatenango,6,Kolachampán,Beverages,0.75,0.0,0.75,1,0.75,Credit card,477
741,2024-04-09,4,Tuesday,5,Metrocentro,San Salvador,17,Queso duro blando,Dairy,3.5,0.15,2.98,2,5.96,Debit card,265
742,2024-12-11,12,Wednesday,3,San Miguel,San Miguel,8,Fresco de tamarindo,Beverages,0.75,0.0,0.75,2,1.5,Cash,1
743,2024-05-21,5,Tuesday,2,Santa Ana,Santa Ana,6,Kolachampán,Beverages,0.75,0.0,0.75,13,9.75,Debit card,208
744,2024-12-26,12,Thursday,1,San Salvador Centro,San Salvador,7,Café salvadoreño,Beverages,1.5,0.0,1.5,3,4.5,Debit card,372
745,2024-06-26,6,Wednesday,6,Usulután,Usulután,18,Curtido en frasco,Groceries,2.0,0.0,2.0,9,18.0,Debit card,100
746,2024-10-21,10,Monday,7,La Libertad,La Libertad,15,Arroz blanco 1lb,Groceries,0.9,0.0,0.9,1,0.9,Cash,260
747,2024-09-14,9,Saturday,2,Santa Ana,Santa Ana,4,Yuca frita,Traditional Food,2.5,0.0,2.5,10,25.0,Bitcoin,412
748,2024-10-02,10,Wednesday,5,Metrocentro,San Salvador,17,Queso duro blando,Dairy,3.5,0.0,3.5,19,66.5,Debit card,495
749,2024-05-04,5,Saturday,8,Chalatenango,Chalatenango,13,Aceite vegetal 1L,Groceries,2.8,0.15,2.38,11,26.18,Cash,236
750,2024-02-29,2,Thursday,8,Chalatenango,Chalatenango,1,Pupusas de queso,Traditional Food,0.5,0.0,0.5,9,4.5,Cash,404
751,2024-06-10,6,Monday,4,Soyapango,San Salvador,8,Fresco de tamarindo,Beverages,0.75,0.0,0.75,14,10.5,Debit card,5
752,2024-05-27,5,Monday,4,Soyapango,San Salvador,9,Camisa guayabera,Clothing,18.0,0.0,18.0,3,54.0,Debit card,421
753,2024-10-10,10,Thursday,2,Santa Ana,Santa Ana,11,Jarrito de barro,Handicrafts,8.0,0.0,8.0,6,48.0,Cash,112
754,2024-12-15,12,Sunday,3,San Miguel,San Miguel,9,Camisa guayabera,Clothing,18.0,0.0,18.0,7,126.0,Debit card,121
755,2024-04-15,4,Monday,5,Metrocentro,San Salvador,8,Fresco de tamarindo,Beverages,0.75,0.0,0.75,8,6.0,Credit card,429
756,2024-02-24,2,Saturday,3,San Miguel,San Miguel,12,Canasta de palma,Handicrafts,12.0,0.0,12.0,4,48.0,Debit card,340
757,2024-10-04,10,Friday,1,San Salvador Centro,San Salvador,16,Crema salvadoreña,Dairy,1.5,0.15,1.27,2,2.54,Cash,318
758,2024-10-21,10,Monday,8,Chalatenango,Chalatenango,11,Jarrito de barro,Handicrafts,8.0,0.0,8.0,9,72.0,Cash,392
759,2024-07-22,7,Monday,5,Metrocentro,San Salvador,17,Queso duro blando,Dairy,3.5,0.15,2.98,8,23.84,Debit card,28
760,2024-09-01,9,Sunday,7,La Libertad,La Libertad,17,Queso duro blando,Dairy,3.5,0.0,3.5,18,63.0,Debit card,202
761,2024-03-02,3,Saturday,8,Chalatenango,Chalatenango,6,Kolachampán,Beverages,0.75,0.0,0.75,17,12.75,Cash,5
762,2024-07-13,7,Saturday,4,Soyapango,San Salvador,1,Pupusas de queso,Traditional Food,0.5,0.0,0.5,19,9.5,Cash,314
763,2024-10-07,10,Monday,3,San Miguel,San Miguel,9,Camisa guayabera,Clothing,18.0,0.0,18.0,9,162.0,Cash,491
764,2024-04-04,4,Thursday,6,Usulután,Usulután,11,Jarrito de barro,Handicrafts,8.0,0.0,8.0,16,128.0,Cash,359
765,2024-07-24,7,Wednesday,6,Usulután,Usulután,12,Canasta de palma,Handicrafts,12.0,0.0,12.0,9,108.0,Cash,68
766,2024-05-18,5,Saturday,2,Santa Ana,Santa Ana,8,Fresco de tamarindo,Beverages,0.75,0.05,0.71,8,5.68,Cash,196
767,2024-03-17,3,Sunday,3,San Miguel,San Miguel,7,Café salvadoreño,Beverages,1.5,0.15,1.27,16,20.32,Cash,216
768,2024-11-18,11,Monday,3,San Miguel,San Miguel,16,Crema salvadoreña,Dairy,1.5,0.05,1.42,17,24.14,Debit card,403
769,2024-05-08,5,Wednesday,5,Metrocentro,San Salvador,16,Crema salvadoreña,Dairy,1.5,0.15,1.27,18,22.86,Debit card,204
770,2024-01-31,1,Wednesday,3,San Miguel,San Miguel,4,Yuca frita,Traditional Food,2.5,0.15,2.12,7,14.84,Cash,430
771,2024-06-20,6,Thursday,8,Chalatenango,Chalatenango,4,Yuca frita,Traditional Food,2.5,0.0,2.5,9,22.5,Cash,286
772,2024-01-11,1,Thursday,6,Usulután,Usulután,9,Camisa guayabera,Clothing,18.0,0.0,18.0,14,252.0,Cash,348
773,2024-05-25,5,Saturday,3,San Miguel,San Miguel,7,Café salvadoreño,Beverages,1.5,0.0,1.5,12,18.0,Debit card,250
774,2024-07-14,7,Sunday,2,Santa Ana,Santa Ana,15,Arroz blanco 1lb,Groceries,0.9,0.0,0.9,20,18.0,Cash,490
775,2024-11-23,11,Saturday,3,San Miguel,San Miguel,5,Atol de elote,Beverages,1.0,0.0,1.0,11,11.0,Debit card,293
776,2024-02-10,2,Saturday,2,Santa Ana,Santa Ana,13,Aceite vegetal 1L,Groceries,2.8,0.0,2.8,6,16.8,Cash,163
777,2024-11-05,11,Tuesday,5,Metrocentro,San Salvador,10,Hamaca artesanal,Handicrafts,35.0,0.0,35.0,13,455.0,Credit card,400
778,2024-07-30,7,Tuesday,8,Chalatenango,Chalatenango,12,Canasta de palma,Handicrafts,12.0,0.0,12.0,6,72.0,Credit card,65
779,2024-12-24,12,Tuesday,5,Metrocentro,San Salvador,8,Fresco de tamarindo,Beverages,0.75,0.0,0.75,3,2.25,Cash,53
780,2024-08-30,8,Friday,2,Santa Ana,Santa Ana,4,Yuca frita,Traditional Food,2.5,0.0,2.5,18,45.0,Cash,204
781,2024-02-23,2,Friday,2,Santa Ana,Santa Ana,17,Queso duro blando,Dairy,3.5,0.05,3.32,9,29.88,Cash,336
782,2024-04-27,4,Saturday,5,Metrocentro,San Salvador,13,Aceite vegetal 1L,Groceries,2.8,0.1,2.52,8,20.16,Cash,321
783,2024-09-26,9,Thursday,3,San Miguel,San Miguel,5,Atol de elote,Beverages,1.0,0.0,1.0,6,6.0,Cash,183
784,2024-08-27,8,Tuesday,8,Chalatenango,Chalatenango,11,Jarrito de barro,Handicrafts,8.0,0.0,8.0,18,144.0,Debit card,70
785,2024-10-29,10,Tuesday,3,San Miguel,San Miguel,18,Curtido en frasco,Groceries,2.0,0.0,2.0,20,40.0,Debit card,326
786,2024-06-26,6,Wednesday,5,Metrocentro,San Salvador,14,Frijoles rojos 1lb,Groceries,1.2,0.05,1.14,16,18.24,Cash,46
787,2024-07-06,7,Saturday,5,Metrocentro,San Salvador,15,Arroz blanco 1lb,Groceries,0.9,0.0,0.9,14,12.6,Cash,6
788,2024-06-25,6,Tuesday,3,San Miguel,San Miguel,1,Pupusas de queso,Traditional Food,0.5,0.0,0.5,10,5.0,Debit card,353
789,2024-06-02,6,Sunday,8,Chalatenango,Chalatenango,16,Crema salvadoreña,Dairy,1.5,0.15,1.27,1,1.27,Cash,150
790,2024-10-07,10,Monday,1,San Salvador Centro,San Salvador,8,Fresco de tamarindo,Beverages,0.75,0.0,0.75,12,9.0,Cash,288
791,2024-05-07,5,Tuesday,7,La Libertad,La Libertad,14,Frijoles rojos 1lb,Groceries,1.2,0.1,1.08,6,6.48,Debit card,200
792,2024-05-14,5,Tuesday,4,Soyapango,San Salvador,13,Aceite vegetal 1L,Groceries,2.8,0.0,2.8,3,8.4,Debit card,265
793,2024-11-28,11,Thursday,5,Metrocentro,San Salvador,9,Camisa guayabera,Clothing,18.0,0.15,15.3,18,275.4,Cash,97
794,2024-03-10,3,Sunday,3,San Miguel,San Miguel,3,Tamales de elote,Traditional Food,1.0,0.0,1.0,10,10.0,Debit card,317
795,2024-12-24,12,Tuesday,5,Metrocentro,San Salvador,15,Arroz blanco 1lb,Groceries,0.9,0.0,0.9,20,18.0,Cash,10
796,2024-09-30,9,Monday,1,San Salvador Centro,San Salvador,5,Atol de elote,Beverages,1.0,0.0,1.0,1,1.0,Transfer,145
797,2024-08-12,8,Monday,3,San Miguel,San Miguel,9,Camisa guayabera,Clothing,18.0,0.0,18.0,1,18.0,Cash,8
798,2024-06-24,6,Monday,4,Soyapango,San Salvador,16,Crema salvadoreña,Dairy,1.5,0.0,1.5,14,21.0,Credit card,256
799,2024-12-22,12,Sunday,8,Chalatenango,Chalatenango,12,Canasta de palma,Handicrafts,12.0,0.0,12.0,2,24.0,Cash,385
800,2024-05-16,5,Thursday,1,San Salvador Centro,San Salvador,5,Atol de elote,Beverages,1.0,0.0,1.0,13,13.0,Debit card,93
801,2024-07-14,7,Sunday,5,Metrocentro,San Salvador,7,Café salvadoreño,Beverages,1.5,0.0,1.5,1,1.5,Transfer,366
802,2024-08-14,8,Wednesday,7,La Libertad,La Libertad,8,Fresco de tamarindo,Beverages,0.75,0.1,0.68,8,5.44,Transfer,102
803,2024-09-23,9,Monday,2,Santa Ana,Santa Ana,15,Arroz blanco 1lb,Groceries,0.9,0.0,0.9,7,6.3,Cash,493
804,2024-03-22,3,Friday,6,Usulután,Usulután,10,Hamaca artesanal,Handicrafts,35.0,0.1,31.5,2,63.0,Bitcoin,267
805,2024-09-03,9,Tuesday,5,Metrocentro,San Salvador,4,Yuca frita,Traditional Food,2.5,0.0,2.5,10,25.0,Cash,27
806,2024-04-30,4,Tuesday,2,Santa Ana,Santa Ana,7,Café salvadoreño,Beverages,1.5,0.0,1.5,14,21.0,Cash,407
807,2024-07-21,7,Sunday,2,Santa Ana,Santa Ana,9,Camisa guayabera,Clothing,18.0,0.0,18.0,8,144.0,Transfer,298
808,2024-07-09,7,Tuesday,3,San Miguel,San Miguel,16,Crema salvadoreña,Dairy,1.5,0.0,1.5,3,4.5,Cash,47
809,2024-01-31,1,Wednesday,1,San Salvador Centro,San Salvador,11,Jarrito de barro,Handicrafts,8.0,0.1,7.2,12,86.4,Cash,275
810,2024-09-06,9,Friday,3,San Miguel,San Miguel,4,Yuca frita,Traditional Food,2.5,0.0,2.5,8,20.0,Transfer,404
811,2024-04-08,4,Monday,8,Chalatenango,Chalatenango,12,Canasta de palma,Handicrafts,12.0,0.1,10.8,1,10.8,Cash,371
812,2024-01-21,1,Sunday,5,Metrocentro,San Salvador,5,Atol de elote,Beverages,1.0,0.1,0.9,16,14.4,Cash,151
813,2024-04-07,4,Sunday,8,Chalatenango,Chalatenango,18,Curtido en frasco,Groceries,2.0,0.0,2.0,19,38.0,Debit card,166
814,2024-11-02,11,Saturday,5,Metrocentro,San Salvador,15,Arroz blanco 1lb,Groceries,0.9,0.0,0.9,18,16.2,Cash,80
815,2024-05-14,5,Tuesday,5,Metrocentro,San Salvador,15,Arroz blanco 1lb,Groceries,0.9,0.0,0.9,18,16.2,Cash,398
816,2024-04-04,4,Thursday,7,La Libertad,La Libertad,17,Queso duro blando,Dairy,3.5,0.05,3.32,1,3.32,Credit card,398
817,2024-02-02,2,Friday,6,Usulután,Usulután,8,Fresco de tamarindo,Beverages,0.75,0.15,0.64,18,11.52,Cash,269
818,2024-11-09,11,Saturday,3,San Miguel,San Miguel,16,Crema salvadoreña,Dairy,1.5,0.0,1.5,10,15.0,Cash,165
819,2024-09-24,9,Tuesday,2,Santa Ana,Santa Ana,4,Yuca frita,Traditional Food,2.5,0.0,2.5,3,7.5,Credit card,67
820,2024-04-13,4,Saturday,1,San Salvador Centro,San Salvador,6,Kolachampán,Beverages,0.75,0.0,0.75,4,3.0,Cash,17
821,2024-09-26,9,Thursday,8,Chalatenango,Chalatenango,13,Aceite vegetal 1L,Groceries,2.8,0.1,2.52,20,50.4,Debit card,26
822,2024-11-06,11,Wednesday,4,Soyapango,San Salvador,12,Canasta de palma,Handicrafts,12.0,0.0,12.0,3,36.0,Bitcoin,107
823,2024-08-27,8,Tuesday,2,Santa Ana,Santa Ana,16,Crema salvadoreña,Dairy,1.5,0.0,1.5,2,3.0,Debit card,481
824,2024-12-28,12,Saturday,6,Usulután,Usulután,14,Frijoles rojos 1lb,Groceries,1.2,0.15,1.02,2,2.04,Debit card,271
825,2024-06-04,6,Tuesday,2,Santa Ana,Santa Ana,2,Pupusas de frijol,Traditional Food,0.5,0.0,0.5,3,1.5,Transfer,50
826,2024-09-29,9,Sunday,4,Soyapango,San Salvador,4,Yuca frita,Traditional Food,2.5,0.0,2.5,13,32.5,Cash,337
827,2024-10-12,10,Saturday,3,San Miguel,San Miguel,8,Fresco de tamarindo,Beverages,0.75,0.0,0.75,18,13.5,Debit card,393
828,2024-12-25,12,Wednesday,8,Chalatenango,Chalatenango,12,Canasta de palma,Handicrafts,12.0,0.0,12.0,14,168.0,Cash,93
829,2024-09-15,9,Sunday,7,La Libertad,La Libertad,18,Curtido en frasco,Groceries,2.0,0.1,1.8,11,19.8,Cash,308
830,2024-06-10,6,Monday,6,Usulután,Usulután,15,Arroz blanco 1lb,Groceries,0.9,0.0,0.9,18,16.2,Credit card,212
831,2024-11-07,11,Thursday,6,Usulután,Usulután,14,Frijoles rojos 1lb,Groceries,1.2,0.05,1.14,8,9.12,Debit card,193
832,2024-07-03,7,Wednesday,5,Metrocentro,San Salvador,18,Curtido en frasco,Groceries,2.0,0.0,2.0,15,30.0,Transfer,1
833,2024-11-01,11,Friday,5,Metrocentro,San Salvador,2,Pupusas de frijol,Traditional Food,0.5,0.05,0.47,1,0.47,Cash,456
834,2024-06-02,6,Sunday,1,San Salvador Centro,San Salvador,10,Hamaca artesanal,Handicrafts,35.0,0.0,35.0,8,280.0,Credit card,12
835,2024-02-18,2,Sunday,3,San Miguel,San Miguel,9,Camisa guayabera,Clothing,18.0,0.0,18.0,2,36.0,Cash,71
836,2024-10-25,10,Friday,6,Usulután,Usulután,9,Camisa guayabera,Clothing,18.0,0.0,18.0,8,144.0,Cash,154
837,2024-10-18,10,Friday,7,La Libertad,La Libertad,3,Tamales de elote,Traditional Food,1.0,0.1,0.9,7,6.3,Cash,167
838,2024-09-06,9,Friday,3,San Miguel,San Miguel,16,Crema salvadoreña,Dairy,1.5,0.15,1.27,19,24.13,Bitcoin,305
839,2024-10-22,10,Tuesday,1,San Salvador Centro,San Salvador,10,Hamaca artesanal,Handicrafts,35.0,0.0,35.0,13,455.0,Credit card,472
840,2024-08-10,8,Saturday,6,Usulután,Usulután,11,Jarrito de barro,Handicrafts,8.0,0.15,6.8,14,95.2,Cash,395
841,2024-11-20,11,Wednesday,1,San Salvador Centro,San Salvador,8,Fresco de tamarindo,Beverages,0.75,0.0,0.75,13,9.75,Cash,22
842,2024-06-16,6,Sunday,3,San Miguel,San Miguel,11,Jarrito de barro,Handicrafts,8.0,0.1,7.2,17,122.4,Cash,26
843,2024-10-31,10,Thursday,8,Chalatenango,Chalatenango,13,Aceite vegetal 1L,Groceries,2.8,0.05,2.66,19,50.54,Cash,222
844,2024-03-16,3,Saturday,7,La Libertad,La Libertad,10,Hamaca artesanal,Handicrafts,35.0,0.0,35.0,5,175.0,Cash,293
845,2024-05-14,5,Tuesday,7,La Libertad,La Libertad,2,Pupusas de frijol,Traditional Food,0.5,0.0,0.5,3,1.5,Debit card,397
846,2024-09-03,9,Tuesday,3,San Miguel,San Miguel,5,Atol de elote,Beverages,1.0,0.0,1.0,18,18.0,Cash,334
847,2024-05-04,5,Saturday,4,Soyapango,San Salvador,7,Café salvadoreño,Beverages,1.5,0.0,1.5,3,4.5,Credit card,166
848,2024-12-09,12,Monday,2,Santa Ana,Santa Ana,3,Tamales de elote,Traditional Food,1.0,0.0,1.0,14,14.0,Cash,98
849,2024-10-31,10,Thursday,6,Usulután,Usulután,11,Jarrito de barro,Handicrafts,8.0,0.15,6.8,1,6.8,Cash,180
850,2024-08-13,8,Tuesday,3,San Miguel,San Miguel,15,Arroz blanco 1lb,Groceries,0.9,0.15,0.77,2,1.54,Cash,351
851,2024-02-13,2,Tuesday,3,San Miguel,San Miguel,12,Canasta de palma,Handicrafts,12.0,0.1,10.8,4,43.2,Cash,486
852,2024-01-08,1,Monday,5,Metrocentro,San Salvador,5,Atol de elote,Beverages,1.0,0.1,0.9,11,9.9,Credit card,157
853,2024-01-12,1,Friday,8,Chalatenango,Chalatenango,15,Arroz blanco 1lb,Groceries,0.9,0.0,0.9,11,9.9,Debit card,109
854,2024-10-07,10,Monday,5,Metrocentro,San Salvador,7,Café salvadoreño,Beverages,1.5,0.05,1.42,16,22.72,Debit card,73
855,2024-10-25,10,Friday,7,La Libertad,La Libertad,1,Pupusas de queso,Traditional Food,0.5,0.0,0.5,17,8.5,Cash,31
856,2024-12-22,12,Sunday,4,Soyapango,San Salvador,10,Hamaca artesanal,Handicrafts,35.0,0.0,35.0,20,700.0,Cash,336
857,2024-07-17,7,Wednesday,2,Santa Ana,Santa Ana,1,Pupusas de queso,Traditional Food,0.5,0.1,0.45,9,4.05,Credit card,338
858,2024-01-10,1,Wednesday,2,Santa Ana,Santa Ana,12,Canasta de palma,Handicrafts,12.0,0.15,10.2,10,102.0,Credit card,198
859,2024-09-17,9,Tuesday,7,La Libertad,La Libertad,8,Fresco de tamarindo,Beverages,0.75,0.0,0.75,4,3.0,Cash,306
860,2024-04-05,4,Friday,2,Santa Ana,Santa Ana,18,Curtido en frasco,Groceries,2.0,0.05,1.9,7,13.3,Transfer,288
861,2024-05-06,5,Monday,1,San Salvador Centro,San Salvador,1,Pupusas de queso,Traditional Food,0.5,0.0,0.5,17,8.5,Cash,202
862,2024-06-26,6,Wednesday,1,San Salvador Centro,San Salvador,6,Kolachampán,Beverages,0.75,0.0,0.75,12,9.0,Debit card,121
863,2024-02-01,2,Thursday,5,Metrocentro,San Salvador,17,Queso duro blando,Dairy,3.5,0.0,3.5,9,31.5,Credit card,418
864,2024-04-25,4,Thursday,5,Metrocentro,San Salvador,1,Pupusas de queso,Traditional Food,0.5,0.0,0.5,5,2.5,Credit card,337
865,2024-07-14,7,Sunday,2,Santa Ana,Santa Ana,5,Atol de elote,Beverages,1.0,0.1,0.9,17,15.3,Debit card,321
866,2024-05-03,5,Friday,7,La Libertad,La Libertad,8,Fresco de tamarindo,Beverages,0.75,0.0,0.75,19,14.25,Cash,160
867,2024-10-04,10,Friday,8,Chalatenango,Chalatenango,11,Jarrito de barro,Handicrafts,8.0,0.0,8.0,5,40.0,Debit card,298
868,2024-03-11,3,Monday,4,Soyapango,San Salvador,18,Curtido en frasco,Groceries,2.0,0.1,1.8,10,18.0,Debit card,269
869,2024-03-15,3,Friday,7,La Libertad,La Libertad,5,Atol de elote,Beverages,1.0,0.0,1.0,19,19.0,Cash,286
870,2024-04-04,4,Thursday,2,Santa Ana,Santa Ana,18,Curtido en frasco,Groceries,2.0,0.15,1.7,11,18.7,Credit card,373
871,2024-07-30,7,Tuesday,6,Usulután,Usulután,1,Pupusas de queso,Traditional Food,0.5,0.0,0.5,14,7.0,Cash,479
872,2024-04-06,4,Saturday,3,San Miguel,San Miguel,9,Camisa guayabera,Clothing,18.0,0.0,18.0,4,72.0,Cash,391
873,2024-11-01,11,Friday,4,Soyapango,San Salvador,9,Camisa guayabera,Clothing,18.0,0.0,18.0,8,144.0,Debit card,184
874,2024-03-09,3,Saturday,8,Chalatenango,Chalatenango,3,Tamales de elote,Traditional Food,1.0,0.15,0.85,17,14.45,Debit card,365
875,2024-07-17,7,Wednesday,3,San Miguel,San Miguel,12,Canasta de palma,Handicrafts,12.0,0.0,12.0,16,192.0,Cash,99
876,2024-07-28,7,Sunday,1,San Salvador Centro,San Salvador,8,Fresco de tamarindo,Beverages,0.75,0.0,0.75,1,0.75,Transfer,114
877,2024-02-03,2,Saturday,4,Soyapango,San Salvador,7,Café salvadoreño,Beverages,1.5,0.0,1.5,6,9.0,Credit card,251
878,2024-05-06,5,Monday,8,Chalatenango,Chalatenango,11,Jarrito de barro,Handicrafts,8.0,0.0,8.0,14,112.0,Credit card,312
879,2024-07-20,7,Saturday,6,Usulután,Usulután,13,Aceite vegetal 1L,Groceries,2.8,0.1,2.52,20,50.4,Debit card,275
880,2024-09-23,9,Monday,1,San Salvador Centro,San Salvador,17,Queso duro blando,Dairy,3.5,0.0,3.5,4,14.0,Cash,450
881,2024-09-22,9,Sunday,4,Soyapango,San Salvador,2,Pupusas de frijol,Traditional Food,0.5,0.0,0.5,18,9.0,Transfer,21
882,2024-09-21,9,Saturday,7,La Libertad,La Libertad,18,Curtido en frasco,Groceries,2.0,0.0,2.0,2,4.0,Cash,204
883,2024-08-24,8,Saturday,5,Metrocentro,San Salvador,10,Hamaca artesanal,Handicrafts,35.0,0.0,35.0,6,210.0,Cash,471
884,2024-08-25,8,Sunday,3,San Miguel,San Miguel,2,Pupusas de frijol,Traditional Food,0.5,0.0,0.5,15,7.5,Debit card,58
885,2024-07-20,7,Saturday,3,San Miguel,San Miguel,6,Kolachampán,Beverages,0.75,0.0,0.75,14,10.5,Cash,92
886,2024-08-20,8,Tuesday,4,Soyapango,San Salvador,15,Arroz blanco 1lb,Groceries,0.9,0.0,0.9,3,2.7,Cash,333
887,2024-02-16,2,Friday,2,Santa Ana,Santa Ana,6,Kolachampán,Beverages,0.75,0.1,0.68,4,2.72,Cash,186
888,2024-09-18,9,Wednesday,7,La Libertad,La Libertad,3,Tamales de elote,Traditional Food,1.0,0.0,1.0,20,20.0,Cash,195
889,2024-06-20,6,Thursday,3,San Miguel,San Miguel,2,Pupusas de frijol,Traditional Food,0.5,0.15,0.42,19,7.98,Debit card,77
890,2024-04-01,4,Monday,3,San Miguel,San Miguel,6,Kolachampán,Beverages,0.75,0.0,0.75,2,1.5,Cash,374
891,2024-11-16,11,Saturday,5,Metrocentro,San Salvador,15,Arroz blanco 1lb,Groceries,0.9,0.0,0.9,6,5.4,Credit card,492
892,2024-11-14,11,Thursday,1,San Salvador Centro,San Salvador,7,Café salvadoreño,Beverages,1.5,0.0,1.5,9,13.5,Cash,438
893,2024-11-07,11,Thursday,1,San Salvador Centro,San Salvador,16,Crema salvadoreña,Dairy,1.5,0.0,1.5,16,24.0,Cash,338
894,2024-07-28,7,Sunday,8,Chalatenango,Chalatenango,16,Crema salvadoreña,Dairy,1.5,0.0,1.5,15,22.5,Debit card,4
895,2024-11-13,11,Wednesday,5,Metrocentro,San Salvador,8,Fresco de tamarindo,Beverages,0.75,0.15,0.64,18,11.52,Credit card,26
896,2024-01-29,1,Monday,3,San Miguel,San Miguel,6,Kolachampán,Beverages,0.75,0.0,0.75,12,9.0,Cash,17
897,2024-02-14,2,Wednesday,6,Usulután,Usulután,10,Hamaca artesanal,Handicrafts,35.0,0.0,35.0,2,70.0,Cash,92
898,2024-11-08,11,Friday,5,Metrocentro,San Salvador,6,Kolachampán,Beverages,0.75,0.05,0.71,20,14.2,Credit card,91
899,2024-01-19,1,Friday,6,Usulután,Usulután,15,Arroz blanco 1lb,Groceries,0.9,0.15,0.77,3,2.31,Cash,189
900,2024-08-06,8,Tuesday,2,Santa Ana,Santa Ana,13,Aceite vegetal 1L,Groceries,2.8,0.0,2.8,18,50.4,Cash,69
901,2024-06-17,6,Monday,5,Metrocentro,San Salvador,4,Yuca frita,Traditional Food,2.5,0.0,2.5,17,42.5,Debit card,357
902,2024-02-25,2,Sunday,1,San Salvador Centro,San Salvador,7,Café salvadoreño,Beverages,1.5,0.1,1.35,19,25.65,Transfer,271
903,2024-12-18,12,Wednesday,8,Chalatenango,Chalatenango,3,Tamales de elote,Traditional Food,1.0,0.15,0.85,20,17.0,Transfer,148
904,2024-05-12,5,Sunday,6,Usulután,Usulután,14,Frijoles rojos 1lb,Groceries,1.2,0.05,1.14,17,19.38,Transfer,182
905,2024-09-23,9,Monday,8,Chalatenango,Chalatenango,5,Atol de elote,Beverages,1.0,0.0,1.0,16,16.0,Credit card,453
906,2024-04-09,4,Tuesday,5,Metrocentro,San Salvador,8,Fresco de tamarindo,Beverages,0.75,0.0,0.75,1,0.75,Cash,321
907,2024-11-11,11,Monday,4,Soyapango,San Salvador,4,Yuca frita,Traditional Food,2.5,0.0,2.5,14,35.0,Cash,180
908,2024-01-06,1,Saturday,4,Soyapango,San Salvador,18,Curtido en frasco,Groceries,2.0,0.1,1.8,7,12.6,Cash,405
909,2024-06-02,6,Sunday,5,Metrocentro,San Salvador,3,Tamales de elote,Traditional Food,1.0,0.05,0.95,17,16.15,Cash,4
910,2024-06-23,6,Sunday,6,Usulután,Usulután,4,Yuca frita,Traditional Food,2.5,0.1,2.25,13,29.25,Debit card,492
911,2024-04-09,4,Tuesday,3,San Miguel,San Miguel,1,Pupusas de queso,Traditional Food,0.5,0.15,0.42,11,4.62,Cash,345
912,2024-01-19,1,Friday,8,Chalatenango,Chalatenango,16,Crema salvadoreña,Dairy,1.5,0.0,1.5,5,7.5,Cash,236
913,2024-08-24,8,Saturday,6,Usulután,Usulután,18,Curtido en frasco,Groceries,2.0,0.1,1.8,14,25.2,Cash,267
914,2024-10-11,10,Friday,6,Usulután,Usulután,10,Hamaca artesanal,Handicrafts,35.0,0.0,35.0,18,630.0,Cash,351
915,2024-02-03,2,Saturday,6,Usulután,Usulután,11,Jarrito de barro,Handicrafts,8.0,0.0,8.0,5,40.0,Credit card,174
916,2024-10-19,10,Saturday,3,San Miguel,San Miguel,13,Aceite vegetal 1L,Groceries,2.8,0.0,2.8,20,56.0,Cash,60
917,2024-12-29,12,Sunday,6,Usulután,Usulután,10,Hamaca artesanal,Handicrafts,35.0,0.0,35.0,2,70.0,Cash,255
918,2024-08-19,8,Monday,6,Usulután,Usulután,8,Fresco de tamarindo,Beverages,0.75,0.0,0.75,10,7.5,Debit card,90
919,2024-01-20,1,Saturday,6,Usulután,Usulután,4,Yuca frita,Traditional Food,2.5,0.0,2.5,7,17.5,Cash,13
920,2024-04-07,4,Sunday,3,San Miguel,San Miguel,16,Crema salvadoreña,Dairy,1.5,0.0,1.5,11,16.5,Debit card,269
921,2024-03-14,3,Thursday,6,Usulután,Usulután,10,Hamaca artesanal,Handicrafts,35.0,0.15,29.75,4,119.0,Transfer,265
922,2024-01-19,1,Friday,4,Soyapango,San Salvador,5,Atol de elote,Beverages,1.0,0.0,1.0,15,15.0,Debit card,268
923,2024-06-08,6,Saturday,1,San Salvador Centro,San Salvador,4,Yuca frita,Traditional Food,2.5,0.1,2.25,2,4.5,Credit card,447
924,2024-08-27,8,Tuesday,6,Usulután,Usulután,3,Tamales de elote,Traditional Food,1.0,0.0,1.0,2,2.0,Debit card,338
925,2024-10-22,10,Tuesday,1,San Salvador Centro,San Salvador,10,Hamaca artesanal,Handicrafts,35.0,0.1,31.5,10,315.0,Credit card,165
926,2024-05-26,5,Sunday,4,Soyapango,San Salvador,7,Café salvadoreño,Beverages,1.5,0.05,1.42,9,12.78,Cash,226
927,2024-03-17,3,Sunday,5,Metrocentro,San Salvador,4,Yuca frita,Traditional Food,2.5,0.0,2.5,6,15.0,Cash,491
928,2024-04-15,4,Monday,2,Santa Ana,Santa Ana,18,Curtido en frasco,Groceries,2.0,0.0,2.0,18,36.0,Debit card,139
929,2024-10-20,10,Sunday,5,Metrocentro,San Salvador,5,Atol de elote,Beverages,1.0,0.0,1.0,8,8.0,Cash,314
930,2024-01-26,1,Friday,8,Chalatenango,Chalatenango,11,Jarrito de barro,Handicrafts,8.0,0.0,8.0,5,40.0,Cash,346
931,2024-07-15,7,Monday,2,Santa Ana,Santa Ana,2,Pupusas de frijol,Traditional Food,0.5,0.0,0.5,2,1.0,Cash,92
932,2024-06-08,6,Saturday,6,Usulután,Usulután,15,Arroz blanco 1lb,Groceries,0.9,0.15,0.77,11,8.47,Cash,389
933,2024-08-26,8,Monday,2,Santa Ana,Santa Ana,18,Curtido en frasco,Groceries,2.0,0.0,2.0,19,38.0,Cash,411
934,2024-08-21,8,Wednesday,2,Santa Ana,Santa Ana,15,Arroz blanco 1lb,Groceries,0.9,0.1,0.81,10,8.1,Debit card,393
935,2024-04-28,4,Sunday,8,Chalatenango,Chalatenango,15,Arroz blanco 1lb,Groceries,0.9,0.0,0.9,8,7.2,Credit card,316
936,2024-07-19,7,Friday,6,Usulután,Usulután,9,Camisa guayabera,Clothing,18.0,0.1,16.2,6,97.2,Bitcoin,170
937,2024-09-06,9,Friday,8,Chalatenango,Chalatenango,11,Jarrito de barro,Handicrafts,8.0,0.0,8.0,1,8.0,Cash,180
938,2024-03-28,3,Thursday,8,Chalatenango,Chalatenango,16,Crema salvadoreña,Dairy,1.5,0.15,1.27,10,12.7,Cash,295
939,2024-07-26,7,Friday,2,Santa Ana,Santa Ana,5,Atol de elote,Beverages,1.0,0.0,1.0,4,4.0,Debit card,37
940,2024-07-24,7,Wednesday,8,Chalatenango,Chalatenango,10,Hamaca artesanal,Handicrafts,35.0,0.0,35.0,19,665.0,Cash,125
941,2024-09-03,9,Tuesday,3,San Miguel,San Miguel,18,Curtido en frasco,Groceries,2.0,0.0,2.0,13,26.0,Cash,417
942,2024-10-17,10,Thursday,7,La Libertad,La Libertad,14,Frijoles rojos 1lb,Groceries,1.2,0.05,1.14,11,12.54,Debit card,89
943,2024-02-28,2,Wednesday,8,Chalatenango,Chalatenango,3,Tamales de elote,Traditional Food,1.0,0.05,0.95,19,18.05,Cash,285
944,2024-03-31,3,Sunday,8,Chalatenango,Chalatenango,4,Yuca frita,Traditional Food,2.5,0.0,2.5,10,25.0,Cash,56
945,2024-09-10,9,Tuesday,6,Usulután,Usulután,13,Aceite vegetal 1L,Groceries,2.8,0.0,2.8,2,5.6,Cash,72
946,2024-12-04,12,Wednesday,3,San Miguel,San Miguel,1,Pupusas de queso,Traditional Food,0.5,0.0,0.5,5,2.5,Debit card,200
947,2024-04-15,4,Monday,4,Soyapango,San Salvador,15,Arroz blanco 1lb,Groceries,0.9,0.0,0.9,11,9.9,Debit card,468
948,2024-06-25,6,Tuesday,7,La Libertad,La Libertad,10,Hamaca artesanal,Handicrafts,35.0,0.05,33.25,3,99.75,Cash,262
949,2024-05-30,5,Thursday,3,San Miguel,San Miguel,13,Aceite vegetal 1L,Groceries,2.8,0.0,2.8,2,5.6,Bitcoin,496
950,2024-12-26,12,Thursday,1,San Salvador Centro,San Salvador,2,Pupusas de frijol,Traditional Food,0.5,0.15,0.42,18,7.56,Transfer,57
951,2024-04-30,4,Tuesday,1,San Salvador Centro,San Salvador,10,Hamaca artesanal,Handicrafts,35.0,0.1,31.5,14,441.0,Debit card,321
952,2024-07-26,7,Friday,7,La Libertad,La Libertad,11,Jarrito de barro,Handicrafts,8.0,0.0,8.0,13,104.0,Debit card,340
953,2024-03-12,3,Tuesday,8,Chalatenango,Chalatenango,6,Kolachampán,Beverages,0.75,0.05,0.71,7,4.97,Cash,474
954,2024-03-19,3,Tuesday,7,La Libertad,La Libertad,12,Canasta de palma,Handicrafts,12.0,0.15,10.2,10,102.0,Debit card,69
955,2024-11-27,11,Wednesday,2,Santa Ana,Santa Ana,1,Pupusas de queso,Traditional Food,0.5,0.0,0.5,1,0.5,Debit card,250
956,2024-02-13,2,Tuesday,3,San Miguel,San Miguel,14,Frijoles rojos 1lb,Groceries,1.2,0.1,1.08,5,5.4,Credit card,441
957,2024-11-15,11,Friday,7,La Libertad,La Libertad,15,Arroz blanco 1lb,Groceries,0.9,0.0,0.9,6,5.4,Debit card,283
958,2024-06-30,6,Sunday,7,La Libertad,La Libertad,15,Arroz blanco 1lb,Groceries,0.9,0.0,0.9,8,7.2,Cash,4
959,2024-12-30,12,Monday,4,Soyapango,San Salvador,16,Crema salvadoreña,Dairy,1.5,0.0,1.5,17,25.5,Cash,280
960,2024-01-20,1,Saturday,1,San Salvador Centro,San Salvador,12,Canasta de palma,Handicrafts,12.0,0.0,12.0,19,228.0,Debit card,58
961,2024-03-13,3,Wednesday,2,Santa Ana,Santa Ana,16,Crema salvadoreña,Dairy,1.5,0.15,1.27,17,21.59,Transfer,399
962,2024-09-21,9,Saturday,8,Chalatenango,Chalatenango,9,Camisa guayabera,Clothing,18.0,0.05,17.1,3,51.3,Credit card,46
963,2024-11-18,11,Monday,8,Chalatenango,Chalatenango,8,Fresco de tamarindo,Beverages,0.75,0.1,0.68,3,2.04,Debit card,409
964,2024-06-24,6,Monday,1,San Salvador Centro,San Salvador,10,Hamaca artesanal,Handicrafts,35.0,0.15,29.75,18,535.5,Cash,233
965,2024-10-20,10,Sunday,8,Chalatenango,Chalatenango,17,Queso duro blando,Dairy,3.5,0.0,3.5,11,38.5,Cash,409
966,2024-03-26,3,Tuesday,5,Metrocentro,San Salvador,10,Hamaca artesanal,Handicrafts,35.0,0.1,31.5,2,63.0,Bitcoin,384
967,2024-02-01,2,Thursday,5,Metrocentro,San Salvador,10,Hamaca artesanal,Handicrafts,35.0,0.05,33.25,16,532.0,Cash,27
968,2024-05-26,5,Sunday,1,San Salvador Centro,San Salvador,10,Hamaca artesanal,Handicrafts,35.0,0.0,35.0,16,560.0,Cash,40
969,2024-03-08,3,Friday,5,Metrocentro,San Salvador,9,Camisa guayabera,Clothing,18.0,0.0,18.0,20,360.0,Cash,132
970,2024-11-05,11,Tuesday,2,Santa Ana,Santa Ana,1,Pupusas de queso,Traditional Food,0.5,0.05,0.47,6,2.82,Debit card,338
971,2024-03-30,3,Saturday,6,Usulután,Usulután,15,Arroz blanco 1lb,Groceries,0.9,0.15,0.77,9,6.93,Debit card,249
972,2024-06-24,6,Monday,1,San Salvador Centro,San Salvador,6,Kolachampán,Beverages,0.75,0.0,0.75,3,2.25,Debit card,421
973,2024-07-30,7,Tuesday,8,Chalatenango,Chalatenango,5,Atol de elote,Beverages,1.0,0.0,1.0,13,13.0,Debit card,372
974,2024-10-22,10,Tuesday,4,Soyapango,San Salvador,6,Kolachampán,Beverages,0.75,0.0,0.75,12,9.0,Debit card,387
975,2024-03-26,3,Tuesday,1,San Salvador Centro,San Salvador,4,Yuca frita,Traditional Food,2.5,0.0,2.5,15,37.5,Cash,244
976,2024-07-13,7,Saturday,4,Soyapango,San Salvador,18,Curtido en frasco,Groceries,2.0,0.0,2.0,13,26.0,Cash,272
977,2024-05-27,5,Monday,1,San Salvador Centro,San Salvador,14,Frijoles rojos 1lb,Groceries,1.2,0.0,1.2,15,18.0,Debit card,493
978,2024-02-19,2,Monday,1,San Salvador Centro,San Salvador,17,Queso duro blando,Dairy,3.5,0.1,3.15,18,56.7,Cash,433
979,2024-06-20,6,Thursday,5,Metrocentro,San Salvador,14,Frijoles rojos 1lb,Groceries,1.2,0.0,1.2,9,10.8,Credit card,131
980,2024-12-11,12,Wednesday,8,Chalatenango,Chalatenango,13,Aceite vegetal 1L,Groceries,2.8,0.1,2.52,8,20.16,Debit card,395
981,2024-12-12,12,Thursday,6,Usulután,Usulután,7,Café salvadoreño,Beverages,1.5,0.0,1.5,6,9.0,Debit card,345
982,2024-01-07,1,Sunday,2,Santa Ana,Santa Ana,1,Pupusas de queso,Traditional Food,0.5,0.0,0.5,14,7.0,Debit card,351
983,2024-04-22,4,Monday,6,Usulután,Usulután,15,Arroz blanco 1lb,Groceries,0.9,0.0,0.9,10,9.0,Cash,13
984,2024-10-31,10,Thursday,1,San Salvador Centro,San Salvador,3,Tamales de elote,Traditional Food,1.0,0.05,0.95,7,6.65,Debit card,363
985,2024-11-05,11,Tuesday,2,Santa Ana,Santa Ana,4,Yuca frita,Traditional Food,2.5,0.0,2.5,5,12.5,Debit card,461
986,2024-12-22,12,Sunday,2,Santa Ana,Santa Ana,6,Kolachampán,Beverages,0.75,0.0,0.75,6,4.5,Cash,339
987,2024-05-21,5,Tuesday,8,Chalatenango,Chalatenango,3,Tamales de elote,Traditional Food,1.0,0.1,0.9,14,12.6,Bitcoin,395
988,2024-03-23,3,Saturday,5,Metrocentro,San Salvador,11,Jarrito de barro,Handicrafts,8.0,0.0,8.0,3,24.0,Credit card,196
989,2024-01-31,1,Wednesday,6,Usulután,Usulután,13,Aceite vegetal 1L,Groceries,2.8,0.15,2.38,9,21.42,Cash,226
990,2024-04-12,4,Friday,8,Chalatenango,Chalatenango,3,Tamales de elote,Traditional Food,1.0,0.0,1.0,20,20.0,Cash,252
991,2024-10-03,10,Thursday,3,San Miguel,San Miguel,4,Yuca frita,Traditional Food,2.5,0.0,2.5,14,35.0,Debit card,55
992,2024-02-22,2,Thursday,5,Metrocentro,San Salvador,15,Arroz blanco 1lb,Groceries,0.9,0.0,0.9,2,1.8,Cash,373
993,2024-01-10,1,Wednesday,8,Chalatenango,Chalatenango,9,Camisa guayabera,Clothing,18.0,0.0,18.0,16,288.0,Debit card,1
994,2024-05-16,5,Thursday,7,La Libertad,La Libertad,2,Pupusas de frijol,Traditional Food,0.5,0.1,0.45,5,2.25,Cash,201
995,2024-09-01,9,Sunday,8,Chalatenango,Chalatenango,1,Pupusas de queso,Traditional Food,0.5,0.0,0.5,14,7.0,Credit card,400
996,2024-01-02,1,Tuesday,4,Soyapango,San Salvador,3,Tamales de elote,Traditional Food,1.0,0.1,0.9,13,11.7,Credit card,247
997,2024-06-19,6,Wednesday,6,Usulután,Usulután,4,Yuca frita,Traditional Food,2.5,0.0,2.5,10,25.0,Cash,491
998,2024-09-30,9,Monday,6,Usulután,Usulután,3,Tamales de elote,Traditional Food,1.0,0.0,1.0,11,11.0,Credit card,390
999,2024-03-31,3,Sunday,4,Soyapango,San Salvador,10,Hamaca artesanal,Handicrafts,35.0,0.0,35.0,18,630.0,Transfer,339
1000,2024-12-22,12,Sunday,5,Metrocentro,San Salvador,7,Café salvadoreño,Beverages,1.5,0.0,1.5,13,19.5,Debit card,184
1001,2024-11-19,11,Tuesday,2,Santa Ana,Santa Ana,16,Crema salvadoreña,Dairy,1.5,0.1,1.35,15,20.25,Cash,19
1002,2024-10-30,10,Wednesday,1,San Salvador Centro,San Salvador,7,Café salvadoreño,Beverages,1.5,0.0,1.5,8,12.0,Cash,406
1003,2024-09-12,9,Thursday,5,Metrocentro,San Salvador,18,Curtido en frasco,Groceries,2.0,0.15,1.7,18,30.6,Credit card,495
1004,2024-06-22,6,Saturday,1,San Salvador Centro,San Salvador,1,Pupusas de queso,Traditional Food,0.5,0.0,0.5,2,1.0,Credit card,22
1005,2024-04-18,4,Thursday,2,Santa Ana,Santa Ana,13,Aceite vegetal 1L,Groceries,2.8,0.0,2.8,17,47.6,Bitcoin,446
1006,2024-10-23,10,Wednesday,3,San Miguel,San Miguel,18,Curtido en frasco,Groceries,2.0,0.0,2.0,8,16.0,Cash,73
1007,2024-08-29,8,Thursday,1,San Salvador Centro,San Salvador,16,Crema salvadoreña,Dairy,1.5,0.0,1.5,20,30.0,Cash,333
1008,2024-03-29,3,Friday,1,San Salvador Centro,San Salvador,5,Atol de elote,Beverages,1.0,0.0,1.0,2,2.0,Credit card,50
1009,2024-10-29,10,Tuesday,3,San Miguel,San Miguel,15,Arroz blanco 1lb,Groceries,0.9,0.15,0.77,3,2.31,Credit card,59
1010,2024-02-02,2,Friday,4,Soyapango,San Salvador,16,Crema salvadoreña,Dairy,1.5,0.0,1.5,7,10.5,Cash,428
1011,2024-03-02,3,Saturday,6,Usulután,Usulután,13,Aceite vegetal 1L,Groceries,2.8,0.05,2.66,19,50.54,Cash,429
1012,2024-10-30,10,Wednesday,1,San Salvador Centro,San Salvador,7,Café salvadoreño,Beverages,1.5,0.0,1.5,6,9.0,Cash,141
1013,2024-03-27,3,Wednesday,7,La Libertad,La Libertad,5,Atol de elote,Beverages,1.0,0.05,0.95,12,11.4,Cash,125
1014,2024-02-21,2,Wednesday,3,San Miguel,San Miguel,2,Pupusas de frijol,Traditional Food,0.5,0.0,0.5,20,10.0,Credit card,9
1015,2024-01-04,1,Thursday,2,Santa Ana,Santa Ana,16,Crema salvadoreña,Dairy,1.5,0.0,1.5,1,1.5,Bitcoin,362
1016,2024-12-21,12,Saturday,7,La Libertad,La Libertad,10,Hamaca artesanal,Handicrafts,35.0,0.1,31.5,16,504.0,Cash,74
1017,2024-07-29,7,Monday,8,Chalatenango,Chalatenango,9,Camisa guayabera,Clothing,18.0,0.0,18.0,8,144.0,Debit card,20
1018,2024-11-09,11,Saturday,8,Chalatenango,Chalatenango,6,Kolachampán,Beverages,0.75,0.1,0.68,3,2.04,Credit card,155
1019,2024-01-03,1,Wednesday,7,La Libertad,La Libertad,12,Canasta de palma,Handicrafts,12.0,0.0,12.0,18,216.0,Cash,272
1020,2024-10-03,10,Thursday,6,Usulután,Usulután,4,Yuca frita,Traditional Food,2.5,0.0,2.5,17,42.5,Cash,321
1021,2024-01-28,1,Sunday,5,Metrocentro,San Salvador,7,Café salvadoreño,Beverages,1.5,0.0,1.5,7,10.5,Credit card,351
1022,2024-03-31,3,Sunday,8,Chalatenango,Chalatenango,16,Crema salvadoreña,Dairy,1.5,0.1,1.35,6,8.1,Bitcoin,28
1023,2024-04-17,4,Wednesday,5,Metrocentro,San Salvador,12,Canasta de palma,Handicrafts,12.0,0.0,12.0,14,168.0,Cash,413
1024,2024-02-23,2,Friday,1,San Salvador Centro,San Salvador,15,Arroz blanco 1lb,Groceries,0.9,0.05,0.85,2,1.7,Cash,403
1025,2024-09-20,9,Friday,8,Chalatenango,Chalatenango,1,Pupusas de queso,Traditional Food,0.5,0.0,0.5,4,2.0,Credit card,370
1026,2024-08-02,8,Friday,6,Usulután,Usulután,15,Arroz blanco 1lb,Groceries,0.9,0.1,0.81,7,5.67,Debit card,167
1027,2024-06-15,6,Saturday,2,Santa Ana,Santa Ana,8,Fresco de tamarindo,Beverages,0.75,0.0,0.75,8,6.0,Cash,212
1028,2024-04-22,4,Monday,7,La Libertad,La Libertad,7,Café salvadoreño,Beverages,1.5,0.0,1.5,3,4.5,Debit card,28
1029,2024-04-20,4,Saturday,3,San Miguel,San Miguel,14,Frijoles rojos 1lb,Groceries,1.2,0.0,1.2,20,24.0,Cash,192
1030,2024-04-09,4,Tuesday,8,Chalatenango,Chalatenango,5,Atol de elote,Beverages,1.0,0.0,1.0,12,12.0,Cash,66
1031,2024-05-23,5,Thursday,1,San Salvador Centro,San Salvador,2,Pupusas de frijol,Traditional Food,0.5,0.0,0.5,5,2.5,Credit card,235
1032,2024-06-24,6,Monday,3,San Miguel,San Miguel,14,Frijoles rojos 1lb,Groceries,1.2,0.0,1.2,8,9.6,Debit card,405
1033,2024-02-14,2,Wednesday,4,Soyapango,San Salvador,6,Kolachampán,Beverages,0.75,0.15,0.64,14,8.96,Debit card,442
1034,2024-08-24,8,Saturday,8,Chalatenango,Chalatenango,7,Café salvadoreño,Beverages,1.5,0.0,1.5,9,13.5,Debit card,377
1035,2024-06-16,6,Sunday,4,Soyapango,San Salvador,8,Fresco de tamarindo,Beverages,0.75,0.05,0.71,14,9.94,Cash,475
1036,2024-08-01,8,Thursday,1,San Salvador Centro,San Salvador,5,Atol de elote,Beverages,1.0,0.0,1.0,2,2.0,Transfer,376
1037,2024-08-05,8,Monday,1,San Salvador Centro,San Salvador,17,Queso duro blando,Dairy,3.5,0.0,3.5,17,59.5,Cash,409
1038,2024-09-10,9,Tuesday,8,Chalatenango,Chalatenango,4,Yuca frita,Traditional Food,2.5,0.0,2.5,8,20.0,Debit card,7
1039,2024-03-08,3,Friday,4,Soyapango,San Salvador,14,Frijoles rojos 1lb,Groceries,1.2,0.0,1.2,12,14.4,Cash,47
1040,2024-12-08,12,Sunday,8,Chalatenango,Chalatenango,1,Pupusas de queso,Traditional Food,0.5,0.0,0.5,10,5.0,Debit card,440
1041,2024-08-25,8,Sunday,8,Chalatenango,Chalatenango,1,Pupusas de queso,Traditional Food,0.5,0.15,0.42,5,2.1,Debit card,95
1042,2024-12-26,12,Thursday,8,Chalatenango,Chalatenango,12,Canasta de palma,Handicrafts,12.0,0.15,10.2,1,10.2,Debit card,198
1043,2024-05-31,5,Friday,1,San Salvador Centro,San Salvador,11,Jarrito de barro,Handicrafts,8.0,0.15,6.8,14,95.2,Cash,485
1044,2024-12-16,12,Monday,4,Soyapango,San Salvador,18,Curtido en frasco,Groceries,2.0,0.05,1.9,3,5.7,Credit card,377
1045,2024-01-27,1,Saturday,6,Usulután,Usulután,2,Pupusas de frijol,Traditional Food,0.5,0.0,0.5,4,2.0,Cash,317
1046,2024-07-06,7,Saturday,6,Usulután,Usulután,2,Pupusas de frijol,Traditional Food,0.5,0.1,0.45,6,2.7,Debit card,35
1047,2024-03-11,3,Monday,4,Soyapango,San Salvador,18,Curtido en frasco,Groceries,2.0,0.0,2.0,11,22.0,Debit card,333
1048,2024-04-25,4,Thursday,4,Soyapango,San Salvador,16,Crema salvadoreña,Dairy,1.5,0.0,1.5,11,16.5,Credit card,258
1049,2024-01-28,1,Sunday,5,Metrocentro,San Salvador,14,Frijoles rojos 1lb,Groceries,1.2,0.0,1.2,3,3.6,Cash,249
1050,2024-08-28,8,Wednesday,2,Santa Ana,Santa Ana,17,Queso duro blando,Dairy,3.5,0.1,3.15,18,56.7,Credit card,461
1051,2024-11-13,11,Wednesday,8,Chalatenango,Chalatenango,10,Hamaca artesanal,Handicrafts,35.0,0.15,29.75,12,357.0,Debit card,355
1052,2024-08-22,8,Thursday,4,Soyapango,San Salvador,3,Tamales de elote,Traditional Food,1.0,0.0,1.0,3,3.0,Cash,92
1053,2024-02-25,2,Sunday,2,Santa Ana,Santa Ana,10,Hamaca artesanal,Handicrafts,35.0,0.0,35.0,6,210.0,Cash,76
1054,2024-04-14,4,Sunday,3,San Miguel,San Miguel,16,Crema salvadoreña,Dairy,1.5,0.1,1.35,17,22.95,Cash,214
1055,2024-08-30,8,Friday,3,San Miguel,San Miguel,18,Curtido en frasco,Groceries,2.0,0.0,2.0,12,24.0,Cash,331
1056,2024-04-06,4,Saturday,5,Metrocentro,San Salvador,1,Pupusas de queso,Traditional Food,0.5,0.0,0.5,3,1.5,Credit card,119
1057,2024-07-29,7,Monday,6,Usulután,Usulután,17,Queso duro blando,Dairy,3.5,0.0,3.5,19,66.5,Debit card,403
1058,2024-10-30,10,Wednesday,8,Chalatenango,Chalatenango,11,Jarrito de barro,Handicrafts,8.0,0.15,6.8,17,115.6,Debit card,235
1059,2024-06-05,6,Wednesday,3,San Miguel,San Miguel,10,Hamaca artesanal,Handicrafts,35.0,0.15,29.75,6,178.5,Cash,248
1060,2024-01-25,1,Thursday,5,Metrocentro,San Salvador,12,Canasta de palma,Handicrafts,12.0,0.0,12.0,5,60.0,Cash,490
1061,2024-12-30,12,Monday,3,San Miguel,San Miguel,6,Kolachampán,Beverages,0.75,0.0,0.75,18,13.5,Cash,90
1062,2024-05-01,5,Wednesday,3,San Miguel,San Miguel,5,Atol de elote,Beverages,1.0,0.0,1.0,4,4.0,Transfer,295
1063,2024-05-13,5,Monday,8,Chalatenango,Chalatenango,5,Atol de elote,Beverages,1.0,0.0,1.0,12,12.0,Cash,363
1064,2024-06-25,6,Tuesday,6,Usulután,Usulután,2,Pupusas de frijol,Traditional Food,0.5,0.0,0.5,5,2.5,Cash,500
1065,2024-03-03,3,Sunday,5,Metrocentro,San Salvador,6,Kolachampán,Beverages,0.75,0.0,0.75,1,0.75,Bitcoin,394
1066,2024-06-12,6,Wednesday,8,Chalatenango,Chalatenango,5,Atol de elote,Beverages,1.0,0.0,1.0,5,5.0,Transfer,280
1067,2024-11-27,11,Wednesday,6,Usulután,Usulután,17,Queso duro blando,Dairy,3.5,0.0,3.5,10,35.0,Credit card,497
1068,2024-06-22,6,Saturday,8,Chalatenango,Chalatenango,5,Atol de elote,Beverages,1.0,0.1,0.9,4,3.6,Cash,21
1069,2024-06-06,6,Thursday,2,Santa Ana,Santa Ana,5,Atol de elote,Beverages,1.0,0.0,1.0,1,1.0,Debit card,113
1070,2024-02-17,2,Saturday,6,Usulután,Usulután,15,Arroz blanco 1lb,Groceries,0.9,0.0,0.9,11,9.9,Debit card,100
1071,2024-05-22,5,Wednesday,4,Soyapango,San Salvador,17,Queso duro blando,Dairy,3.5,0.0,3.5,7,24.5,Cash,435
1072,2024-09-19,9,Thursday,2,Santa Ana,Santa Ana,15,Arroz blanco 1lb,Groceries,0.9,0.0,0.9,13,11.7,Cash,309
1073,2024-12-07,12,Saturday,1,San Salvador Centro,San Salvador,17,Queso duro blando,Dairy,3.5,0.0,3.5,12,42.0,Cash,438
1074,2024-07-16,7,Tuesday,6,Usulután,Usulután,14,Frijoles rojos 1lb,Groceries,1.2,0.0,1.2,12,14.4,Cash,180
1075,2024-10-14,10,Monday,8,Chalatenango,Chalatenango,10,Hamaca artesanal,Handicrafts,35.0,0.0,35.0,3,105.0,Debit card,228
1076,2024-05-27,5,Monday,8,Chalatenango,Chalatenango,14,Frijoles rojos 1lb,Groceries,1.2,0.15,1.02,6,6.12,Debit card,460
1077,2024-03-12,3,Tuesday,7,La Libertad,La Libertad,14,Frijoles rojos 1lb,Groceries,1.2,0.05,1.14,19,21.66,Cash,107
1078,2024-09-25,9,Wednesday,8,Chalatenango,Chalatenango,10,Hamaca artesanal,Handicrafts,35.0,0.0,35.0,11,385.0,Bitcoin,303
1079,2024-01-04,1,Thursday,2,Santa Ana,Santa Ana,13,Aceite vegetal 1L,Groceries,2.8,0.1,2.52,14,35.28,Bitcoin,213
1080,2024-12-29,12,Sunday,8,Chalatenango,Chalatenango,6,Kolachampán,Beverages,0.75,0.15,0.64,19,12.16,Bitcoin,103
1081,2024-05-28,5,Tuesday,7,La Libertad,La Libertad,6,Kolachampán,Beverages,0.75,0.0,0.75,18,13.5,Cash,424
1082,2024-09-09,9,Monday,5,Metrocentro,San Salvador,10,Hamaca artesanal,Handicrafts,35.0,0.1,31.5,18,567.0,Cash,14
1083,2024-05-14,5,Tuesday,3,San Miguel,San Miguel,1,Pupusas de queso,Traditional Food,0.5,0.1,0.45,10,4.5,Credit card,242
1084,2024-08-01,8,Thursday,5,Metrocentro,San Salvador,4,Yuca frita,Traditional Food,2.5,0.0,2.5,6,15.0,Bitcoin,331
1085,2024-03-02,3,Saturday,1,San Salvador Centro,San Salvador,8,Fresco de tamarindo,Beverages,0.75,0.0,0.75,9,6.75,Transfer,35
1086,2024-10-16,10,Wednesday,8,Chalatenango,Chalatenango,12,Canasta de palma,Handicrafts,12.0,0.15,10.2,14,142.8,Cash,352
1087,2024-07-10,7,Wednesday,2,Santa Ana,Santa Ana,16,Crema salvadoreña,Dairy,1.5,0.1,1.35,17,22.95,Debit card,433
1088,2024-10-24,10,Thursday,3,San Miguel,San Miguel,9,Camisa guayabera,Clothing,18.0,0.0,18.0,2,36.0,Cash,450
1089,2024-03-24,3,Sunday,6,Usulután,Usulután,5,Atol de elote,Beverages,1.0,0.0,1.0,2,2.0,Cash,326
1090,2024-05-28,5,Tuesday,1,San Salvador Centro,San Salvador,12,Canasta de palma,Handicrafts,12.0,0.05,11.4,10,114.0,Debit card,40
1091,2024-11-17,11,Sunday,4,Soyapango,San Salvador,17,Queso duro blando,Dairy,3.5,0.15,2.98,6,17.88,Cash,386
1092,2024-06-10,6,Monday,6,Usulután,Usulután,6,Kolachampán,Beverages,0.75,0.0,0.75,10,7.5,Debit card,353
1093,2024-09-30,9,Monday,2,Santa Ana,Santa Ana,12,Canasta de palma,Handicrafts,12.0,0.0,12.0,19,228.0,Credit card,7
1094,2024-07-09,7,Tuesday,5,Metrocentro,San Salvador,5,Atol de elote,Beverages,1.0,0.0,1.0,16,16.0,Cash,467
1095,2024-04-21,4,Sunday,2,Santa Ana,Santa Ana,6,Kolachampán,Beverages,0.75,0.05,0.71,5,3.55,Cash,97
1096,2024-08-01,8,Thursday,2,Santa Ana,Santa Ana,18,Curtido en frasco,Groceries,2.0,0.0,2.0,15,30.0,Cash,68
1097,2024-06-27,6,Thursday,8,Chalatenango,Chalatenango,1,Pupusas de queso,Traditional Food,0.5,0.1,0.45,10,4.5,Cash,419
1098,2024-03-29,3,Friday,6,Usulután,Usulután,15,Arroz blanco 1lb,Groceries,0.9,0.0,0.9,10,9.0,Debit card,61
1099,2024-12-21,12,Saturday,3,San Miguel,San Miguel,8,Fresco de tamarindo,Beverages,0.75,0.1,0.68,5,3.4,Cash,65
1100,2024-02-10,2,Saturday,3,San Miguel,San Miguel,7,Café salvadoreño,Beverages,1.5,0.1,1.35,14,18.9,Credit card,58
1101,2024-09-04,9,Wednesday,1,San Salvador Centro,San Salvador,3,Tamales de elote,Traditional Food,1.0,0.0,1.0,14,14.0,Cash,17
1102,2024-08-28,8,Wednesday,1,San Salvador Centro,San Salvador,17,Queso duro blando,Dairy,3.5,0.0,3.5,4,14.0,Cash,155
1103,2024-03-04,3,Monday,2,Santa Ana,Santa Ana,1,Pupusas de queso,Traditional Food,0.5,0.0,0.5,20,10.0,Debit card,103
1104,2024-01-15,1,Monday,6,Usulután,Usulután,6,Kolachampán,Beverages,0.75,0.0,0.75,3,2.25,Credit card,483
1105,2024-06-29,6,Saturday,6,Usulután,Usulután,9,Camisa guayabera,Clothing,18.0,0.15,15.3,6,91.8,Debit card,374
1106,2024-02-20,2,Tuesday,2,Santa Ana,Santa Ana,8,Fresco de tamarindo,Beverages,0.75,0.15,0.64,19,12.16,Cash,112
1107,2024-03-28,3,Thursday,5,Metrocentro,San Salvador,7,Café salvadoreño,Beverages,1.5,0.0,1.5,18,27.0,Transfer,51
1108,2024-07-06,7,Saturday,8,Chalatenango,Chalatenango,7,Café salvadoreño,Beverages,1.5,0.0,1.5,19,28.5,Cash,491
1109,2024-06-30,6,Sunday,3,San Miguel,San Miguel,4,Yuca frita,Traditional Food,2.5,0.0,2.5,13,32.5,Cash,117
1110,2024-06-09,6,Sunday,2,Santa Ana,Santa Ana,14,Frijoles rojos 1lb,Groceries,1.2,0.0,1.2,4,4.8,Cash,70
1111,2024-12-26,12,Thursday,6,Usulután,Usulután,16,Crema salvadoreña,Dairy,1.5,0.05,1.42,10,14.2,Debit card,43
1112,2024-02-29,2,Thursday,8,Chalatenango,Chalatenango,11,Jarrito de barro,Handicrafts,8.0,0.0,8.0,13,104.0,Cash,377
1113,2024-04-25,4,Thursday,8,Chalatenango,Chalatenango,10,Hamaca artesanal,Handicrafts,35.0,0.0,35.0,18,630.0,Cash,438
1114,2024-02-05,2,Monday,4,Soyapango,San Salvador,14,Frijoles rojos 1lb,Groceries,1.2,0.1,1.08,16,17.28,Cash,7
1115,2024-07-21,7,Sunday,2,Santa Ana,Santa Ana,16,Crema salvadoreña,Dairy,1.5,0.05,1.42,15,21.3,Debit card,44
1116,2024-07-21,7,Sunday,3,San Miguel,San Miguel,4,Yuca frita,Traditional Food,2.5,0.1,2.25,13,29.25,Debit card,53
1117,2024-07-05,7,Friday,2,Santa Ana,Santa Ana,6,Kolachampán,Beverages,0.75,0.0,0.75,7,5.25,Cash,433
1118,2024-04-29,4,Monday,2,Santa Ana,Santa Ana,13,Aceite vegetal 1L,Groceries,2.8,0.1,2.52,14,35.28,Cash,392
1119,2024-07-01,7,Monday,7,La Libertad,La Libertad,9,Camisa guayabera,Clothing,18.0,0.1,16.2,16,259.2,Debit card,208
1120,2024-03-16,3,Saturday,5,Metrocentro,San Salvador,16,Crema salvadoreña,Dairy,1.5,0.0,1.5,15,22.5,Cash,251
1121,2024-11-17,11,Sunday,4,Soyapango,San Salvador,16,Crema salvadoreña,Dairy,1.5,0.0,1.5,5,7.5,Cash,28
1122,2024-12-13,12,Friday,8,Chalatenango,Chalatenango,3,Tamales de elote,Traditional Food,1.0,0.0,1.0,1,1.0,Cash,348
1123,2024-06-04,6,Tuesday,3,San Miguel,San Miguel,11,Jarrito de barro,Handicrafts,8.0,0.05,7.6,20,152.0,Cash,40
1124,2024-08-26,8,Monday,8,Chalatenango,Chalatenango,17,Queso duro blando,Dairy,3.5,0.0,3.5,7,24.5,Debit card,252
1125,2024-10-04,10,Friday,5,Metrocentro,San Salvador,17,Queso duro blando,Dairy,3.5,0.15,2.98,11,32.78,Credit card,280
1126,2024-08-08,8,Thursday,1,San Salvador Centro,San Salvador,1,Pupusas de queso,Traditional Food,0.5,0.0,0.5,4,2.0,Cash,437
1127,2024-08-23,8,Friday,8,Chalatenango,Chalatenango,13,Aceite vegetal 1L,Groceries,2.8,0.0,2.8,2,5.6,Cash,338
1128,2024-09-08,9,Sunday,3,San Miguel,San Miguel,10,Hamaca artesanal,Handicrafts,35.0,0.0,35.0,14,490.0,Cash,200
1129,2024-10-18,10,Friday,2,Santa Ana,Santa Ana,16,Crema salvadoreña,Dairy,1.5,0.1,1.35,16,21.6,Debit card,277
1130,2024-10-14,10,Monday,8,Chalatenango,Chalatenango,16,Crema salvadoreña,Dairy,1.5,0.05,1.42,6,8.52,Cash,135
1131,2024-11-11,11,Monday,7,La Libertad,La Libertad,16,Crema salvadoreña,Dairy,1.5,0.15,1.27,12,15.24,Transfer,165
1132,2024-10-29,10,Tuesday,1,San Salvador Centro,San Salvador,2,Pupusas de frijol,Traditional Food,0.5,0.0,0.5,2,1.0,Credit card,179
1133,2024-07-13,7,Saturday,6,Usulután,Usulután,1,Pupusas de queso,Traditional Food,0.5,0.0,0.5,4,2.0,Cash,183
1134,2024-01-29,1,Monday,6,Usulután,Usulután,14,Frijoles rojos 1lb,Groceries,1.2,0.0,1.2,8,9.6,Cash,160
1135,2024-06-05,6,Wednesday,2,Santa Ana,Santa Ana,3,Tamales de elote,Traditional Food,1.0,0.0,1.0,4,4.0,Cash,276
1136,2024-08-23,8,Friday,1,San Salvador Centro,San Salvador,11,Jarrito de barro,Handicrafts,8.0,0.05,7.6,14,106.4,Debit card,216
1137,2024-12-22,12,Sunday,1,San Salvador Centro,San Salvador,9,Camisa guayabera,Clothing,18.0,0.05,17.1,16,273.6,Cash,163
1138,2024-06-14,6,Friday,7,La Libertad,La Libertad,13,Aceite vegetal 1L,Groceries,2.8,0.0,2.8,19,53.2,Credit card,52
1139,2024-09-11,9,Wednesday,6,Usulután,Usulután,7,Café salvadoreño,Beverages,1.5,0.15,1.27,17,21.59,Credit card,174
1140,2024-07-05,7,Friday,5,Metrocentro,San Salvador,6,Kolachampán,Beverages,0.75,0.0,0.75,14,10.5,Cash,434
1141,2024-05-27,5,Monday,4,Soyapango,San Salvador,3,Tamales de elote,Traditional Food,1.0,0.0,1.0,9,9.0,Cash,294
1142,2024-11-15,11,Friday,4,Soyapango,San Salvador,13,Aceite vegetal 1L,Groceries,2.8,0.1,2.52,3,7.56,Credit card,49
1143,2024-02-04,2,Sunday,5,Metrocentro,San Salvador,11,Jarrito de barro,Handicrafts,8.0,0.15,6.8,19,129.2,Debit card,219
1144,2024-02-09,2,Friday,6,Usulután,Usulután,7,Café salvadoreño,Beverages,1.5,0.05,1.42,10,14.2,Credit card,222
1145,2024-04-12,4,Friday,6,Usulután,Usulután,18,Curtido en frasco,Groceries,2.0,0.0,2.0,14,28.0,Cash,264
1146,2024-01-10,1,Wednesday,3,San Miguel,San Miguel,15,Arroz blanco 1lb,Groceries,0.9,0.15,0.77,17,13.09,Cash,256
1147,2024-05-17,5,Friday,8,Chalatenango,Chalatenango,7,Café salvadoreño,Beverages,1.5,0.15,1.27,18,22.86,Debit card,394
1148,2024-09-24,9,Tuesday,1,San Salvador Centro,San Salvador,14,Frijoles rojos 1lb,Groceries,1.2,0.0,1.2,7,8.4,Cash,124
1149,2024-08-10,8,Saturday,5,Metrocentro,San Salvador,5,Atol de elote,Beverages,1.0,0.0,1.0,14,14.0,Credit card,467
1150,2024-07-30,7,Tuesday,4,Soyapango,San Salvador,3,Tamales de elote,Traditional Food,1.0,0.15,0.85,9,7.65,Cash,83
1151,2024-07-26,7,Friday,4,Soyapango,San Salvador,9,Camisa guayabera,Clothing,18.0,0.0,18.0,8,144.0,Cash,15
1152,2024-08-25,8,Sunday,5,Metrocentro,San Salvador,8,Fresco de tamarindo,Beverages,0.75,0.05,0.71,16,11.36,Transfer,217
1153,2024-03-22,3,Friday,4,Soyapango,San Salvador,2,Pupusas de frijol,Traditional Food,0.5,0.0,0.5,9,4.5,Cash,405
1154,2024-11-25,11,Monday,3,San Miguel,San Miguel,9,Camisa guayabera,Clothing,18.0,0.1,16.2,2,32.4,Cash,11
1155,2024-06-09,6,Sunday,2,Santa Ana,Santa Ana,2,Pupusas de frijol,Traditional Food,0.5,0.0,0.5,20,10.0,Credit card,462
1156,2024-12-09,12,Monday,6,Usulután,Usulután,14,Frijoles rojos 1lb,Groceries,1.2,0.0,1.2,3,3.6,Bitcoin,371
1157,2024-02-27,2,Tuesday,4,Soyapango,San Salvador,5,Atol de elote,Beverages,1.0,0.1,0.9,19,17.1,Debit card,62
1158,2024-09-11,9,Wednesday,5,Metrocentro,San Salvador,17,Queso duro blando,Dairy,3.5,0.0,3.5,3,10.5,Debit card,396
1159,2024-10-26,10,Saturday,6,Usulután,Usulután,11,Jarrito de barro,Handicrafts,8.0,0.15,6.8,13,88.4,Debit card,121
1160,2024-03-14,3,Thursday,4,Soyapango,San Salvador,14,Frijoles rojos 1lb,Groceries,1.2,0.0,1.2,4,4.8,Cash,141
1161,2024-05-10,5,Friday,7,La Libertad,La Libertad,15,Arroz blanco 1lb,Groceries,0.9,0.0,0.9,19,17.1,Cash,192
1162,2024-10-06,10,Sunday,6,Usulután,Usulután,4,Yuca frita,Traditional Food,2.5,0.0,2.5,14,35.0,Debit card,494
1163,2024-07-04,7,Thursday,3,San Miguel,San Miguel,9,Camisa guayabera,Clothing,18.0,0.1,16.2,16,259.2,Cash,158
1164,2024-12-05,12,Thursday,1,San Salvador Centro,San Salvador,1,Pupusas de queso,Traditional Food,0.5,0.1,0.45,2,0.9,Bitcoin,344
1165,2024-10-09,10,Wednesday,5,Metrocentro,San Salvador,8,Fresco de tamarindo,Beverages,0.75,0.0,0.75,13,9.75,Debit card,359
1166,2024-09-30,9,Monday,2,Santa Ana,Santa Ana,12,Canasta de palma,Handicrafts,12.0,0.15,10.2,8,81.6,Cash,5
1167,2024-06-03,6,Monday,5,Metrocentro,San Salvador,13,Aceite vegetal 1L,Groceries,2.8,0.15,2.38,3,7.14,Credit card,153
1168,2024-08-12,8,Monday,3,San Miguel,San Miguel,7,Café salvadoreño,Beverages,1.5,0.15,1.27,11,13.97,Credit card,209
1169,2024-02-11,2,Sunday,5,Metrocentro,San Salvador,2,Pupusas de frijol,Traditional Food,0.5,0.0,0.5,16,8.0,Debit card,475
1170,2024-02-21,2,Wednesday,7,La Libertad,La Libertad,11,Jarrito de barro,Handicrafts,8.0,0.1,7.2,6,43.2,Cash,34
1171,2024-11-04,11,Monday,7,La Libertad,La Libertad,12,Canasta de palma,Handicrafts,12.0,0.1,10.8,18,194.4,Cash,356
1172,2024-11-24,11,Sunday,1,San Salvador Centro,San Salvador,1,Pupusas de queso,Traditional Food,0.5,0.1,0.45,6,2.7,Cash,329
1173,2024-07-24,7,Wednesday,1,San Salvador Centro,San Salvador,5,Atol de elote,Beverages,1.0,0.1,0.9,7,6.3,Cash,295
1174,2024-03-21,3,Thursday,2,Santa Ana,Santa Ana,3,Tamales de elote,Traditional Food,1.0,0.05,0.95,8,7.6,Debit card,394
1175,2024-06-12,6,Wednesday,7,La Libertad,La Libertad,5,Atol de elote,Beverages,1.0,0.0,1.0,15,15.0,Credit card,69
1176,2024-12-17,12,Tuesday,3,San Miguel,San Miguel,9,Camisa guayabera,Clothing,18.0,0.15,15.3,19,290.7,Cash,145
1177,2024-07-31,7,Wednesday,2,Santa Ana,Santa Ana,7,Café salvadoreño,Beverages,1.5,0.0,1.5,12,18.0,Cash,194
1178,2024-01-12,1,Friday,1,San Salvador Centro,San Salvador,8,Fresco de tamarindo,Beverages,0.75,0.1,0.68,18,12.24,Debit card,118
1179,2024-04-11,4,Thursday,8,Chalatenango,Chalatenango,3,Tamales de elote,Traditional Food,1.0,0.1,0.9,9,8.1,Credit card,26
1180,2024-11-03,11,Sunday,7,La Libertad,La Libertad,13,Aceite vegetal 1L,Groceries,2.8,0.0,2.8,9,25.2,Cash,189
1181,2024-01-08,1,Monday,2,Santa Ana,Santa Ana,6,Kolachampán,Beverages,0.75,0.0,0.75,17,12.75,Credit card,476
1182,2024-03-01,3,Friday,8,Chalatenango,Chalatenango,15,Arroz blanco 1lb,Groceries,0.9,0.1,0.81,8,6.48,Cash,485
1183,2024-09-10,9,Tuesday,5,Metrocentro,San Salvador,9,Camisa guayabera,Clothing,18.0,0.0,18.0,13,234.0,Cash,106
1184,2024-12-12,12,Thursday,5,Metrocentro,San Salvador,7,Café salvadoreño,Beverages,1.5,0.0,1.5,7,10.5,Cash,406
1185,2024-05-28,5,Tuesday,1,San Salvador Centro,San Salvador,5,Atol de elote,Beverages,1.0,0.0,1.0,9,9.0,Debit card,465
1186,2024-10-25,10,Friday,6,Usulután,Usulután,8,Fresco de tamarindo,Beverages,0.75,0.0,0.75,15,11.25,Cash,69
1187,2024-12-17,12,Tuesday,7,La Libertad,La Libertad,11,Jarrito de barro,Handicrafts,8.0,0.1,7.2,7,50.4,Cash,217
1188,2024-02-18,2,Sunday,2,Santa Ana,Santa Ana,9,Camisa guayabera,Clothing,18.0,0.0,18.0,18,324.0,Cash,477
1189,2024-06-30,6,Sunday,8,Chalatenango,Chalatenango,8,Fresco de tamarindo,Beverages,0.75,0.1,0.68,20,13.6,Transfer,307
1190,2024-05-09,5,Thursday,1,San Salvador Centro,San Salvador,2,Pupusas de frijol,Traditional Food,0.5,0.05,0.47,17,7.99,Cash,203
1191,2024-10-13,10,Sunday,3,San Miguel,San Miguel,12,Canasta de palma,Handicrafts,12.0,0.05,11.4,2,22.8,Cash,87
1192,2024-06-22,6,Saturday,8,Chalatenango,Chalatenango,17,Queso duro blando,Dairy,3.5,0.0,3.5,15,52.5,Cash,364
1193,2024-03-13,3,Wednesday,7,La Libertad,La Libertad,17,Queso duro blando,Dairy,3.5,0.0,3.5,9,31.5,Cash,66
1194,2024-07-03,7,Wednesday,5,Metrocentro,San Salvador,16,Crema salvadoreña,Dairy,1.5,0.0,1.5,14,21.0,Bitcoin,135
1195,2024-08-11,8,Sunday,6,Usulután,Usulután,9,Camisa guayabera,Clothing,18.0,0.0,18.0,6,108.0,Debit card,252
1196,2024-01-28,1,Sunday,8,Chalatenango,Chalatenango,5,Atol de elote,Beverages,1.0,0.0,1.0,7,7.0,Cash,94
1197,2024-05-13,5,Monday,8,Chalatenango,Chalatenango,2,Pupusas de frijol,Traditional Food,0.5,0.1,0.45,6,2.7,Cash,60
1198,2024-08-14,8,Wednesday,1,San Salvador Centro,San Salvador,16,Crema salvadoreña,Dairy,1.5,0.1,1.35,12,16.2,Debit card,235
1199,2024-03-16,3,Saturday,2,Santa Ana,Santa Ana,16,Crema salvadoreña,Dairy,1.5,0.0,1.5,4,6.0,Cash,445
1200,2024-03-27,3,Wednesday,3,San Miguel,San Miguel,10,Hamaca artesanal,Handicrafts,35.0,0.15,29.75,17,505.75,Cash,457
1201,2024-09-26,9,Thursday,1,San Salvador Centro,San Salvador,7,Café salvadoreño,Beverages,1.5,0.0,1.5,19,28.5,Cash,40
1202,2024-12-12,12,Thursday,8,Chalatenango,Chalatenango,8,Fresco de tamarindo,Beverages,0.75,0.0,0.75,4,3.0,Cash,349
1203,2024-07-10,7,Wednesday,7,La Libertad,La Libertad,4,Yuca frita,Traditional Food,2.5,0.0,2.5,19,47.5,Credit card,79
1204,2024-08-23,8,Friday,2,Santa Ana,Santa Ana,1,Pupusas de queso,Traditional Food,0.5,0.0,0.5,16,8.0,Debit card,138
1205,2024-01-23,1,Tuesday,6,Usulután,Usulután,1,Pupusas de queso,Traditional Food,0.5,0.0,0.5,20,10.0,Cash,375
1206,2024-01-25,1,Thursday,4,Soyapango,San Salvador,5,Atol de elote,Beverages,1.0,0.0,1.0,10,10.0,Credit card,381
1207,2024-02-17,2,Saturday,7,La Libertad,La Libertad,3,Tamales de elote,Traditional Food,1.0,0.0,1.0,13,13.0,Cash,495
1208,2024-01-11,1,Thursday,2,Santa Ana,Santa Ana,13,Aceite vegetal 1L,Groceries,2.8,0.0,2.8,7,19.6,Cash,207
1209,2024-03-02,3,Saturday,3,San Miguel,San Miguel,10,Hamaca artesanal,Handicrafts,35.0,0.0,35.0,10,350.0,Credit card,377
1210,2024-07-02,7,Tuesday,3,San Miguel,San Miguel,10,Hamaca artesanal,Handicrafts,35.0,0.15,29.75,4,119.0,Cash,103
1211,2024-07-17,7,Wednesday,8,Chalatenango,Chalatenango,16,Crema salvadoreña,Dairy,1.5,0.0,1.5,16,24.0,Debit card,217
1212,2024-07-07,7,Sunday,7,La Libertad,La Libertad,3,Tamales de elote,Traditional Food,1.0,0.0,1.0,20,20.0,Cash,219
1213,2024-09-19,9,Thursday,1,San Salvador Centro,San Salvador,3,Tamales de elote,Traditional Food,1.0,0.0,1.0,11,11.0,Debit card,332
1214,2024-09-26,9,Thursday,8,Chalatenango,Chalatenango,5,Atol de elote,Beverages,1.0,0.0,1.0,17,17.0,Cash,224
1215,2024-06-02,6,Sunday,8,Chalatenango,Chalatenango,3,Tamales de elote,Traditional Food,1.0,0.0,1.0,5,5.0,Debit card,154
1216,2024-05-31,5,Friday,7,La Libertad,La Libertad,8,Fresco de tamarindo,Beverages,0.75,0.0,0.75,19,14.25,Debit card,470
1217,2024-09-18,9,Wednesday,2,Santa Ana,Santa Ana,2,Pupusas de frijol,Traditional Food,0.5,0.0,0.5,14,7.0,Cash,339
1218,2024-05-10,5,Friday,6,Usulután,Usulután,9,Camisa guayabera,Clothing,18.0,0.0,18.0,19,342.0,Credit card,9
1219,2024-04-01,4,Monday,8,Chalatenango,Chalatenango,4,Yuca frita,Traditional Food,2.5,0.15,2.12,6,12.72,Cash,43
1220,2024-06-09,6,Sunday,5,Metrocentro,San Salvador,14,Frijoles rojos 1lb,Groceries,1.2,0.1,1.08,19,20.52,Cash,344
1221,2024-06-23,6,Sunday,5,Metrocentro,San Salvador,15,Arroz blanco 1lb,Groceries,0.9,0.0,0.9,6,5.4,Cash,383
1222,2024-08-10,8,Saturday,2,Santa Ana,Santa Ana,9,Camisa guayabera,Clothing,18.0,0.0,18.0,18,324.0,Cash,60
1223,2024-12-01,12,Sunday,3,San Miguel,San Miguel,1,Pupusas de queso,Traditional Food,0.5,0.0,0.5,16,8.0,Debit card,445
1224,2024-11-12,11,Tuesday,5,Metrocentro,San Salvador,16,Crema salvadoreña,Dairy,1.5,0.0,1.5,20,30.0,Debit card,494
1225,2024-02-14,2,Wednesday,5,Metrocentro,San Salvador,13,Aceite vegetal 1L,Groceries,2.8,0.0,2.8,5,14.0,Cash,58
1226,2024-01-14,1,Sunday,4,Soyapango,San Salvador,1,Pupusas de queso,Traditional Food,0.5,0.0,0.5,7,3.5,Debit card,333
1227,2024-11-16,11,Saturday,7,La Libertad,La Libertad,8,Fresco de tamarindo,Beverages,0.75,0.0,0.75,18,13.5,Cash,395
1228,2024-08-30,8,Friday,3,San Miguel,San Miguel,15,Arroz blanco 1lb,Groceries,0.9,0.0,0.9,14,12.6,Cash,463
1229,2024-09-05,9,Thursday,8,Chalatenango,Chalatenango,5,Atol de elote,Beverages,1.0,0.0,1.0,16,16.0,Credit card,300
1230,2024-05-30,5,Thursday,4,Soyapango,San Salvador,8,Fresco de tamarindo,Beverages,0.75,0.15,0.64,19,12.16,Credit card,27
1231,2024-02-22,2,Thursday,1,San Salvador Centro,San Salvador,11,Jarrito de barro,Handicrafts,8.0,0.0,8.0,14,112.0,Credit card,378
1232,2024-01-19,1,Friday,5,Metrocentro,San Salvador,18,Curtido en frasco,Groceries,2.0,0.0,2.0,16,32.0,Cash,303
1233,2024-02-01,2,Thursday,4,Soyapango,San Salvador,16,Crema salvadoreña,Dairy,1.5,0.0,1.5,17,25.5,Cash,162
1234,2024-05-17,5,Friday,2,Santa Ana,Santa Ana,18,Curtido en frasco,Groceries,2.0,0.0,2.0,14,28.0,Cash,319
1235,2024-12-23,12,Monday,8,Chalatenango,Chalatenango,12,Canasta de palma,Handicrafts,12.0,0.0,12.0,14,168.0,Cash,372
1236,2024-06-25,6,Tuesday,8,Chalatenango,Chalatenango,7,Café salvadoreño,Beverages,1.5,0.0,1.5,15,22.5,Debit card,301
1237,2024-03-08,3,Friday,8,Chalatenango,Chalatenango,11,Jarrito de barro,Handicrafts,8.0,0.1,7.2,10,72.0,Debit card,492
1238,2024-08-29,8,Thursday,6,Usulután,Usulután,14,Frijoles rojos 1lb,Groceries,1.2,0.05,1.14,6,6.84,Cash,354
1239,2024-03-07,3,Thursday,8,Chalatenango,Chalatenango,3,Tamales de elote,Traditional Food,1.0,0.0,1.0,6,6.0,Cash,252
1240,2024-09-09,9,Monday,7,La Libertad,La Libertad,4,Yuca frita,Traditional Food,2.5,0.0,2.5,10,25.0,Cash,25
1241,2024-05-13,5,Monday,6,Usulután,Usulután,1,Pupusas de queso,Traditional Food,0.5,0.1,0.45,12,5.4,Cash,424
1242,2024-02-02,2,Friday,1,San Salvador Centro,San Salvador,17,Queso duro blando,Dairy,3.5,0.0,3.5,11,38.5,Cash,117
1243,2024-09-06,9,Friday,4,Soyapango,San Salvador,4,Yuca frita,Traditional Food,2.5,0.0,2.5,9,22.5,Credit card,394
1244,2024-03-18,3,Monday,5,Metrocentro,San Salvador,2,Pupusas de frijol,Traditional Food,0.5,0.05,0.47,17,7.99,Debit card,362
1245,2024-08-22,8,Thursday,8,Chalatenango,Chalatenango,2,Pupusas de frijol,Traditional Food,0.5,0.0,0.5,4,2.0,Credit card,313
1246,2024-09-16,9,Monday,1,San Salvador Centro,San Salvador,4,Yuca frita,Traditional Food,2.5,0.0,2.5,4,10.0,Debit card,446
1247,2024-03-21,3,Thursday,6,Usulután,Usulután,7,Café salvadoreño,Beverages,1.5,0.1,1.35,10,13.5,Cash,260
1248,2024-03-19,3,Tuesday,2,Santa Ana,Santa Ana,16,Crema salvadoreña,Dairy,1.5,0.0,1.5,12,18.0,Credit card,63
1249,2024-07-31,7,Wednesday,8,Chalatenango,Chalatenango,7,Café salvadoreño,Beverages,1.5,0.0,1.5,1,1.5,Credit card,243
1250,2024-09-15,9,Sunday,5,Metrocentro,San Salvador,11,Jarrito de barro,Handicrafts,8.0,0.0,8.0,6,48.0,Cash,367
1251,2024-11-18,11,Monday,6,Usulután,Usulután,14,Frijoles rojos 1lb,Groceries,1.2,0.0,1.2,8,9.6,Credit card,272
1252,2024-03-11,3,Monday,4,Soyapango,San Salvador,14,Frijoles rojos 1lb,Groceries,1.2,0.0,1.2,14,16.8,Bitcoin,460
1253,2024-01-16,1,Tuesday,6,Usulután,Usulután,15,Arroz blanco 1lb,Groceries,0.9,0.0,0.9,15,13.5,Credit card,368
1254,2024-02-13,2,Tuesday,2,Santa Ana,Santa Ana,17,Queso duro blando,Dairy,3.5,0.0,3.5,11,38.5,Cash,396
1255,2024-02-01,2,Thursday,7,La Libertad,La Libertad,6,Kolachampán,Beverages,0.75,0.15,0.64,13,8.32,Cash,473
1256,2024-11-19,11,Tuesday,1,San Salvador Centro,San Salvador,5,Atol de elote,Beverages,1.0,0.0,1.0,17,17.0,Cash,454
1257,2024-06-09,6,Sunday,5,Metrocentro,San Salvador,18,Curtido en frasco,Groceries,2.0,0.0,2.0,12,24.0,Credit card,461
1258,2024-12-24,12,Tuesday,3,San Miguel,San Miguel,17,Queso duro blando,Dairy,3.5,0.0,3.5,13,45.5,Debit card,455
1259,2024-12-23,12,Monday,8,Chalatenango,Chalatenango,18,Curtido en frasco,Groceries,2.0,0.15,1.7,12,20.4,Credit card,208
1260,2024-02-13,2,Tuesday,5,Metrocentro,San Salvador,7,Café salvadoreño,Beverages,1.5,0.05,1.42,2,2.84,Cash,372
1261,2024-04-19,4,Friday,5,Metrocentro,San Salvador,5,Atol de elote,Beverages,1.0,0.05,0.95,3,2.85,Debit card,267
1262,2024-01-12,1,Friday,3,San Miguel,San Miguel,11,Jarrito de barro,Handicrafts,8.0,0.15,6.8,1,6.8,Debit card,133
1263,2024-08-04,8,Sunday,5,Metrocentro,San Salvador,8,Fresco de tamarindo,Beverages,0.75,0.0,0.75,17,12.75,Debit card,431
1264,2024-11-17,11,Sunday,5,Metrocentro,San Salvador,12,Canasta de palma,Handicrafts,12.0,0.0,12.0,17,204.0,Cash,388
1265,2024-06-01,6,Saturday,8,Chalatenango,Chalatenango,4,Yuca frita,Traditional Food,2.5,0.1,2.25,19,42.75,Cash,174
1266,2024-06-28,6,Friday,4,Soyapango,San Salvador,8,Fresco de tamarindo,Beverages,0.75,0.0,0.75,10,7.5,Debit card,418
1267,2024-09-23,9,Monday,7,La Libertad,La Libertad,5,Atol de elote,Beverages,1.0,0.0,1.0,8,8.0,Cash,299
1268,2024-08-20,8,Tuesday,6,Usulután,Usulután,7,Café salvadoreño,Beverages,1.5,0.0,1.5,4,6.0,Debit card,425
1269,2024-02-17,2,Saturday,2,Santa Ana,Santa Ana,14,Frijoles rojos 1lb,Groceries,1.2,0.0,1.2,2,2.4,Credit card,244
1270,2024-02-09,2,Friday,8,Chalatenango,Chalatenango,7,Café salvadoreño,Beverages,1.5,0.1,1.35,12,16.2,Debit card,302
1271,2024-05-15,5,Wednesday,7,La Libertad,La Libertad,18,Curtido en frasco,Groceries,2.0,0.0,2.0,19,38.0,Debit card,226
1272,2024-03-24,3,Sunday,7,La Libertad,La Libertad,16,Crema salvadoreña,Dairy,1.5,0.05,1.42,5,7.1,Cash,365
1273,2024-12-26,12,Thursday,3,San Miguel,San Miguel,15,Arroz blanco 1lb,Groceries,0.9,0.15,0.77,17,13.09,Debit card,356
1274,2024-08-30,8,Friday,8,Chalatenango,Chalatenango,7,Café salvadoreño,Beverages,1.5,0.1,1.35,2,2.7,Cash,287
1275,2024-11-04,11,Monday,2,Santa Ana,Santa Ana,12,Canasta de palma,Handicrafts,12.0,0.0,12.0,14,168.0,Cash,293
1276,2024-09-24,9,Tuesday,1,San Salvador Centro,San Salvador,10,Hamaca artesanal,Handicrafts,35.0,0.0,35.0,5,175.0,Cash,192
1277,2024-09-05,9,Thursday,5,Metrocentro,San Salvador,10,Hamaca artesanal,Handicrafts,35.0,0.15,29.75,1,29.75,Cash,402
1278,2024-06-05,6,Wednesday,1,San Salvador Centro,San Salvador,14,Frijoles rojos 1lb,Groceries,1.2,0.0,1.2,10,12.0,Cash,379
1279,2024-03-03,3,Sunday,1,San Salvador Centro,San Salvador,16,Crema salvadoreña,Dairy,1.5,0.0,1.5,18,27.0,Cash,23
1280,2024-10-20,10,Sunday,8,Chalatenango,Chalatenango,14,Frijoles rojos 1lb,Groceries,1.2,0.05,1.14,10,11.4,Cash,173
1281,2024-11-06,11,Wednesday,8,Chalatenango,Chalatenango,13,Aceite vegetal 1L,Groceries,2.8,0.15,2.38,5,11.9,Cash,326
1282,2024-12-07,12,Saturday,8,Chalatenango,Chalatenango,15,Arroz blanco 1lb,Groceries,0.9,0.0,0.9,15,13.5,Credit card,167
1283,2024-07-17,7,Wednesday,7,La Libertad,La Libertad,3,Tamales de elote,Traditional Food,1.0,0.0,1.0,8,8.0,Cash,24
1284,2024-11-26,11,Tuesday,5,Metrocentro,San Salvador,15,Arroz blanco 1lb,Groceries,0.9,0.15,0.77,3,2.31,Cash,13
1285,2024-11-25,11,Monday,2,Santa Ana,Santa Ana,10,Hamaca artesanal,Handicrafts,35.0,0.0,35.0,18,630.0,Cash,317
1286,2024-10-18,10,Friday,1,San Salvador Centro,San Salvador,18,Curtido en frasco,Groceries,2.0,0.0,2.0,17,34.0,Credit card,258
1287,2024-12-03,12,Tuesday,2,Santa Ana,Santa Ana,1,Pupusas de queso,Traditional Food,0.5,0.0,0.5,18,9.0,Transfer,141
1288,2024-12-27,12,Friday,4,Soyapango,San Salvador,7,Café salvadoreño,Beverages,1.5,0.0,1.5,19,28.5,Cash,274
1289,2024-10-28,10,Monday,7,La Libertad,La Libertad,11,Jarrito de barro,Handicrafts,8.0,0.0,8.0,2,16.0,Credit card,12
1290,2024-04-02,4,Tuesday,7,La Libertad,La Libertad,11,Jarrito de barro,Handicrafts,8.0,0.0,8.0,14,112.0,Credit card,163
1291,2024-02-16,2,Friday,5,Metrocentro,San Salvador,13,Aceite vegetal 1L,Groceries,2.8,0.0,2.8,4,11.2,Debit card,147
1292,2024-05-10,5,Friday,3,San Miguel,San Miguel,5,Atol de elote,Beverages,1.0,0.0,1.0,3,3.0,Cash,209
1293,2024-11-10,11,Sunday,1,San Salvador Centro,San Salvador,6,Kolachampán,Beverages,0.75,0.0,0.75,11,8.25,Cash,30
1294,2024-02-20,2,Tuesday,7,La Libertad,La Libertad,10,Hamaca artesanal,Handicrafts,35.0,0.0,35.0,11,385.0,Cash,166
1295,2024-03-02,3,Saturday,7,La Libertad,La Libertad,9,Camisa guayabera,Clothing,18.0,0.0,18.0,2,36.0,Cash,306
1296,2024-09-17,9,Tuesday,8,Chalatenango,Chalatenango,8,Fresco de tamarindo,Beverages,0.75,0.0,0.75,17,12.75,Bitcoin,138
1297,2024-08-25,8,Sunday,6,Usulután,Usulután,2,Pupusas de frijol,Traditional Food,0.5,0.0,0.5,18,9.0,Cash,15
1298,2024-01-10,1,Wednesday,4,Soyapango,San Salvador,14,Frijoles rojos 1lb,Groceries,1.2,0.05,1.14,9,10.26,Transfer,346
1299,2024-10-11,10,Friday,4,Soyapango,San Salvador,4,Yuca frita,Traditional Food,2.5,0.0,2.5,5,12.5,Debit card,229
1300,2024-03-13,3,Wednesday,4,Soyapango,San Salvador,3,Tamales de elote,Traditional Food,1.0,0.05,0.95,12,11.4,Transfer,401
1301,2024-10-11,10,Friday,7,La Libertad,La Libertad,8,Fresco de tamarindo,Beverages,0.75,0.0,0.75,15,11.25,Cash,238
1302,2024-01-01,1,Monday,3,San Miguel,San Miguel,10,Hamaca artesanal,Handicrafts,35.0,0.0,35.0,2,70.0,Cash,129
1303,2024-11-19,11,Tuesday,6,Usulután,Usulután,13,Aceite vegetal 1L,Groceries,2.8,0.05,2.66,7,18.62,Credit card,145
1304,2024-09-30,9,Monday,3,San Miguel,San Miguel,2,Pupusas de frijol,Traditional Food,0.5,0.0,0.5,19,9.5,Cash,203
1305,2024-10-11,10,Friday,3,San Miguel,San Miguel,4,Yuca frita,Traditional Food,2.5,0.0,2.5,9,22.5,Cash,259
1306,2024-11-21,11,Thursday,6,Usulután,Usulután,11,Jarrito de barro,Handicrafts,8.0,0.15,6.8,9,61.2,Debit card,140
1307,2024-06-23,6,Sunday,6,Usulután,Usulután,8,Fresco de tamarindo,Beverages,0.75,0.0,0.75,7,5.25,Transfer,169
1308,2024-11-26,11,Tuesday,3,San Miguel,San Miguel,1,Pupusas de queso,Traditional Food,0.5,0.05,0.47,1,0.47,Cash,462
1309,2024-07-30,7,Tuesday,3,San Miguel,San Miguel,1,Pupusas de queso,Traditional Food,0.5,0.1,0.45,18,8.1,Debit card,391
1310,2024-11-28,11,Thursday,2,Santa Ana,Santa Ana,13,Aceite vegetal 1L,Groceries,2.8,0.05,2.66,3,7.98,Cash,427
1311,2024-06-29,6,Saturday,2,Santa Ana,Santa Ana,15,Arroz blanco 1lb,Groceries,0.9,0.15,0.77,13,10.01,Debit card,199
1312,2024-03-04,3,Monday,1,San Salvador Centro,San Salvador,6,Kolachampán,Beverages,0.75,0.0,0.75,15,11.25,Bitcoin,228
1313,2024-01-11,1,Thursday,4,Soyapango,San Salvador,1,Pupusas de queso,Traditional Food,0.5,0.1,0.45,9,4.05,Bitcoin,184
1314,2024-11-10,11,Sunday,2,Santa Ana,Santa Ana,7,Café salvadoreño,Beverages,1.5,0.15,1.27,10,12.7,Debit card,120
1315,2024-01-19,1,Friday,6,Usulután,Usulután,16,Crema salvadoreña,Dairy,1.5,0.0,1.5,9,13.5,Bitcoin,362
1316,2024-04-10,4,Wednesday,1,San Salvador Centro,San Salvador,7,Café salvadoreño,Beverages,1.5,0.0,1.5,13,19.5,Credit card,292
1317,2024-03-28,3,Thursday,8,Chalatenango,Chalatenango,17,Queso duro blando,Dairy,3.5,0.0,3.5,18,63.0,Debit card,290
1318,2024-10-28,10,Monday,2,Santa Ana,Santa Ana,6,Kolachampán,Beverages,0.75,0.1,0.68,5,3.4,Cash,133
1319,2024-04-08,4,Monday,5,Metrocentro,San Salvador,8,Fresco de tamarindo,Beverages,0.75,0.1,0.68,1,0.68,Debit card,315
1320,2024-01-02,1,Tuesday,8,Chalatenango,Chalatenango,9,Camisa guayabera,Clothing,18.0,0.1,16.2,14,226.8,Debit card,333
1321,2024-08-09,8,Friday,6,Usulután,Usulután,2,Pupusas de frijol,Traditional Food,0.5,0.0,0.5,14,7.0,Cash,266
1322,2024-07-04,7,Thursday,8,Chalatenango,Chalatenango,15,Arroz blanco 1lb,Groceries,0.9,0.15,0.77,17,13.09,Cash,370
1323,2024-05-22,5,Wednesday,1,San Salvador Centro,San Salvador,8,Fresco de tamarindo,Beverages,0.75,0.05,0.71,14,9.94,Cash,3
1324,2024-06-20,6,Thursday,4,Soyapango,San Salvador,13,Aceite vegetal 1L,Groceries,2.8,0.05,2.66,3,7.98,Credit card,378
1325,2024-02-08,2,Thursday,7,La Libertad,La Libertad,8,Fresco de tamarindo,Beverages,0.75,0.0,0.75,8,6.0,Cash,160
1326,2024-01-15,1,Monday,2,Santa Ana,Santa Ana,3,Tamales de elote,Traditional Food,1.0,0.0,1.0,16,16.0,Credit card,304
1327,2024-05-06,5,Monday,5,Metrocentro,San Salvador,11,Jarrito de barro,Handicrafts,8.0,0.0,8.0,4,32.0,Cash,175
1328,2024-09-23,9,Monday,6,Usulután,Usulután,2,Pupusas de frijol,Traditional Food,0.5,0.0,0.5,8,4.0,Credit card,318
1329,2024-11-16,11,Saturday,2,Santa Ana,Santa Ana,15,Arroz blanco 1lb,Groceries,0.9,0.05,0.85,15,12.75,Cash,499
1330,2024-07-12,7,Friday,1,San Salvador Centro,San Salvador,2,Pupusas de frijol,Traditional Food,0.5,0.15,0.42,11,4.62,Debit card,401
1331,2024-08-14,8,Wednesday,1,San Salvador Centro,San Salvador,5,Atol de elote,Beverages,1.0,0.0,1.0,2,2.0,Debit card,222
1332,2024-12-12,12,Thursday,2,Santa Ana,Santa Ana,3,Tamales de elote,Traditional Food,1.0,0.05,0.95,2,1.9,Cash,436
1333,2024-02-19,2,Monday,7,La Libertad,La Libertad,13,Aceite vegetal 1L,Groceries,2.8,0.15,2.38,20,47.6,Cash,443
1334,2024-07-15,7,Monday,8,Chalatenango,Chalatenango,1,Pupusas de queso,Traditional Food,0.5,0.15,0.42,15,6.3,Cash,318
1335,2024-11-29,11,Friday,6,Usulután,Usulután,4,Yuca frita,Traditional Food,2.5,0.0,2.5,1,2.5,Debit card,301
1336,2024-02-22,2,Thursday,2,Santa Ana,Santa Ana,7,Café salvadoreño,Beverages,1.5,0.05,1.42,1,1.42,Debit card,304
1337,2024-11-22,11,Friday,3,San Miguel,San Miguel,7,Café salvadoreño,Beverages,1.5,0.0,1.5,17,25.5,Cash,247
1338,2024-05-04,5,Saturday,3,San Miguel,San Miguel,15,Arroz blanco 1lb,Groceries,0.9,0.15,0.77,5,3.85,Cash,66
1339,2024-09-19,9,Thursday,7,La Libertad,La Libertad,10,Hamaca artesanal,Handicrafts,35.0,0.0,35.0,12,420.0,Debit card,278
1340,2024-08-28,8,Wednesday,3,San Miguel,San Miguel,5,Atol de elote,Beverages,1.0,0.05,0.95,10,9.5,Cash,189
1341,2024-01-30,1,Tuesday,3,San Miguel,San Miguel,1,Pupusas de queso,Traditional Food,0.5,0.05,0.47,8,3.76,Credit card,287
1342,2024-06-25,6,Tuesday,7,La Libertad,La Libertad,2,Pupusas de frijol,Traditional Food,0.5,0.0,0.5,7,3.5,Debit card,104
1343,2024-04-06,4,Saturday,6,Usulután,Usulután,3,Tamales de elote,Traditional Food,1.0,0.1,0.9,16,14.4,Debit card,240
1344,2024-11-11,11,Monday,6,Usulután,Usulután,11,Jarrito de barro,Handicrafts,8.0,0.0,8.0,10,80.0,Cash,54
1345,2024-09-10,9,Tuesday,1,San Salvador Centro,San Salvador,15,Arroz blanco 1lb,Groceries,0.9,0.0,0.9,8,7.2,Debit card,355
1346,2024-11-15,11,Friday,8,Chalatenango,Chalatenango,8,Fresco de tamarindo,Beverages,0.75,0.0,0.75,7,5.25,Cash,394
1347,2024-04-15,4,Monday,7,La Libertad,La Libertad,11,Jarrito de barro,Handicrafts,8.0,0.0,8.0,13,104.0,Credit card,4
1348,2024-02-07,2,Wednesday,1,San Salvador Centro,San Salvador,12,Canasta de palma,Handicrafts,12.0,0.0,12.0,12,144.0,Debit card,73
1349,2024-04-09,4,Tuesday,8,Chalatenango,Chalatenango,10,Hamaca artesanal,Handicrafts,35.0,0.15,29.75,19,565.25,Cash,500
1350,2024-04-11,4,Thursday,4,Soyapango,San Salvador,1,Pupusas de queso,Traditional Food,0.5,0.0,0.5,10,5.0,Cash,135
1351,2024-10-10,10,Thursday,6,Usulután,Usulután,6,Kolachampán,Beverages,0.75,0.0,0.75,8,6.0,Cash,91
1352,2024-01-11,1,Thursday,2,Santa Ana,Santa Ana,9,Camisa guayabera,Clothing,18.0,0.0,18.0,5,90.0,Debit card,454
1353,2024-04-17,4,Wednesday,6,Usulután,Usulután,4,Yuca frita,Traditional Food,2.5,0.0,2.5,10,25.0,Cash,415
1354,2024-09-26,9,Thursday,3,San Miguel,San Miguel,12,Canasta de palma,Handicrafts,12.0,0.0,12.0,20,240.0,Credit card,34
1355,2024-03-07,3,Thursday,3,San Miguel,San Miguel,4,Yuca frita,Traditional Food,2.5,0.0,2.5,7,17.5,Debit card,356
1356,2024-11-02,11,Saturday,6,Usulután,Usulután,12,Canasta de palma,Handicrafts,12.0,0.1,10.8,14,151.2,Cash,24
1357,2024-03-17,3,Sunday,5,Metrocentro,San Salvador,7,Café salvadoreño,Beverages,1.5,0.0,1.5,11,16.5,Cash,408
1358,2024-09-17,9,Tuesday,3,San Miguel,San Miguel,9,Camisa guayabera,Clothing,18.0,0.0,18.0,19,342.0,Cash,42
1359,2024-03-26,3,Tuesday,2,Santa Ana,Santa Ana,16,Crema salvadoreña,Dairy,1.5,0.0,1.5,17,25.5,Credit card,331
1360,2024-09-12,9,Thursday,6,Usulután,Usulután,17,Queso duro blando,Dairy,3.5,0.0,3.5,17,59.5,Cash,365
1361,2024-09-10,9,Tuesday,8,Chalatenango,Chalatenango,12,Canasta de palma,Handicrafts,12.0,0.0,12.0,16,192.0,Debit card,327
1362,2024-04-22,4,Monday,4,Soyapango,San Salvador,2,Pupusas de frijol,Traditional Food,0.5,0.0,0.5,7,3.5,Credit card,203
1363,2024-08-05,8,Monday,5,Metrocentro,San Salvador,7,Café salvadoreño,Beverages,1.5,0.05,1.42,13,18.46,Cash,432
1364,2024-10-08,10,Tuesday,5,Metrocentro,San Salvador,12,Canasta de palma,Handicrafts,12.0,0.0,12.0,3,36.0,Credit card,152
1365,2024-04-27,4,Saturday,6,Usulután,Usulután,15,Arroz blanco 1lb,Groceries,0.9,0.0,0.9,19,17.1,Cash,319
1366,2024-08-18,8,Sunday,7,La Libertad,La Libertad,11,Jarrito de barro,Handicrafts,8.0,0.0,8.0,15,120.0,Cash,412
1367,2024-05-19,5,Sunday,6,Usulután,Usulután,16,Crema salvadoreña,Dairy,1.5,0.0,1.5,13,19.5,Cash,120
1368,2024-07-02,7,Tuesday,2,Santa Ana,Santa Ana,9,Camisa guayabera,Clothing,18.0,0.0,18.0,3,54.0,Credit card,263
1369,2024-05-21,5,Tuesday,2,Santa Ana,Santa Ana,18,Curtido en frasco,Groceries,2.0,0.0,2.0,8,16.0,Cash,185
1370,2024-06-19,6,Wednesday,4,Soyapango,San Salvador,2,Pupusas de frijol,Traditional Food,0.5,0.1,0.45,7,3.15,Cash,155
1371,2024-12-27,12,Friday,4,Soyapango,San Salvador,9,Camisa guayabera,Clothing,18.0,0.0,18.0,20,360.0,Transfer,386
1372,2024-01-05,1,Friday,5,Metrocentro,San Salvador,18,Curtido en frasco,Groceries,2.0,0.0,2.0,10,20.0,Credit card,401
1373,2024-10-23,10,Wednesday,7,La Libertad,La Libertad,13,Aceite vegetal 1L,Groceries,2.8,0.0,2.8,1,2.8,Debit card,390
1374,2024-04-26,4,Friday,7,La Libertad,La Libertad,5,Atol de elote,Beverages,1.0,0.1,0.9,8,7.2,Debit card,243
1375,2024-08-24,8,Saturday,8,Chalatenango,Chalatenango,8,Fresco de tamarindo,Beverages,0.75,0.15,0.64,11,7.04,Cash,434
1376,2024-12-23,12,Monday,7,La Libertad,La Libertad,7,Café salvadoreño,Beverages,1.5,0.0,1.5,14,21.0,Cash,437
1377,2024-07-10,7,Wednesday,1,San Salvador Centro,San Salvador,18,Curtido en frasco,Groceries,2.0,0.05,1.9,5,9.5,Credit card,157
1378,2024-12-03,12,Tuesday,8,Chalatenango,Chalatenango,1,Pupusas de queso,Traditional Food,0.5,0.0,0.5,12,6.0,Cash,218
1379,2024-06-15,6,Saturday,5,Metrocentro,San Salvador,13,Aceite vegetal 1L,Groceries,2.8,0.0,2.8,19,53.2,Debit card,17
1380,2024-06-18,6,Tuesday,3,San Miguel,San Miguel,5,Atol de elote,Beverages,1.0,0.1,0.9,19,17.1,Credit card,468
1381,2024-04-14,4,Sunday,7,La Libertad,La Libertad,13,Aceite vegetal 1L,Groceries,2.8,0.0,2.8,13,36.4,Debit card,97
1382,2024-06-17,6,Monday,2,Santa Ana,Santa Ana,16,Crema salvadoreña,Dairy,1.5,0.0,1.5,19,28.5,Debit card,156
1383,2024-02-23,2,Friday,3,San Miguel,San Miguel,3,Tamales de elote,Traditional Food,1.0,0.0,1.0,18,18.0,Cash,353
1384,2024-04-05,4,Friday,1,San Salvador Centro,San Salvador,16,Crema salvadoreña,Dairy,1.5,0.0,1.5,7,10.5,Bitcoin,198
1385,2024-04-29,4,Monday,4,Soyapango,San Salvador,10,Hamaca artesanal,Handicrafts,35.0,0.1,31.5,10,315.0,Debit card,233
1386,2024-09-22,9,Sunday,6,Usulután,Usulután,2,Pupusas de frijol,Traditional Food,0.5,0.0,0.5,1,0.5,Cash,466
1387,2024-03-21,3,Thursday,7,La Libertad,La Libertad,14,Frijoles rojos 1lb,Groceries,1.2,0.0,1.2,4,4.8,Debit card,245
1388,2024-04-15,4,Monday,7,La Libertad,La Libertad,3,Tamales de elote,Traditional Food,1.0,0.15,0.85,5,4.25,Cash,222
1389,2024-11-05,11,Tuesday,3,San Miguel,San Miguel,16,Crema salvadoreña,Dairy,1.5,0.0,1.5,19,28.5,Debit card,258
1390,2024-04-13,4,Saturday,5,Metrocentro,San Salvador,15,Arroz blanco 1lb,Groceries,0.9,0.0,0.9,1,0.9,Cash,423
1391,2024-09-26,9,Thursday,4,Soyapango,San Salvador,13,Aceite vegetal 1L,Groceries,2.8,0.05,2.66,11,29.26,Credit card,236
1392,2024-02-16,2,Friday,1,San Salvador Centro,San Salvador,15,Arroz blanco 1lb,Groceries,0.9,0.1,0.81,10,8.1,Credit card,234
1393,2024-07-19,7,Friday,5,Metrocentro,San Salvador,12,Canasta de palma,Handicrafts,12.0,0.15,10.2,20,204.0,Credit card,90
1394,2024-04-01,4,Monday,4,Soyapango,San Salvador,14,Frijoles rojos 1lb,Groceries,1.2,0.1,1.08,20,21.6,Cash,197
1395,2024-07-20,7,Saturday,2,Santa Ana,Santa Ana,6,Kolachampán,Beverages,0.75,0.0,0.75,2,1.5,Credit card,81
1396,2024-12-07,12,Saturday,5,Metrocentro,San Salvador,9,Camisa guayabera,Clothing,18.0,0.1,16.2,3,48.6,Debit card,462
1397,2024-07-29,7,Monday,8,Chalatenango,Chalatenango,7,Café salvadoreño,Beverages,1.5,0.0,1.5,18,27.0,Transfer,40
1398,2024-07-28,7,Sunday,6,Usulután,Usulután,4,Yuca frita,Traditional Food,2.5,0.0,2.5,15,37.5,Cash,260
1399,2024-01-14,1,Sunday,8,Chalatenango,Chalatenango,2,Pupusas de frijol,Traditional Food,0.5,0.1,0.45,3,1.35,Debit card,384
1400,2024-06-24,6,Monday,7,La Libertad,La Libertad,15,Arroz blanco 1lb,Groceries,0.9,0.15,0.77,13,10.01,Cash,20
1401,2024-02-28,2,Wednesday,5,Metrocentro,San Salvador,1,Pupusas de queso,Traditional Food,0.5,0.0,0.5,5,2.5,Debit card,238
1402,2024-02-04,2,Sunday,8,Chalatenango,Chalatenango,16,Crema salvadoreña,Dairy,1.5,0.05,1.42,3,4.26,Debit card,366
1403,2024-08-29,8,Thursday,3,San Miguel,San Miguel,15,Arroz blanco 1lb,Groceries,0.9,0.15,0.77,9,6.93,Cash,430
1404,2024-03-31,3,Sunday,2,Santa Ana,Santa Ana,1,Pupusas de queso,Traditional Food,0.5,0.0,0.5,10,5.0,Debit card,201
1405,2024-12-09,12,Monday,2,Santa Ana,Santa Ana,6,Kolachampán,Beverages,0.75,0.1,0.68,1,0.68,Cash,226
1406,2024-04-20,4,Saturday,3,San Miguel,San Miguel,12,Canasta de palma,Handicrafts,12.0,0.1,10.8,2,21.6,Debit card,227
1407,2024-07-18,7,Thursday,2,Santa Ana,Santa Ana,2,Pupusas de frijol,Traditional Food,0.5,0.0,0.5,10,5.0,Cash,3
1408,2024-04-13,4,Saturday,7,La Libertad,La Libertad,2,Pupusas de frijol,Traditional Food,0.5,0.0,0.5,8,4.0,Bitcoin,103
1409,2024-08-03,8,Saturday,1,San Salvador Centro,San Salvador,3,Tamales de elote,Traditional Food,1.0,0.0,1.0,1,1.0,Cash,99
1410,2024-02-19,2,Monday,4,Soyapango,San Salvador,3,Tamales de elote,Traditional Food,1.0,0.1,0.9,6,5.4,Cash,213
1411,2024-06-16,6,Sunday,2,Santa Ana,Santa Ana,17,Queso duro blando,Dairy,3.5,0.05,3.32,11,36.52,Debit card,320
1412,2024-08-07,8,Wednesday,7,La Libertad,La Libertad,7,Café salvadoreño,Beverages,1.5,0.0,1.5,4,6.0,Cash,183
1413,2024-01-08,1,Monday,3,San Miguel,San Miguel,11,Jarrito de barro,Handicrafts,8.0,0.1,7.2,13,93.6,Cash,200
1414,2024-04-22,4,Monday,8,Chalatenango,Chalatenango,7,Café salvadoreño,Beverages,1.5,0.1,1.35,3,4.05,Credit card,333
1415,2024-02-04,2,Sunday,1,San Salvador Centro,San Salvador,12,Canasta de palma,Handicrafts,12.0,0.0,12.0,7,84.0,Cash,307
1416,2024-12-30,12,Monday,2,Santa Ana,Santa Ana,16,Crema salvadoreña,Dairy,1.5,0.15,1.27,18,22.86,Transfer,436
1417,2024-02-18,2,Sunday,5,Metrocentro,San Salvador,6,Kolachampán,Beverages,0.75,0.0,0.75,20,15.0,Transfer,357
1418,2024-06-19,6,Wednesday,3,San Miguel,San Miguel,13,Aceite vegetal 1L,Groceries,2.8,0.1,2.52,6,15.12,Credit card,353
1419,2024-02-04,2,Sunday,8,Chalatenango,Chalatenango,11,Jarrito de barro,Handicrafts,8.0,0.0,8.0,11,88.0,Debit card,300
1420,2024-09-18,9,Wednesday,7,La Libertad,La Libertad,15,Arroz blanco 1lb,Groceries,0.9,0.05,0.85,8,6.8,Debit card,7
1421,2024-11-11,11,Monday,1,San Salvador Centro,San Salvador,8,Fresco de tamarindo,Beverages,0.75,0.0,0.75,4,3.0,Cash,220
1422,2024-01-31,1,Wednesday,2,Santa Ana,Santa Ana,8,Fresco de tamarindo,Beverages,0.75,0.0,0.75,5,3.75,Cash,104
1423,2024-04-14,4,Sunday,7,La Libertad,La Libertad,5,Atol de elote,Beverages,1.0,0.0,1.0,2,2.0,Bitcoin,307
1424,2024-03-09,3,Saturday,6,Usulután,Usulután,15,Arroz blanco 1lb,Groceries,0.9,0.0,0.9,9,8.1,Debit card,390
1425,2024-11-27,11,Wednesday,7,La Libertad,La Libertad,2,Pupusas de frijol,Traditional Food,0.5,0.15,0.42,10,4.2,Cash,434
1426,2024-05-04,5,Saturday,6,Usulután,Usulután,11,Jarrito de barro,Handicrafts,8.0,0.05,7.6,7,53.2,Cash,470
1427,2024-11-07,11,Thursday,4,Soyapango,San Salvador,8,Fresco de tamarindo,Beverages,0.75,0.05,0.71,13,9.23,Cash,227
1428,2024-09-08,9,Sunday,2,Santa Ana,Santa Ana,1,Pupusas de queso,Traditional Food,0.5,0.0,0.5,3,1.5,Cash,73
1429,2024-02-16,2,Friday,3,San Miguel,San Miguel,7,Café salvadoreño,Beverages,1.5,0.05,1.42,6,8.52,Debit card,408
1430,2024-09-16,9,Monday,4,Soyapango,San Salvador,7,Café salvadoreño,Beverages,1.5,0.0,1.5,3,4.5,Debit card,160
1431,2024-05-05,5,Sunday,4,Soyapango,San Salvador,6,Kolachampán,Beverages,0.75,0.0,0.75,14,10.5,Debit card,156
1432,2024-11-21,11,Thursday,8,Chalatenango,Chalatenango,10,Hamaca artesanal,Handicrafts,35.0,0.0,35.0,7,245.0,Credit card,247
1433,2024-07-22,7,Monday,6,Usulután,Usulután,3,Tamales de elote,Traditional Food,1.0,0.0,1.0,13,13.0,Cash,217
1434,2024-03-20,3,Wednesday,7,La Libertad,La Libertad,17,Queso duro blando,Dairy,3.5,0.0,3.5,16,56.0,Credit card,219
1435,2024-10-31,10,Thursday,5,Metrocentro,San Salvador,3,Tamales de elote,Traditional Food,1.0,0.0,1.0,18,18.0,Debit card,90
1436,2024-08-25,8,Sunday,7,La Libertad,La Libertad,9,Camisa guayabera,Clothing,18.0,0.0,18.0,10,180.0,Cash,288
1437,2024-06-19,6,Wednesday,2,Santa Ana,Santa Ana,16,Crema salvadoreña,Dairy,1.5,0.1,1.35,5,6.75,Cash,80
1438,2024-01-07,1,Sunday,1,San Salvador Centro,San Salvador,7,Café salvadoreño,Beverages,1.5,0.1,1.35,17,22.95,Debit card,252
1439,2024-07-21,7,Sunday,7,La Libertad,La Libertad,13,Aceite vegetal 1L,Groceries,2.8,0.0,2.8,12,33.6,Cash,329
1440,2024-01-20,1,Saturday,7,La Libertad,La Libertad,3,Tamales de elote,Traditional Food,1.0,0.0,1.0,4,4.0,Bitcoin,84
1441,2024-05-10,5,Friday,7,La Libertad,La Libertad,7,Café salvadoreño,Beverages,1.5,0.05,1.42,12,17.04,Debit card,326
1442,2024-11-29,11,Friday,1,San Salvador Centro,San Salvador,12,Canasta de palma,Handicrafts,12.0,0.0,12.0,13,156.0,Debit card,125
1443,2024-07-04,7,Thursday,1,San Salvador Centro,San Salvador,16,Crema salvadoreña,Dairy,1.5,0.1,1.35,1,1.35,Debit card,76
1444,2024-12-14,12,Saturday,8,Chalatenango,Chalatenango,9,Camisa guayabera,Clothing,18.0,0.0,18.0,5,90.0,Cash,297
1445,2024-02-29,2,Thursday,1,San Salvador Centro,San Salvador,6,Kolachampán,Beverages,0.75,0.1,0.68,3,2.04,Debit card,197
1446,2024-09-22,9,Sunday,2,Santa Ana,Santa Ana,13,Aceite vegetal 1L,Groceries,2.8,0.0,2.8,7,19.6,Cash,219
1447,2024-09-13,9,Friday,5,Metrocentro,San Salvador,9,Camisa guayabera,Clothing,18.0,0.1,16.2,18,291.6,Credit card,301
1448,2024-02-15,2,Thursday,7,La Libertad,La Libertad,10,Hamaca artesanal,Handicrafts,35.0,0.1,31.5,4,126.0,Debit card,409
1449,2024-05-17,5,Friday,3,San Miguel,San Miguel,12,Canasta de palma,Handicrafts,12.0,0.1,10.8,7,75.6,Cash,158
1450,2024-09-08,9,Sunday,3,San Miguel,San Miguel,1,Pupusas de queso,Traditional Food,0.5,0.0,0.5,1,0.5,Cash,357
1451,2024-12-01,12,Sunday,7,La Libertad,La Libertad,14,Frijoles rojos 1lb,Groceries,1.2,0.1,1.08,10,10.8,Cash,91
1452,2024-12-26,12,Thursday,3,San Miguel,San Miguel,12,Canasta de palma,Handicrafts,12.0,0.0,12.0,5,60.0,Cash,258
1453,2024-10-17,10,Thursday,8,Chalatenango,Chalatenango,4,Yuca frita,Traditional Food,2.5,0.0,2.5,7,17.5,Cash,384
1454,2024-05-12,5,Sunday,4,Soyapango,San Salvador,6,Kolachampán,Beverages,0.75,0.0,0.75,14,10.5,Debit card,320
1455,2024-02-10,2,Saturday,3,San Miguel,San Miguel,4,Yuca frita,Traditional Food,2.5,0.0,2.5,10,25.0,Cash,142
1456,2024-01-16,1,Tuesday,6,Usulután,Usulután,3,Tamales de elote,Traditional Food,1.0,0.0,1.0,19,19.0,Cash,345
1457,2024-02-01,2,Thursday,1,San Salvador Centro,San Salvador,4,Yuca frita,Traditional Food,2.5,0.15,2.12,9,19.08,Transfer,341
1458,2024-04-18,4,Thursday,2,Santa Ana,Santa Ana,2,Pupusas de frijol,Traditional Food,0.5,0.15,0.42,17,7.14,Cash,309
1459,2024-09-05,9,Thursday,5,Metrocentro,San Salvador,17,Queso duro blando,Dairy,3.5,0.15,2.98,16,47.68,Cash,220
1460,2024-12-15,12,Sunday,6,Usulután,Usulután,11,Jarrito de barro,Handicrafts,8.0,0.0,8.0,11,88.0,Credit card,482
1461,2024-07-12,7,Friday,7,La Libertad,La Libertad,12,Canasta de palma,Handicrafts,12.0,0.0,12.0,20,240.0,Transfer,448
1462,2024-01-02,1,Tuesday,2,Santa Ana,Santa Ana,11,Jarrito de barro,Handicrafts,8.0,0.15,6.8,15,102.0,Debit card,372
1463,2024-11-04,11,Monday,1,San Salvador Centro,San Salvador,5,Atol de elote,Beverages,1.0,0.15,0.85,4,3.4,Debit card,487
1464,2024-08-19,8,Monday,6,Usulután,Usulután,8,Fresco de tamarindo,Beverages,0.75,0.1,0.68,20,13.6,Debit card,244
1465,2024-12-04,12,Wednesday,7,La Libertad,La Libertad,17,Queso duro blando,Dairy,3.5,0.0,3.5,7,24.5,Transfer,491
1466,2024-11-20,11,Wednesday,1,San Salvador Centro,San Salvador,11,Jarrito de barro,Handicrafts,8.0,0.15,6.8,12,81.6,Cash,414
1467,2024-04-29,4,Monday,8,Chalatenango,Chalatenango,11,Jarrito de barro,Handicrafts,8.0,0.0,8.0,20,160.0,Cash,314
1468,2024-08-07,8,Wednesday,6,Usulután,Usulután,3,Tamales de elote,Traditional Food,1.0,0.1,0.9,16,14.4,Credit card,464
1469,2024-05-30,5,Thursday,7,La Libertad,La Libertad,4,Yuca frita,Traditional Food,2.5,0.0,2.5,20,50.0,Debit card,446
1470,2024-03-06,3,Wednesday,1,San Salvador Centro,San Salvador,17,Queso duro blando,Dairy,3.5,0.15,2.98,16,47.68,Cash,427
1471,2024-03-27,3,Wednesday,8,Chalatenango,Chalatenango,18,Curtido en frasco,Groceries,2.0,0.0,2.0,15,30.0,Cash,277
1472,2024-04-18,4,Thursday,4,Soyapango,San Salvador,8,Fresco de tamarindo,Beverages,0.75,0.15,0.64,6,3.84,Bitcoin,359
1473,2024-08-10,8,Saturday,2,Santa Ana,Santa Ana,3,Tamales de elote,Traditional Food,1.0,0.0,1.0,1,1.0,Bitcoin,168
1474,2024-04-22,4,Monday,5,Metrocentro,San Salvador,13,Aceite vegetal 1L,Groceries,2.8,0.1,2.52,9,22.68,Cash,460
1475,2024-09-30,9,Monday,3,San Miguel,San Miguel,4,Yuca frita,Traditional Food,2.5,0.0,2.5,16,40.0,Credit card,171
1476,2024-11-25,11,Monday,2,Santa Ana,Santa Ana,8,Fresco de tamarindo,Beverages,0.75,0.0,0.75,11,8.25,Bitcoin,381
1477,2024-04-29,4,Monday,7,La Libertad,La Libertad,13,Aceite vegetal 1L,Groceries,2.8,0.0,2.8,8,22.4,Cash,45
1478,2024-06-23,6,Sunday,2,Santa Ana,Santa Ana,4,Yuca frita,Traditional Food,2.5,0.0,2.5,19,47.5,Debit card,60
1479,2024-06-09,6,Sunday,3,San Miguel,San Miguel,12,Canasta de palma,Handicrafts,12.0,0.05,11.4,13,148.2,Debit card,160
1480,2024-07-17,7,Wednesday,4,Soyapango,San Salvador,2,Pupusas de frijol,Traditional Food,0.5,0.0,0.5,14,7.0,Credit card,409
1481,2024-02-24,2,Saturday,4,Soyapango,San Salvador,5,Atol de elote,Beverages,1.0,0.0,1.0,13,13.0,Debit card,236
1482,2024-05-31,5,Friday,3,San Miguel,San Miguel,11,Jarrito de barro,Handicrafts,8.0,0.0,8.0,8,64.0,Debit card,76
1483,2024-12-06,12,Friday,3,San Miguel,San Miguel,10,Hamaca artesanal,Handicrafts,35.0,0.05,33.25,2,66.5,Cash,258
1484,2024-12-27,12,Friday,5,Metrocentro,San Salvador,4,Yuca frita,Traditional Food,2.5,0.0,2.5,19,47.5,Debit card,111
1485,2024-12-26,12,Thursday,5,Metrocentro,San Salvador,16,Crema salvadoreña,Dairy,1.5,0.0,1.5,13,19.5,Transfer,171
1486,2024-04-25,4,Thursday,4,Soyapango,San Salvador,5,Atol de elote,Beverages,1.0,0.15,0.85,2,1.7,Credit card,439
1487,2024-06-02,6,Sunday,7,La Libertad,La Libertad,16,Crema salvadoreña,Dairy,1.5,0.0,1.5,6,9.0,Debit card,173
1488,2024-06-27,6,Thursday,8,Chalatenango,Chalatenango,14,Frijoles rojos 1lb,Groceries,1.2,0.0,1.2,13,15.6,Cash,373
1489,2024-12-22,12,Sunday,5,Metrocentro,San Salvador,10,Hamaca artesanal,Handicrafts,35.0,0.1,31.5,7,220.5,Credit card,202
1490,2024-06-14,6,Friday,3,San Miguel,San Miguel,4,Yuca frita,Traditional Food,2.5,0.15,2.12,19,40.28,Credit card,436
1491,2024-12-01,12,Sunday,8,Chalatenango,Chalatenango,10,Hamaca artesanal,Handicrafts,35.0,0.05,33.25,6,199.5,Cash,357
1492,2024-03-15,3,Friday,5,Metrocentro,San Salvador,16,Crema salvadoreña,Dairy,1.5,0.0,1.5,7,10.5,Credit card,101
1493,2024-10-21,10,Monday,6,Usulután,Usulután,1,Pupusas de queso,Traditional Food,0.5,0.1,0.45,4,1.8,Credit card,440
1494,2024-08-06,8,Tuesday,7,La Libertad,La Libertad,5,Atol de elote,Beverages,1.0,0.0,1.0,6,6.0,Cash,499
1495,2024-01-27,1,Saturday,3,San Miguel,San Miguel,16,Crema salvadoreña,Dairy,1.5,0.05,1.42,4,5.68,Debit card,304
1496,2024-11-17,11,Sunday,3,San Miguel,San Miguel,14,Frijoles rojos 1lb,Groceries,1.2,0.0,1.2,13,15.6,Cash,124
1497,2024-06-03,6,Monday,8,Chalatenango,Chalatenango,13,Aceite vegetal 1L,Groceries,2.8,0.0,2.8,20,56.0,Debit card,193
1498,2024-11-28,11,Thursday,8,Chalatenango,Chalatenango,3,Tamales de elote,Traditional Food,1.0,0.0,1.0,13,13.0,Debit card,228
1499,2024-03-02,3,Saturday,1,San Salvador Centro,San Salvador,12,Canasta de palma,Handicrafts,12.0,0.0,12.0,4,48.0,Cash,329
1500,2024-01-12,1,Friday,4,Soyapango,San Salvador,17,Queso duro blando,Dairy,3.5,0.05,3.32,19,63.08,Transfer,246
1501,2024-10-30,10,Wednesday,2,Santa Ana,Santa Ana,9,Camisa guayabera,Clothing,18.0,0.0,18.0,6,108.0,Cash,331
1502,2024-10-19,10,Saturday,5,Metrocentro,San Salvador,14,Frijoles rojos 1lb,Groceries,1.2,0.0,1.2,5,6.0,Cash,366
1503,2024-07-26,7,Friday,3,San Miguel,San Miguel,18,Curtido en frasco,Groceries,2.0,0.0,2.0,1,2.0,Debit card,275
1504,2024-02-02,2,Friday,8,Chalatenango,Chalatenango,17,Queso duro blando,Dairy,3.5,0.15,2.98,17,50.66,Debit card,366
1505,2024-12-03,12,Tuesday,4,Soyapango,San Salvador,4,Yuca frita,Traditional Food,2.5,0.0,2.5,4,10.0,Credit card,356
1506,2024-10-11,10,Friday,1,San Salvador Centro,San Salvador,6,Kolachampán,Beverages,0.75,0.15,0.64,15,9.6,Cash,21
1507,2024-11-30,11,Saturday,4,Soyapango,San Salvador,5,Atol de elote,Beverages,1.0,0.0,1.0,6,6.0,Debit card,436
1508,2024-03-04,3,Monday,2,Santa Ana,Santa Ana,2,Pupusas de frijol,Traditional Food,0.5,0.0,0.5,17,8.5,Cash,279
1509,2024-12-02,12,Monday,7,La Libertad,La Libertad,6,Kolachampán,Beverages,0.75,0.0,0.75,1,0.75,Cash,485
1510,2024-12-03,12,Tuesday,5,Metrocentro,San Salvador,17,Queso duro blando,Dairy,3.5,0.0,3.5,18,63.0,Cash,252
1511,2024-11-06,11,Wednesday,6,Usulután,Usulután,11,Jarrito de barro,Handicrafts,8.0,0.05,7.6,18,136.8,Cash,51
1512,2024-01-19,1,Friday,4,Soyapango,San Salvador,2,Pupusas de frijol,Traditional Food,0.5,0.0,0.5,7,3.5,Cash,427
1513,2024-11-04,11,Monday,3,San Miguel,San Miguel,7,Café salvadoreño,Beverages,1.5,0.0,1.5,18,27.0,Debit card,143
1514,2024-02-08,2,Thursday,7,La Libertad,La Libertad,5,Atol de elote,Beverages,1.0,0.0,1.0,18,18.0,Cash,333
1515,2024-08-21,8,Wednesday,7,La Libertad,La Libertad,6,Kolachampán,Beverages,0.75,0.0,0.75,3,2.25,Debit card,482
1516,2024-02-06,2,Tuesday,4,Soyapango,San Salvador,5,Atol de elote,Beverages,1.0,0.1,0.9,9,8.1,Debit card,99
1517,2024-08-02,8,Friday,3,San Miguel,San Miguel,12,Canasta de palma,Handicrafts,12.0,0.0,12.0,5,60.0,Transfer,223
1518,2024-11-05,11,Tuesday,1,San Salvador Centro,San Salvador,13,Aceite vegetal 1L,Groceries,2.8,0.0,2.8,8,22.4,Cash,273
1519,2024-02-03,2,Saturday,7,La Libertad,La Libertad,4,Yuca frita,Traditional Food,2.5,0.1,2.25,11,24.75,Cash,466
1520,2024-03-15,3,Friday,5,Metrocentro,San Salvador,11,Jarrito de barro,Handicrafts,8.0,0.0,8.0,8,64.0,Cash,194
1521,2024-02-23,2,Friday,7,La Libertad,La Libertad,8,Fresco de tamarindo,Beverages,0.75,0.0,0.75,4,3.0,Debit card,449
1522,2024-02-18,2,Sunday,8,Chalatenango,Chalatenango,10,Hamaca artesanal,Handicrafts,35.0,0.0,35.0,17,595.0,Debit card,444
1523,2024-11-07,11,Thursday,5,Metrocentro,San Salvador,10,Hamaca artesanal,Handicrafts,35.0,0.0,35.0,4,140.0,Cash,485
1524,2024-06-25,6,Tuesday,3,San Miguel,San Miguel,13,Aceite vegetal 1L,Groceries,2.8,0.05,2.66,18,47.88,Debit card,436
1525,2024-10-30,10,Wednesday,8,Chalatenango,Chalatenango,13,Aceite vegetal 1L,Groceries,2.8,0.0,2.8,5,14.0,Cash,263
1526,2024-03-14,3,Thursday,3,San Miguel,San Miguel,5,Atol de elote,Beverages,1.0,0.05,0.95,13,12.35,Debit card,28
1527,2024-12-13,12,Friday,4,Soyapango,San Salvador,12,Canasta de palma,Handicrafts,12.0,0.0,12.0,20,240.0,Debit card,94
1528,2024-08-27,8,Tuesday,6,Usulután,Usulután,15,Arroz blanco 1lb,Groceries,0.9,0.0,0.9,17,15.3,Cash,220
1529,2024-06-05,6,Wednesday,4,Soyapango,San Salvador,17,Queso duro blando,Dairy,3.5,0.0,3.5,3,10.5,Cash,161
1530,2024-02-09,2,Friday,2,Santa Ana,Santa Ana,3,Tamales de elote,Traditional Food,1.0,0.0,1.0,8,8.0,Cash,30
1531,2024-10-10,10,Thursday,5,Metrocentro,San Salvador,3,Tamales de elote,Traditional Food,1.0,0.15,0.85,16,13.6,Credit card,493
1532,2024-09-02,9,Monday,3,San Miguel,San Miguel,14,Frijoles rojos 1lb,Groceries,1.2,0.05,1.14,16,18.24,Debit card,347
1533,2024-07-26,7,Friday,2,Santa Ana,Santa Ana,18,Curtido en frasco,Groceries,2.0,0.05,1.9,1,1.9,Cash,426
1534,2024-12-25,12,Wednesday,7,La Libertad,La Libertad,1,Pupusas de queso,Traditional Food,0.5,0.1,0.45,18,8.1,Cash,379
1535,2024-11-06,11,Wednesday,1,San Salvador Centro,San Salvador,17,Queso duro blando,Dairy,3.5,0.0,3.5,15,52.5,Debit card,452
1536,2024-03-30,3,Saturday,4,Soyapango,San Salvador,17,Queso duro blando,Dairy,3.5,0.0,3.5,3,10.5,Credit card,264
1537,2024-08-04,8,Sunday,1,San Salvador Centro,San Salvador,12,Canasta de palma,Handicrafts,12.0,0.0,12.0,16,192.0,Cash,497
1538,2024-12-13,12,Friday,6,Usulután,Usulután,4,Yuca frita,Traditional Food,2.5,0.15,2.12,8,16.96,Debit card,393
1539,2024-06-02,6,Sunday,5,Metrocentro,San Salvador,4,Yuca frita,Traditional Food,2.5,0.0,2.5,16,40.0,Cash,2
1540,2024-06-05,6,Wednesday,4,Soyapango,San Salvador,13,Aceite vegetal 1L,Groceries,2.8,0.15,2.38,17,40.46,Credit card,479
1541,2024-01-30,1,Tuesday,8,Chalatenango,Chalatenango,15,Arroz blanco 1lb,Groceries,0.9,0.0,0.9,12,10.8,Debit card,169
1542,2024-02-24,2,Saturday,6,Usulután,Usulután,10,Hamaca artesanal,Handicrafts,35.0,0.0,35.0,1,35.0,Credit card,96
1543,2024-01-05,1,Friday,6,Usulután,Usulután,13,Aceite vegetal 1L,Groceries,2.8,0.0,2.8,4,11.2,Cash,44
1544,2024-07-29,7,Monday,3,San Miguel,San Miguel,17,Queso duro blando,Dairy,3.5,0.0,3.5,4,14.0,Cash,394
1545,2024-08-28,8,Wednesday,4,Soyapango,San Salvador,9,Camisa guayabera,Clothing,18.0,0.0,18.0,13,234.0,Cash,220
1546,2024-02-25,2,Sunday,5,Metrocentro,San Salvador,6,Kolachampán,Beverages,0.75,0.1,0.68,15,10.2,Credit card,83
1547,2024-08-10,8,Saturday,6,Usulután,Usulután,5,Atol de elote,Beverages,1.0,0.0,1.0,1,1.0,Credit card,364
1548,2024-04-07,4,Sunday,2,Santa Ana,Santa Ana,7,Café salvadoreño,Beverages,1.5,0.0,1.5,10,15.0,Cash,216
1549,2024-03-23,3,Saturday,1,San Salvador Centro,San Salvador,11,Jarrito de barro,Handicrafts,8.0,0.0,8.0,7,56.0,Transfer,137
1550,2024-09-07,9,Saturday,7,La Libertad,La Libertad,4,Yuca frita,Traditional Food,2.5,0.0,2.5,18,45.0,Credit card,366
1551,2024-07-23,7,Tuesday,6,Usulután,Usulután,5,Atol de elote,Beverages,1.0,0.1,0.9,17,15.3,Bitcoin,432
1552,2024-02-26,2,Monday,3,San Miguel,San Miguel,13,Aceite vegetal 1L,Groceries,2.8,0.15,2.38,4,9.52,Cash,80
1553,2024-12-16,12,Monday,1,San Salvador Centro,San Salvador,12,Canasta de palma,Handicrafts,12.0,0.0,12.0,8,96.0,Debit card,176
1554,2024-08-10,8,Saturday,1,San Salvador Centro,San Salvador,14,Frijoles rojos 1lb,Groceries,1.2,0.0,1.2,16,19.2,Cash,43
1555,2024-11-12,11,Tuesday,4,Soyapango,San Salvador,14,Frijoles rojos 1lb,Groceries,1.2,0.1,1.08,5,5.4,Debit card,128
1556,2024-05-14,5,Tuesday,2,Santa Ana,Santa Ana,9,Camisa guayabera,Clothing,18.0,0.1,16.2,8,129.6,Credit card,102
1557,2024-12-24,12,Tuesday,2,Santa Ana,Santa Ana,16,Crema salvadoreña,Dairy,1.5,0.05,1.42,17,24.14,Cash,438
1558,2024-03-02,3,Saturday,4,Soyapango,San Salvador,5,Atol de elote,Beverages,1.0,0.0,1.0,5,5.0,Cash,99
1559,2024-01-10,1,Wednesday,7,La Libertad,La Libertad,5,Atol de elote,Beverages,1.0,0.0,1.0,20,20.0,Cash,27
1560,2024-09-25,9,Wednesday,7,La Libertad,La Libertad,13,Aceite vegetal 1L,Groceries,2.8,0.1,2.52,10,25.2,Debit card,119
1561,2024-08-06,8,Tuesday,6,Usulután,Usulután,8,Fresco de tamarindo,Beverages,0.75,0.0,0.75,16,12.0,Debit card,330
1562,2024-02-26,2,Monday,5,Metrocentro,San Salvador,2,Pupusas de frijol,Traditional Food,0.5,0.0,0.5,9,4.5,Cash,180
1563,2024-06-12,6,Wednesday,4,Soyapango,San Salvador,14,Frijoles rojos 1lb,Groceries,1.2,0.0,1.2,2,2.4,Cash,27
1564,2024-05-26,5,Sunday,4,Soyapango,San Salvador,11,Jarrito de barro,Handicrafts,8.0,0.0,8.0,16,128.0,Bitcoin,52
1565,2024-05-09,5,Thursday,3,San Miguel,San Miguel,14,Frijoles rojos 1lb,Groceries,1.2,0.0,1.2,16,19.2,Cash,58
1566,2024-12-15,12,Sunday,1,San Salvador Centro,San Salvador,4,Yuca frita,Traditional Food,2.5,0.15,2.12,18,38.16,Credit card,170
1567,2024-10-28,10,Monday,6,Usulután,Usulután,12,Canasta de palma,Handicrafts,12.0,0.05,11.4,17,193.8,Cash,333
1568,2024-10-26,10,Saturday,4,Soyapango,San Salvador,9,Camisa guayabera,Clothing,18.0,0.0,18.0,13,234.0,Credit card,67
1569,2024-10-27,10,Sunday,1,San Salvador Centro,San Salvador,4,Yuca frita,Traditional Food,2.5,0.0,2.5,7,17.5,Debit card,474
1570,2024-10-06,10,Sunday,2,Santa Ana,Santa Ana,4,Yuca frita,Traditional Food,2.5,0.0,2.5,20,50.0,Cash,243
1571,2024-01-23,1,Tuesday,3,San Miguel,San Miguel,7,Café salvadoreño,Beverages,1.5,0.0,1.5,5,7.5,Cash,365
1572,2024-07-06,7,Saturday,6,Usulután,Usulután,9,Camisa guayabera,Clothing,18.0,0.1,16.2,15,243.0,Debit card,467
1573,2024-09-04,9,Wednesday,2,Santa Ana,Santa Ana,14,Frijoles rojos 1lb,Groceries,1.2,0.05,1.14,14,15.96,Bitcoin,258
1574,2024-11-02,11,Saturday,3,San Miguel,San Miguel,1,Pupusas de queso,Traditional Food,0.5,0.1,0.45,9,4.05,Transfer,149
1575,2024-12-21,12,Saturday,1,San Salvador Centro,San Salvador,2,Pupusas de frijol,Traditional Food,0.5,0.1,0.45,7,3.15,Credit card,254
1576,2024-03-25,3,Monday,2,Santa Ana,Santa Ana,18,Curtido en frasco,Groceries,2.0,0.15,1.7,15,25.5,Debit card,288
1577,2024-11-06,11,Wednesday,7,La Libertad,La Libertad,13,Aceite vegetal 1L,Groceries,2.8,0.0,2.8,9,25.2,Cash,82
1578,2024-09-19,9,Thursday,1,San Salvador Centro,San Salvador,7,Café salvadoreño,Beverages,1.5,0.05,1.42,15,21.3,Debit card,269
1579,2024-04-22,4,Monday,5,Metrocentro,San Salvador,9,Camisa guayabera,Clothing,18.0,0.1,16.2,10,162.0,Cash,61
1580,2024-01-24,1,Wednesday,4,Soyapango,San Salvador,6,Kolachampán,Beverages,0.75,0.0,0.75,18,13.5,Cash,328
1581,2024-03-09,3,Saturday,5,Metrocentro,San Salvador,5,Atol de elote,Beverages,1.0,0.15,0.85,9,7.65,Credit card,329
1582,2024-09-30,9,Monday,4,Soyapango,San Salvador,8,Fresco de tamarindo,Beverages,0.75,0.0,0.75,4,3.0,Debit card,324
1583,2024-02-12,2,Monday,6,Usulután,Usulután,12,Canasta de palma,Handicrafts,12.0,0.0,12.0,18,216.0,Debit card,210
1584,2024-01-30,1,Tuesday,6,Usulután,Usulután,10,Hamaca artesanal,Handicrafts,35.0,0.15,29.75,1,29.75,Cash,375
1585,2024-05-11,5,Saturday,3,San Miguel,San Miguel,9,Camisa guayabera,Clothing,18.0,0.05,17.1,1,17.1,Debit card,445
1586,2024-11-30,11,Saturday,7,La Libertad,La Libertad,4,Yuca frita,Traditional Food,2.5,0.15,2.12,9,19.08,Debit card,310
1587,2024-08-14,8,Wednesday,4,Soyapango,San Salvador,18,Curtido en frasco,Groceries,2.0,0.0,2.0,8,16.0,Cash,298
1588,2024-08-16,8,Friday,3,San Miguel,San Miguel,13,Aceite vegetal 1L,Groceries,2.8,0.1,2.52,8,20.16,Debit card,189
1589,2024-02-17,2,Saturday,8,Chalatenango,Chalatenango,5,Atol de elote,Beverages,1.0,0.0,1.0,16,16.0,Cash,418
1590,2024-10-18,10,Friday,4,Soyapango,San Salvador,6,Kolachampán,Beverages,0.75,0.1,0.68,16,10.88,Cash,145
1591,2024-03-24,3,Sunday,5,Metrocentro,San Salvador,1,Pupusas de queso,Traditional Food,0.5,0.15,0.42,6,2.52,Cash,312
1592,2024-03-14,3,Thursday,2,Santa Ana,Santa Ana,7,Café salvadoreño,Beverages,1.5,0.0,1.5,3,4.5,Cash,466
1593,2024-09-26,9,Thursday,2,Santa Ana,Santa Ana,13,Aceite vegetal 1L,Groceries,2.8,0.1,2.52,5,12.6,Credit card,7
1594,2024-07-15,7,Monday,7,La Libertad,La Libertad,4,Yuca frita,Traditional Food,2.5,0.0,2.5,1,2.5,Credit card,391
1595,2024-05-07,5,Tuesday,3,San Miguel,San Miguel,2,Pupusas de frijol,Traditional Food,0.5,0.0,0.5,3,1.5,Cash,322
1596,2024-02-24,2,Saturday,1,San Salvador Centro,San Salvador,1,Pupusas de queso,Traditional Food,0.5,0.1,0.45,18,8.1,Credit card,437
1597,2024-03-12,3,Tuesday,4,Soyapango,San Salvador,3,Tamales de elote,Traditional Food,1.0,0.15,0.85,16,13.6,Debit card,228
1598,2024-06-18,6,Tuesday,5,Metrocentro,San Salvador,6,Kolachampán,Beverages,0.75,0.0,0.75,16,12.0,Cash,279
1599,2024-01-11,1,Thursday,2,Santa Ana,Santa Ana,9,Camisa guayabera,Clothing,18.0,0.0,18.0,2,36.0,Debit card,53
1600,2024-03-13,3,Wednesday,7,La Libertad,La Libertad,17,Queso duro blando,Dairy,3.5,0.0,3.5,1,3.5,Cash,219
1601,2024-06-29,6,Saturday,3,San Miguel,San Miguel,13,Aceite vegetal 1L,Groceries,2.8,0.0,2.8,10,28.0,Bitcoin,351
1602,2024-09-08,9,Sunday,2,Santa Ana,Santa Ana,13,Aceite vegetal 1L,Groceries,2.8,0.0,2.8,6,16.8,Cash,490
1603,2024-02-09,2,Friday,6,Usulután,Usulután,10,Hamaca artesanal,Handicrafts,35.0,0.0,35.0,20,700.0,Cash,473
1604,2024-11-05,11,Tuesday,1,San Salvador Centro,San Salvador,3,Tamales de elote,Traditional Food,1.0,0.0,1.0,5,5.0,Cash,172
1605,2024-03-17,3,Sunday,7,La Libertad,La Libertad,6,Kolachampán,Beverages,0.75,0.05,0.71,10,7.1,Credit card,179
1606,2024-09-12,9,Thursday,5,Metrocentro,San Salvador,4,Yuca frita,Traditional Food,2.5,0.0,2.5,12,30.0,Credit card,365
1607,2024-03-17,3,Sunday,1,San Salvador Centro,San Salvador,3,Tamales de elote,Traditional Food,1.0,0.0,1.0,5,5.0,Cash,229
1608,2024-02-27,2,Tuesday,2,Santa Ana,Santa Ana,16,Crema salvadoreña,Dairy,1.5,0.0,1.5,19,28.5,Transfer,143
1609,2024-06-14,6,Friday,2,Santa Ana,Santa Ana,5,Atol de elote,Beverages,1.0,0.0,1.0,5,5.0,Credit card,181
1610,2024-08-05,8,Monday,8,Chalatenango,Chalatenango,11,Jarrito de barro,Handicrafts,8.0,0.1,7.2,16,115.2,Transfer,309
1611,2024-11-30,11,Saturday,3,San Miguel,San Miguel,11,Jarrito de barro,Handicrafts,8.0,0.0,8.0,8,64.0,Cash,255
1612,2024-09-29,9,Sunday,8,Chalatenango,Chalatenango,18,Curtido en frasco,Groceries,2.0,0.15,1.7,18,30.6,Cash,43
1613,2024-12-25,12,Wednesday,4,Soyapango,San Salvador,14,Frijoles rojos 1lb,Groceries,1.2,0.0,1.2,3,3.6,Cash,105
1614,2024-10-12,10,Saturday,6,Usulután,Usulután,1,Pupusas de queso,Traditional Food,0.5,0.0,0.5,16,8.0,Bitcoin,31
1615,2024-03-12,3,Tuesday,6,Usulután,Usulután,12,Canasta de palma,Handicrafts,12.0,0.0,12.0,10,120.0,Cash,437
1616,2024-05-04,5,Saturday,7,La Libertad,La Libertad,18,Curtido en frasco,Groceries,2.0,0.15,1.7,7,11.9,Cash,383
1617,2024-12-22,12,Sunday,2,Santa Ana,Santa Ana,5,Atol de elote,Beverages,1.0,0.0,1.0,5,5.0,Debit card,357
1618,2024-01-28,1,Sunday,6,Usulután,Usulután,14,Frijoles rojos 1lb,Groceries,1.2,0.1,1.08,4,4.32,Debit card,245
1619,2024-03-16,3,Saturday,1,San Salvador Centro,San Salvador,6,Kolachampán,Beverages,0.75,0.0,0.75,12,9.0,Cash,40
1620,2024-03-17,3,Sunday,7,La Libertad,La Libertad,1,Pupusas de queso,Traditional Food,0.5,0.0,0.5,6,3.0,Debit card,384
1621,2024-08-28,8,Wednesday,5,Metrocentro,San Salvador,17,Queso duro blando,Dairy,3.5,0.1,3.15,14,44.1,Cash,401
1622,2024-02-26,2,Monday,5,Metrocentro,San Salvador,1,Pupusas de queso,Traditional Food,0.5,0.0,0.5,5,2.5,Credit card,17
1623,2024-01-06,1,Saturday,3,San Miguel,San Miguel,6,Kolachampán,Beverages,0.75,0.15,0.64,13,8.32,Cash,486
1624,2024-10-19,10,Saturday,5,Metrocentro,San Salvador,15,Arroz blanco 1lb,Groceries,0.9,0.0,0.9,17,15.3,Debit card,217
1625,2024-02-17,2,Saturday,5,Metrocentro,San Salvador,6,Kolachampán,Beverages,0.75,0.0,0.75,17,12.75,Transfer,65
1626,2024-11-12,11,Tuesday,7,La Libertad,La Libertad,7,Café salvadoreño,Beverages,1.5,0.0,1.5,2,3.0,Cash,422
1627,2024-12-20,12,Friday,2,Santa Ana,Santa Ana,18,Curtido en frasco,Groceries,2.0,0.0,2.0,15,30.0,Cash,329
1628,2024-03-25,3,Monday,7,La Libertad,La Libertad,13,Aceite vegetal 1L,Groceries,2.8,0.15,2.38,2,4.76,Cash,218
1629,2024-02-25,2,Sunday,5,Metrocentro,San Salvador,7,Café salvadoreño,Beverages,1.5,0.0,1.5,4,6.0,Cash,399
1630,2024-05-02,5,Thursday,1,San Salvador Centro,San Salvador,11,Jarrito de barro,Handicrafts,8.0,0.0,8.0,10,80.0,Debit card,34
1631,2024-06-07,6,Friday,1,San Salvador Centro,San Salvador,7,Café salvadoreño,Beverages,1.5,0.05,1.42,7,9.94,Cash,476
1632,2024-05-17,5,Friday,4,Soyapango,San Salvador,2,Pupusas de frijol,Traditional Food,0.5,0.05,0.47,3,1.41,Debit card,289
1633,2024-01-25,1,Thursday,1,San Salvador Centro,San Salvador,16,Crema salvadoreña,Dairy,1.5,0.0,1.5,11,16.5,Bitcoin,5
1634,2024-07-22,7,Monday,5,Metrocentro,San Salvador,12,Canasta de palma,Handicrafts,12.0,0.0,12.0,17,204.0,Cash,201
1635,2024-12-25,12,Wednesday,3,San Miguel,San Miguel,12,Canasta de palma,Handicrafts,12.0,0.0,12.0,4,48.0,Cash,380
1636,2024-09-14,9,Saturday,2,Santa Ana,Santa Ana,17,Queso duro blando,Dairy,3.5,0.0,3.5,5,17.5,Debit card,196
1637,2024-05-28,5,Tuesday,1,San Salvador Centro,San Salvador,16,Crema salvadoreña,Dairy,1.5,0.0,1.5,6,9.0,Debit card,41
1638,2024-04-20,4,Saturday,4,Soyapango,San Salvador,3,Tamales de elote,Traditional Food,1.0,0.15,0.85,5,4.25,Debit card,494
1639,2024-08-17,8,Saturday,6,Usulután,Usulután,17,Queso duro blando,Dairy,3.5,0.0,3.5,5,17.5,Cash,320
1640,2024-12-30,12,Monday,1,San Salvador Centro,San Salvador,14,Frijoles rojos 1lb,Groceries,1.2,0.0,1.2,13,15.6,Cash,313
1641,2024-10-17,10,Thursday,3,San Miguel,San Miguel,3,Tamales de elote,Traditional Food,1.0,0.0,1.0,16,16.0,Credit card,74
1642,2024-09-12,9,Thursday,2,Santa Ana,Santa Ana,10,Hamaca artesanal,Handicrafts,35.0,0.0,35.0,4,140.0,Cash,479
1643,2024-02-04,2,Sunday,3,San Miguel,San Miguel,10,Hamaca artesanal,Handicrafts,35.0,0.05,33.25,9,299.25,Cash,46
1644,2024-12-29,12,Sunday,3,San Miguel,San Miguel,3,Tamales de elote,Traditional Food,1.0,0.0,1.0,15,15.0,Transfer,132
1645,2024-03-04,3,Monday,3,San Miguel,San Miguel,15,Arroz blanco 1lb,Groceries,0.9,0.0,0.9,19,17.1,Cash,440
1646,2024-07-28,7,Sunday,7,La Libertad,La Libertad,10,Hamaca artesanal,Handicrafts,35.0,0.1,31.5,20,630.0,Cash,188
1647,2024-07-10,7,Wednesday,6,Usulután,Usulután,17,Queso duro blando,Dairy,3.5,0.1,3.15,3,9.45,Cash,231
1648,2024-11-13,11,Wednesday,1,San Salvador Centro,San Salvador,9,Camisa guayabera,Clothing,18.0,0.1,16.2,2,32.4,Credit card,359
1649,2024-03-20,3,Wednesday,1,San Salvador Centro,San Salvador,18,Curtido en frasco,Groceries,2.0,0.0,2.0,4,8.0,Cash,292
1650,2024-04-24,4,Wednesday,2,Santa Ana,Santa Ana,13,Aceite vegetal 1L,Groceries,2.8,0.15,2.38,13,30.94,Cash,48
1651,2024-08-27,8,Tuesday,8,Chalatenango,Chalatenango,12,Canasta de palma,Handicrafts,12.0,0.15,10.2,18,183.6,Cash,44
1652,2024-07-22,7,Monday,2,Santa Ana,Santa Ana,6,Kolachampán,Beverages,0.75,0.0,0.75,14,10.5,Cash,34
1653,2024-11-05,11,Tuesday,6,Usulután,Usulután,11,Jarrito de barro,Handicrafts,8.0,0.0,8.0,16,128.0,Debit card,244
1654,2024-08-20,8,Tuesday,5,Metrocentro,San Salvador,4,Yuca frita,Traditional Food,2.5,0.05,2.38,2,4.76,Cash,241
1655,2024-06-12,6,Wednesday,4,Soyapango,San Salvador,5,Atol de elote,Beverages,1.0,0.0,1.0,19,19.0,Transfer,397
1656,2024-07-04,7,Thursday,1,San Salvador Centro,San Salvador,13,Aceite vegetal 1L,Groceries,2.8,0.0,2.8,14,39.2,Cash,109
1657,2024-05-18,5,Saturday,7,La Libertad,La Libertad,1,Pupusas de queso,Traditional Food,0.5,0.1,0.45,9,4.05,Cash,73
1658,2024-07-26,7,Friday,5,Metrocentro,San Salvador,3,Tamales de elote,Traditional Food,1.0,0.0,1.0,3,3.0,Credit card,232
1659,2024-12-08,12,Sunday,4,Soyapango,San Salvador,14,Frijoles rojos 1lb,Groceries,1.2,0.0,1.2,9,10.8,Credit card,48
1660,2024-06-01,6,Saturday,6,Usulután,Usulután,14,Frijoles rojos 1lb,Groceries,1.2,0.0,1.2,6,7.2,Cash,215
1661,2024-10-01,10,Tuesday,8,Chalatenango,Chalatenango,16,Crema salvadoreña,Dairy,1.5,0.1,1.35,6,8.1,Cash,468
1662,2024-10-14,10,Monday,1,San Salvador Centro,San Salvador,13,Aceite vegetal 1L,Groceries,2.8,0.0,2.8,20,56.0,Cash,342
1663,2024-12-06,12,Friday,6,Usulután,Usulután,5,Atol de elote,Beverages,1.0,0.0,1.0,11,11.0,Cash,235
1664,2024-06-11,6,Tuesday,8,Chalatenango,Chalatenango,5,Atol de elote,Beverages,1.0,0.15,0.85,4,3.4,Transfer,209
1665,2024-08-18,8,Sunday,1,San Salvador Centro,San Salvador,9,Camisa guayabera,Clothing,18.0,0.1,16.2,5,81.0,Cash,497
1666,2024-04-21,4,Sunday,1,San Salvador Centro,San Salvador,4,Yuca frita,Traditional Food,2.5,0.0,2.5,7,17.5,Debit card,397
1667,2024-04-20,4,Saturday,7,La Libertad,La Libertad,6,Kolachampán,Beverages,0.75,0.0,0.75,12,9.0,Transfer,498
1668,2024-07-05,7,Friday,6,Usulután,Usulután,1,Pupusas de queso,Traditional Food,0.5,0.0,0.5,1,0.5,Credit card,258
1669,2024-11-28,11,Thursday,8,Chalatenango,Chalatenango,4,Yuca frita,Traditional Food,2.5,0.0,2.5,15,37.5,Cash,181
1670,2024-09-24,9,Tuesday,7,La Libertad,La Libertad,18,Curtido en frasco,Groceries,2.0,0.0,2.0,11,22.0,Bitcoin,235
1671,2024-03-31,3,Sunday,6,Usulután,Usulután,14,Frijoles rojos 1lb,Groceries,1.2,0.05,1.14,18,20.52,Cash,224
1672,2024-12-03,12,Tuesday,5,Metrocentro,San Salvador,13,Aceite vegetal 1L,Groceries,2.8,0.1,2.52,14,35.28,Cash,318
1673,2024-02-23,2,Friday,2,Santa Ana,Santa Ana,4,Yuca frita,Traditional Food,2.5,0.1,2.25,3,6.75,Cash,478
1674,2024-09-11,9,Wednesday,2,Santa Ana,Santa Ana,14,Frijoles rojos 1lb,Groceries,1.2,0.05,1.14,20,22.8,Cash,228
1675,2024-12-07,12,Saturday,1,San Salvador Centro,San Salvador,17,Queso duro blando,Dairy,3.5,0.15,2.98,10,29.8,Cash,115
1676,2024-02-28,2,Wednesday,7,La Libertad,La Libertad,15,Arroz blanco 1lb,Groceries,0.9,0.15,0.77,7,5.39,Cash,64
1677,2024-07-30,7,Tuesday,8,Chalatenango,Chalatenango,12,Canasta de palma,Handicrafts,12.0,0.0,12.0,13,156.0,Bitcoin,401
1678,2024-05-17,5,Friday,5,Metrocentro,San Salvador,8,Fresco de tamarindo,Beverages,0.75,0.0,0.75,9,6.75,Credit card,408
1679,2024-01-03,1,Wednesday,4,Soyapango,San Salvador,14,Frijoles rojos 1lb,Groceries,1.2,0.0,1.2,14,16.8,Cash,79
1680,2024-06-20,6,Thursday,6,Usulután,Usulután,12,Canasta de palma,Handicrafts,12.0,0.05,11.4,6,68.4,Transfer,124
1681,2024-04-08,4,Monday,7,La Libertad,La Libertad,18,Curtido en frasco,Groceries,2.0,0.1,1.8,20,36.0,Cash,27
1682,2024-11-21,11,Thursday,3,San Miguel,San Miguel,14,Frijoles rojos 1lb,Groceries,1.2,0.1,1.08,13,14.04,Cash,463
1683,2024-08-11,8,Sunday,3,San Miguel,San Miguel,11,Jarrito de barro,Handicrafts,8.0,0.0,8.0,8,64.0,Debit card,65
1684,2024-11-19,11,Tuesday,2,Santa Ana,Santa Ana,17,Queso duro blando,Dairy,3.5,0.15,2.98,19,56.62,Cash,391
1685,2024-06-14,6,Friday,3,San Miguel,San Miguel,9,Camisa guayabera,Clothing,18.0,0.0,18.0,7,126.0,Cash,224
1686,2024-01-15,1,Monday,3,San Miguel,San Miguel,1,Pupusas de queso,Traditional Food,0.5,0.1,0.45,20,9.0,Debit card,498
1687,2024-01-13,1,Saturday,7,La Libertad,La Libertad,3,Tamales de elote,Traditional Food,1.0,0.0,1.0,5,5.0,Debit card,399
1688,2024-05-02,5,Thursday,3,San Miguel,San Miguel,12,Canasta de palma,Handicrafts,12.0,0.0,12.0,8,96.0,Cash,431
1689,2024-05-13,5,Monday,7,La Libertad,La Libertad,8,Fresco de tamarindo,Beverages,0.75,0.0,0.75,2,1.5,Cash,74
1690,2024-02-26,2,Monday,2,Santa Ana,Santa Ana,1,Pupusas de queso,Traditional Food,0.5,0.05,0.47,15,7.05,Cash,73
1691,2024-04-02,4,Tuesday,5,Metrocentro,San Salvador,10,Hamaca artesanal,Handicrafts,35.0,0.0,35.0,3,105.0,Cash,186
1692,2024-02-21,2,Wednesday,7,La Libertad,La Libertad,7,Café salvadoreño,Beverages,1.5,0.15,1.27,16,20.32,Cash,38
1693,2024-04-17,4,Wednesday,2,Santa Ana,Santa Ana,16,Crema salvadoreña,Dairy,1.5,0.0,1.5,14,21.0,Credit card,325
1694,2024-04-02,4,Tuesday,3,San Miguel,San Miguel,15,Arroz blanco 1lb,Groceries,0.9,0.0,0.9,10,9.0,Bitcoin,338
1695,2024-06-24,6,Monday,2,Santa Ana,Santa Ana,2,Pupusas de frijol,Traditional Food,0.5,0.0,0.5,12,6.0,Transfer,308
1696,2024-03-22,3,Friday,1,San Salvador Centro,San Salvador,18,Curtido en frasco,Groceries,2.0,0.1,1.8,17,30.6,Cash,63
1697,2024-10-01,10,Tuesday,1,San Salvador Centro,San Salvador,7,Café salvadoreño,Beverages,1.5,0.05,1.42,1,1.42,Debit card,79
1698,2024-02-28,2,Wednesday,6,Usulután,Usulután,7,Café salvadoreño,Beverages,1.5,0.0,1.5,7,10.5,Cash,113
1699,2024-05-17,5,Friday,3,San Miguel,San Miguel,3,Tamales de elote,Traditional Food,1.0,0.0,1.0,9,9.0,Cash,48
1700,2024-08-27,8,Tuesday,5,Metrocentro,San Salvador,12,Canasta de palma,Handicrafts,12.0,0.0,12.0,16,192.0,Debit card,205
1701,2024-03-29,3,Friday,5,Metrocentro,San Salvador,7,Café salvadoreño,Beverages,1.5,0.1,1.35,7,9.45,Credit card,368
1702,2024-02-22,2,Thursday,7,La Libertad,La Libertad,9,Camisa guayabera,Clothing,18.0,0.15,15.3,19,290.7,Credit card,160
1703,2024-09-06,9,Friday,4,Soyapango,San Salvador,6,Kolachampán,Beverages,0.75,0.0,0.75,14,10.5,Cash,383
1704,2024-11-14,11,Thursday,6,Usulután,Usulután,9,Camisa guayabera,Clothing,18.0,0.05,17.1,4,68.4,Cash,103
1705,2024-11-19,11,Tuesday,6,Usulután,Usulután,12,Canasta de palma,Handicrafts,12.0,0.0,12.0,3,36.0,Cash,18
1706,2024-10-27,10,Sunday,5,Metrocentro,San Salvador,17,Queso duro blando,Dairy,3.5,0.0,3.5,14,49.0,Debit card,450
1707,2024-07-22,7,Monday,6,Usulután,Usulután,17,Queso duro blando,Dairy,3.5,0.0,3.5,1,3.5,Cash,166
1708,2024-07-02,7,Tuesday,3,San Miguel,San Miguel,14,Frijoles rojos 1lb,Groceries,1.2,0.0,1.2,8,9.6,Cash,191
1709,2024-06-09,6,Sunday,3,San Miguel,San Miguel,12,Canasta de palma,Handicrafts,12.0,0.0,12.0,4,48.0,Cash,6
1710,2024-08-26,8,Monday,4,Soyapango,San Salvador,11,Jarrito de barro,Handicrafts,8.0,0.15,6.8,19,129.2,Cash,120
1711,2024-07-16,7,Tuesday,2,Santa Ana,Santa Ana,18,Curtido en frasco,Groceries,2.0,0.05,1.9,10,19.0,Cash,112
1712,2024-11-07,11,Thursday,5,Metrocentro,San Salvador,4,Yuca frita,Traditional Food,2.5,0.05,2.38,3,7.14,Credit card,216
1713,2024-06-12,6,Wednesday,6,Usulután,Usulután,14,Frijoles rojos 1lb,Groceries,1.2,0.0,1.2,7,8.4,Cash,253
1714,2024-05-20,5,Monday,1,San Salvador Centro,San Salvador,16,Crema salvadoreña,Dairy,1.5,0.0,1.5,14,21.0,Cash,88
1715,2024-05-01,5,Wednesday,7,La Libertad,La Libertad,11,Jarrito de barro,Handicrafts,8.0,0.0,8.0,19,152.0,Cash,330
1716,2024-05-25,5,Saturday,8,Chalatenango,Chalatenango,1,Pupusas de queso,Traditional Food,0.5,0.15,0.42,5,2.1,Transfer,19
1717,2024-06-21,6,Friday,1,San Salvador Centro,San Salvador,18,Curtido en frasco,Groceries,2.0,0.0,2.0,1,2.0,Cash,425
1718,2024-05-20,5,Monday,5,Metrocentro,San Salvador,14,Frijoles rojos 1lb,Groceries,1.2,0.15,1.02,11,11.22,Cash,41
1719,2024-09-09,9,Monday,6,Usulután,Usulután,18,Curtido en frasco,Groceries,2.0,0.0,2.0,20,40.0,Cash,357
1720,2024-11-24,11,Sunday,8,Chalatenango,Chalatenango,15,Arroz blanco 1lb,Groceries,0.9,0.15,0.77,4,3.08,Cash,317
1721,2024-04-24,4,Wednesday,1,San Salvador Centro,San Salvador,4,Yuca frita,Traditional Food,2.5,0.15,2.12,2,4.24,Cash,54
1722,2024-04-25,4,Thursday,7,La Libertad,La Libertad,11,Jarrito de barro,Handicrafts,8.0,0.0,8.0,6,48.0,Cash,462
1723,2024-12-18,12,Wednesday,1,San Salvador Centro,San Salvador,12,Canasta de palma,Handicrafts,12.0,0.0,12.0,2,24.0,Credit card,23
1724,2024-06-04,6,Tuesday,1,San Salvador Centro,San Salvador,4,Yuca frita,Traditional Food,2.5,0.0,2.5,3,7.5,Cash,314
1725,2024-12-23,12,Monday,5,Metrocentro,San Salvador,13,Aceite vegetal 1L,Groceries,2.8,0.0,2.8,6,16.8,Debit card,62
1726,2024-03-16,3,Saturday,6,Usulután,Usulután,5,Atol de elote,Beverages,1.0,0.15,0.85,19,16.15,Transfer,212
1727,2024-09-24,9,Tuesday,2,Santa Ana,Santa Ana,15,Arroz blanco 1lb,Groceries,0.9,0.0,0.9,17,15.3,Debit card,339
1728,2024-06-13,6,Thursday,5,Metrocentro,San Salvador,16,Crema salvadoreña,Dairy,1.5,0.0,1.5,16,24.0,Cash,393
1729,2024-06-29,6,Saturday,2,Santa Ana,Santa Ana,10,Hamaca artesanal,Handicrafts,35.0,0.15,29.75,18,535.5,Credit card,338
1730,2024-02-08,2,Thursday,2,Santa Ana,Santa Ana,7,Café salvadoreño,Beverages,1.5,0.0,1.5,16,24.0,Cash,344
1731,2024-07-16,7,Tuesday,8,Chalatenango,Chalatenango,7,Café salvadoreño,Beverages,1.5,0.0,1.5,7,10.5,Cash,107
1732,2024-06-08,6,Saturday,6,Usulután,Usulután,17,Queso duro blando,Dairy,3.5,0.1,3.15,15,47.25,Cash,259
1733,2024-04-22,4,Monday,3,San Miguel,San Miguel,4,Yuca frita,Traditional Food,2.5,0.0,2.5,12,30.0,Transfer,445
1734,2024-07-23,7,Tuesday,4,Soyapango,San Salvador,17,Queso duro blando,Dairy,3.5,0.0,3.5,7,24.5,Cash,85
1735,2024-03-16,3,Saturday,2,Santa Ana,Santa Ana,10,Hamaca artesanal,Handicrafts,35.0,0.0,35.0,15,525.0,Debit card,124
1736,2024-04-05,4,Friday,8,Chalatenango,Chalatenango,1,Pupusas de queso,Traditional Food,0.5,0.0,0.5,9,4.5,Cash,272
1737,2024-05-15,5,Wednesday,6,Usulután,Usulután,15,Arroz blanco 1lb,Groceries,0.9,0.05,0.85,4,3.4,Cash,221
1738,2024-07-22,7,Monday,3,San Miguel,San Miguel,7,Café salvadoreño,Beverages,1.5,0.0,1.5,17,25.5,Debit card,28
1739,2024-07-08,7,Monday,5,Metrocentro,San Salvador,15,Arroz blanco 1lb,Groceries,0.9,0.0,0.9,4,3.6,Debit card,375
1740,2024-05-30,5,Thursday,4,Soyapango,San Salvador,14,Frijoles rojos 1lb,Groceries,1.2,0.0,1.2,7,8.4,Cash,142
1741,2024-09-22,9,Sunday,8,Chalatenango,Chalatenango,17,Queso duro blando,Dairy,3.5,0.0,3.5,14,49.0,Debit card,331
1742,2024-04-22,4,Monday,2,Santa Ana,Santa Ana,8,Fresco de tamarindo,Beverages,0.75,0.0,0.75,4,3.0,Credit card,295
1743,2024-02-03,2,Saturday,4,Soyapango,San Salvador,9,Camisa guayabera,Clothing,18.0,0.0,18.0,18,324.0,Cash,452
1744,2024-07-20,7,Saturday,7,La Libertad,La Libertad,13,Aceite vegetal 1L,Groceries,2.8,0.0,2.8,4,11.2,Debit card,451
1745,2024-04-15,4,Monday,8,Chalatenango,Chalatenango,9,Camisa guayabera,Clothing,18.0,0.15,15.3,6,91.8,Cash,327
1746,2024-01-02,1,Tuesday,5,Metrocentro,San Salvador,10,Hamaca artesanal,Handicrafts,35.0,0.0,35.0,4,140.0,Debit card,359
1747,2024-12-18,12,Wednesday,5,Metrocentro,San Salvador,16,Crema salvadoreña,Dairy,1.5,0.0,1.5,8,12.0,Cash,36
1748,2024-06-19,6,Wednesday,3,San Miguel,San Miguel,6,Kolachampán,Beverages,0.75,0.0,0.75,15,11.25,Transfer,342
1749,2024-06-20,6,Thursday,7,La Libertad,La Libertad,16,Crema salvadoreña,Dairy,1.5,0.0,1.5,1,1.5,Transfer,452
1750,2024-12-13,12,Friday,3,San Miguel,San Miguel,3,Tamales de elote,Traditional Food,1.0,0.05,0.95,1,0.95,Cash,243
1751,2024-05-06,5,Monday,8,Chalatenango,Chalatenango,1,Pupusas de queso,Traditional Food,0.5,0.0,0.5,16,8.0,Cash,9
1752,2024-09-25,9,Wednesday,4,Soyapango,San Salvador,10,Hamaca artesanal,Handicrafts,35.0,0.0,35.0,17,595.0,Credit card,397
1753,2024-06-04,6,Tuesday,2,Santa Ana,Santa Ana,4,Yuca frita,Traditional Food,2.5,0.0,2.5,11,27.5,Cash,180
1754,2024-12-05,12,Thursday,5,Metrocentro,San Salvador,18,Curtido en frasco,Groceries,2.0,0.0,2.0,16,32.0,Cash,7
1755,2024-12-29,12,Sunday,5,Metrocentro,San Salvador,12,Canasta de palma,Handicrafts,12.0,0.05,11.4,11,125.4,Credit card,439
1756,2024-05-18,5,Saturday,2,Santa Ana,Santa Ana,16,Crema salvadoreña,Dairy,1.5,0.1,1.35,17,22.95,Debit card,76
1757,2024-12-03,12,Tuesday,4,Soyapango,San Salvador,14,Frijoles rojos 1lb,Groceries,1.2,0.0,1.2,5,6.0,Cash,126
1758,2024-04-15,4,Monday,6,Usulután,Usulután,14,Frijoles rojos 1lb,Groceries,1.2,0.0,1.2,3,3.6,Bitcoin,194
1759,2024-11-16,11,Saturday,5,Metrocentro,San Salvador,4,Yuca frita,Traditional Food,2.5,0.0,2.5,18,45.0,Transfer,449
1760,2024-05-15,5,Wednesday,3,San Miguel,San Miguel,17,Queso duro blando,Dairy,3.5,0.0,3.5,12,42.0,Cash,214
1761,2024-04-07,4,Sunday,5,Metrocentro,San Salvador,9,Camisa guayabera,Clothing,18.0,0.05,17.1,2,34.2,Debit card,176
1762,2024-08-20,8,Tuesday,7,La Libertad,La Libertad,4,Yuca frita,Traditional Food,2.5,0.15,2.12,19,40.28,Credit card,148
1763,2024-09-12,9,Thursday,1,San Salvador Centro,San Salvador,4,Yuca frita,Traditional Food,2.5,0.0,2.5,5,12.5,Debit card,268
1764,2024-06-04,6,Tuesday,3,San Miguel,San Miguel,10,Hamaca artesanal,Handicrafts,35.0,0.0,35.0,16,560.0,Cash,151
1765,2024-01-21,1,Sunday,8,Chalatenango,Chalatenango,1,Pupusas de queso,Traditional Food,0.5,0.0,0.5,7,3.5,Credit card,64
1766,2024-06-05,6,Wednesday,8,Chalatenango,Chalatenango,2,Pupusas de frijol,Traditional Food,0.5,0.0,0.5,1,0.5,Cash,428
1767,2024-05-08,5,Wednesday,1,San Salvador Centro,San Salvador,1,Pupusas de queso,Traditional Food,0.5,0.0,0.5,5,2.5,Credit card,403
1768,2024-02-14,2,Wednesday,3,San Miguel,San Miguel,17,Queso duro blando,Dairy,3.5,0.0,3.5,9,31.5,Transfer,101
1769,2024-05-28,5,Tuesday,2,Santa Ana,Santa Ana,14,Frijoles rojos 1lb,Groceries,1.2,0.0,1.2,8,9.6,Cash,182
1770,2024-08-04,8,Sunday,7,La Libertad,La Libertad,8,Fresco de tamarindo,Beverages,0.75,0.0,0.75,13,9.75,Credit card,472
1771,2024-03-29,3,Friday,5,Metrocentro,San Salvador,10,Hamaca artesanal,Handicrafts,35.0,0.0,35.0,19,665.0,Debit card,166
1772,2024-05-08,5,Wednesday,4,Soyapango,San Salvador,5,Atol de elote,Beverages,1.0,0.0,1.0,5,5.0,Debit card,155
1773,2024-06-01,6,Saturday,2,Santa Ana,Santa Ana,10,Hamaca artesanal,Handicrafts,35.0,0.1,31.5,19,598.5,Cash,94
1774,2024-02-19,2,Monday,7,La Libertad,La Libertad,13,Aceite vegetal 1L,Groceries,2.8,0.05,2.66,5,13.3,Cash,161
1775,2024-08-27,8,Tuesday,6,Usulután,Usulután,17,Queso duro blando,Dairy,3.5,0.0,3.5,12,42.0,Cash,493
1776,2024-01-15,1,Monday,8,Chalatenango,Chalatenango,14,Frijoles rojos 1lb,Groceries,1.2,0.0,1.2,18,21.6,Transfer,216
1777,2024-11-10,11,Sunday,3,San Miguel,San Miguel,3,Tamales de elote,Traditional Food,1.0,0.15,0.85,10,8.5,Cash,263
1778,2024-11-13,11,Wednesday,3,San Miguel,San Miguel,12,Canasta de palma,Handicrafts,12.0,0.05,11.4,18,205.2,Credit card,28
1779,2024-07-25,7,Thursday,3,San Miguel,San Miguel,13,Aceite vegetal 1L,Groceries,2.8,0.0,2.8,1,2.8,Credit card,448
1780,2024-01-28,1,Sunday,8,Chalatenango,Chalatenango,17,Queso duro blando,Dairy,3.5,0.0,3.5,3,10.5,Cash,333
1781,2024-10-31,10,Thursday,6,Usulután,Usulután,4,Yuca frita,Traditional Food,2.5,0.15,2.12,4,8.48,Cash,247
1782,2024-03-03,3,Sunday,1,San Salvador Centro,San Salvador,11,Jarrito de barro,Handicrafts,8.0,0.1,7.2,19,136.8,Debit card,368
1783,2024-09-21,9,Saturday,4,Soyapango,San Salvador,2,Pupusas de frijol,Traditional Food,0.5,0.05,0.47,5,2.35,Debit card,254
1784,2024-12-11,12,Wednesday,4,Soyapango,San Salvador,5,Atol de elote,Beverages,1.0,0.0,1.0,5,5.0,Debit card,369
1785,2024-11-15,11,Friday,8,Chalatenango,Chalatenango,1,Pupusas de queso,Traditional Food,0.5,0.0,0.5,7,3.5,Cash,79
1786,2024-05-06,5,Monday,2,Santa Ana,Santa Ana,4,Yuca frita,Traditional Food,2.5,0.0,2.5,7,17.5,Cash,427
1787,2024-07-19,7,Friday,8,Chalatenango,Chalatenango,17,Queso duro blando,Dairy,3.5,0.0,3.5,2,7.0,Cash,248
1788,2024-10-06,10,Sunday,4,Soyapango,San Salvador,6,Kolachampán,Beverages,0.75,0.15,0.64,9,5.76,Debit card,225
1789,2024-03-15,3,Friday,7,La Libertad,La Libertad,4,Yuca frita,Traditional Food,2.5,0.0,2.5,1,2.5,Cash,382
1790,2024-09-18,9,Wednesday,3,San Miguel,San Miguel,8,Fresco de tamarindo,Beverages,0.75,0.0,0.75,18,13.5,Cash,149
1791,2024-10-28,10,Monday,2,Santa Ana,Santa Ana,10,Hamaca artesanal,Handicrafts,35.0,0.0,35.0,16,560.0,Debit card,201
1792,2024-08-25,8,Sunday,2,Santa Ana,Santa Ana,13,Aceite vegetal 1L,Groceries,2.8,0.15,2.38,14,33.32,Cash,15
1793,2024-03-02,3,Saturday,8,Chalatenango,Chalatenango,10,Hamaca artesanal,Handicrafts,35.0,0.0,35.0,19,665.0,Cash,156
1794,2024-01-22,1,Monday,8,Chalatenango,Chalatenango,2,Pupusas de frijol,Traditional Food,0.5,0.0,0.5,12,6.0,Cash,371
1795,2024-01-05,1,Friday,5,Metrocentro,San Salvador,15,Arroz blanco 1lb,Groceries,0.9,0.0,0.9,6,5.4,Debit card,441
1796,2024-06-27,6,Thursday,4,Soyapango,San Salvador,17,Queso duro blando,Dairy,3.5,0.0,3.5,17,59.5,Debit card,90
1797,2024-12-01,12,Sunday,6,Usulután,Usulután,5,Atol de elote,Beverages,1.0,0.0,1.0,19,19.0,Cash,440
1798,2024-12-03,12,Tuesday,5,Metrocentro,San Salvador,5,Atol de elote,Beverages,1.0,0.0,1.0,10,10.0,Cash,430
1799,2024-08-29,8,Thursday,7,La Libertad,La Libertad,16,Crema salvadoreña,Dairy,1.5,0.1,1.35,20,27.0,Cash,363
1800,2024-03-07,3,Thursday,5,Metrocentro,San Salvador,17,Queso duro blando,Dairy,3.5,0.05,3.32,11,36.52,Transfer,179
1801,2024-01-24,1,Wednesday,2,Santa Ana,Santa Ana,13,Aceite vegetal 1L,Groceries,2.8,0.15,2.38,1,2.38,Debit card,119
1802,2024-09-12,9,Thursday,2,Santa Ana,Santa Ana,4,Yuca frita,Traditional Food,2.5,0.0,2.5,16,40.0,Credit card,396
1803,2024-03-30,3,Saturday,2,Santa Ana,Santa Ana,8,Fresco de tamarindo,Beverages,0.75,0.15,0.64,13,8.32,Transfer,473
1804,2024-11-09,11,Saturday,1,San Salvador Centro,San Salvador,3,Tamales de elote,Traditional Food,1.0,0.0,1.0,9,9.0,Cash,384
1805,2024-07-10,7,Wednesday,8,Chalatenango,Chalatenango,3,Tamales de elote,Traditional Food,1.0,0.1,0.9,20,18.0,Credit card,473
1806,2024-02-25,2,Sunday,6,Usulután,Usulután,6,Kolachampán,Beverages,0.75,0.0,0.75,15,11.25,Cash,327
1807,2024-04-10,4,Wednesday,4,Soyapango,San Salvador,18,Curtido en frasco,Groceries,2.0,0.0,2.0,9,18.0,Cash,147
1808,2024-03-23,3,Saturday,4,Soyapango,San Salvador,8,Fresco de tamarindo,Beverages,0.75,0.15,0.64,14,8.96,Debit card,405
1809,2024-10-25,10,Friday,2,Santa Ana,Santa Ana,7,Café salvadoreño,Beverages,1.5,0.1,1.35,1,1.35,Transfer,50
1810,2024-03-12,3,Tuesday,1,San Salvador Centro,San Salvador,7,Café salvadoreño,Beverages,1.5,0.0,1.5,1,1.5,Credit card,291
1811,2024-06-23,6,Sunday,2,Santa Ana,Santa Ana,18,Curtido en frasco,Groceries,2.0,0.1,1.8,6,10.8,Debit card,467
1812,2024-04-07,4,Sunday,8,Chalatenango,Chalatenango,17,Queso duro blando,Dairy,3.5,0.05,3.32,7,23.24,Credit card,257
1813,2024-11-12,11,Tuesday,6,Usulután,Usulután,12,Canasta de palma,Handicrafts,12.0,0.15,10.2,18,183.6,Cash,35
1814,2024-11-16,11,Saturday,7,La Libertad,La Libertad,15,Arroz blanco 1lb,Groceries,0.9,0.15,0.77,13,10.01,Cash,41
1815,2024-02-21,2,Wednesday,5,Metrocentro,San Salvador,5,Atol de elote,Beverages,1.0,0.0,1.0,4,4.0,Cash,308
1816,2024-01-12,1,Friday,6,Usulután,Usulután,18,Curtido en frasco,Groceries,2.0,0.15,1.7,8,13.6,Bitcoin,473
1817,2024-12-26,12,Thursday,7,La Libertad,La Libertad,9,Camisa guayabera,Clothing,18.0,0.0,18.0,12,216.0,Credit card,81
1818,2024-09-30,9,Monday,2,Santa Ana,Santa Ana,10,Hamaca artesanal,Handicrafts,35.0,0.0,35.0,19,665.0,Credit card,478
1819,2024-07-23,7,Tuesday,5,Metrocentro,San Salvador,17,Queso duro blando,Dairy,3.5,0.0,3.5,20,70.0,Debit card,457
1820,2024-05-14,5,Tuesday,8,Chalatenango,Chalatenango,4,Yuca frita,Traditional Food,2.5,0.0,2.5,1,2.5,Cash,134
1821,2024-01-31,1,Wednesday,6,Usulután,Usulután,7,Café salvadoreño,Beverages,1.5,0.0,1.5,5,7.5,Debit card,376
1822,2024-04-30,4,Tuesday,1,San Salvador Centro,San Salvador,11,Jarrito de barro,Handicrafts,8.0,0.0,8.0,16,128.0,Credit card,289
1823,2024-02-06,2,Tuesday,6,Usulután,Usulután,2,Pupusas de frijol,Traditional Food,0.5,0.05,0.47,14,6.58,Debit card,476
1824,2024-03-07,3,Thursday,8,Chalatenango,Chalatenango,3,Tamales de elote,Traditional Food,1.0,0.1,0.9,9,8.1,Cash,19
1825,2024-11-28,11,Thursday,4,Soyapango,San Salvador,16,Crema salvadoreña,Dairy,1.5,0.0,1.5,12,18.0,Cash,401
1826,2024-01-29,1,Monday,1,San Salvador Centro,San Salvador,8,Fresco de tamarindo,Beverages,0.75,0.15,0.64,1,0.64,Credit card,101
1827,2024-12-15,12,Sunday,7,La Libertad,La Libertad,18,Curtido en frasco,Groceries,2.0,0.05,1.9,1,1.9,Cash,199
1828,2024-08-08,8,Thursday,3,San Miguel,San Miguel,13,Aceite vegetal 1L,Groceries,2.8,0.05,2.66,14,37.24,Cash,225
1829,2024-06-29,6,Saturday,6,Usulután,Usulután,4,Yuca frita,Traditional Food,2.5,0.0,2.5,7,17.5,Cash,30
1830,2024-02-17,2,Saturday,4,Soyapango,San Salvador,8,Fresco de tamarindo,Beverages,0.75,0.0,0.75,19,14.25,Cash,383
1831,2024-01-08,1,Monday,1,San Salvador Centro,San Salvador,18,Curtido en frasco,Groceries,2.0,0.15,1.7,8,13.6,Cash,30
1832,2024-04-02,4,Tuesday,8,Chalatenango,Chalatenango,5,Atol de elote,Beverages,1.0,0.0,1.0,10,10.0,Cash,309
1833,2024-03-07,3,Thursday,5,Metrocentro,San Salvador,8,Fresco de tamarindo,Beverages,0.75,0.0,0.75,20,15.0,Cash,63
1834,2024-05-08,5,Wednesday,2,Santa Ana,Santa Ana,3,Tamales de elote,Traditional Food,1.0,0.0,1.0,18,18.0,Cash,377
1835,2024-08-15,8,Thursday,4,Soyapango,San Salvador,12,Canasta de palma,Handicrafts,12.0,0.0,12.0,10,120.0,Credit card,150
1836,2024-06-12,6,Wednesday,5,Metrocentro,San Salvador,8,Fresco de tamarindo,Beverages,0.75,0.05,0.71,18,12.78,Cash,178
1837,2024-05-23,5,Thursday,8,Chalatenango,Chalatenango,14,Frijoles rojos 1lb,Groceries,1.2,0.0,1.2,3,3.6,Bitcoin,431
1838,2024-06-05,6,Wednesday,4,Soyapango,San Salvador,17,Queso duro blando,Dairy,3.5,0.0,3.5,18,63.0,Cash,372
1839,2024-04-30,4,Tuesday,1,San Salvador Centro,San Salvador,5,Atol de elote,Beverages,1.0,0.1,0.9,15,13.5,Credit card,488
1840,2024-09-12,9,Thursday,1,San Salvador Centro,San Salvador,4,Yuca frita,Traditional Food,2.5,0.0,2.5,2,5.0,Cash,197
1841,2024-01-31,1,Wednesday,2,Santa Ana,Santa Ana,10,Hamaca artesanal,Handicrafts,35.0,0.15,29.75,9,267.75,Debit card,254
1842,2024-07-15,7,Monday,7,La Libertad,La Libertad,1,Pupusas de queso,Traditional Food,0.5,0.0,0.5,15,7.5,Cash,195
1843,2024-09-29,9,Sunday,7,La Libertad,La Libertad,6,Kolachampán,Beverages,0.75,0.1,0.68,2,1.36,Cash,278
1844,2024-11-07,11,Thursday,1,San Salvador Centro,San Salvador,12,Canasta de palma,Handicrafts,12.0,0.15,10.2,11,112.2,Bitcoin,415
1845,2024-06-23,6,Sunday,1,San Salvador Centro,San Salvador,7,Café salvadoreño,Beverages,1.5,0.0,1.5,20,30.0,Credit card,401
1846,2024-10-10,10,Thursday,2,Santa Ana,Santa Ana,2,Pupusas de frijol,Traditional Food,0.5,0.1,0.45,13,5.85,Bitcoin,148
1847,2024-08-05,8,Monday,8,Chalatenango,Chalatenango,18,Curtido en frasco,Groceries,2.0,0.1,1.8,19,34.2,Debit card,266
1848,2024-07-14,7,Sunday,3,San Miguel,San Miguel,9,Camisa guayabera,Clothing,18.0,0.1,16.2,15,243.0,Transfer,122
1849,2024-05-23,5,Thursday,1,San Salvador Centro,San Salvador,5,Atol de elote,Beverages,1.0,0.0,1.0,9,9.0,Transfer,395
1850,2024-06-21,6,Friday,5,Metrocentro,San Salvador,18,Curtido en frasco,Groceries,2.0,0.0,2.0,19,38.0,Cash,141
1851,2024-12-03,12,Tuesday,5,Metrocentro,San Salvador,12,Canasta de palma,Handicrafts,12.0,0.15,10.2,9,91.8,Debit card,396
1852,2024-06-06,6,Thursday,2,Santa Ana,Santa Ana,1,Pupusas de queso,Traditional Food,0.5,0.1,0.45,19,8.55,Cash,136
1853,2024-08-24,8,Saturday,8,Chalatenango,Chalatenango,6,Kolachampán,Beverages,0.75,0.0,0.75,1,0.75,Cash,19
1854,2024-11-22,11,Friday,8,Chalatenango,Chalatenango,12,Canasta de palma,Handicrafts,12.0,0.0,12.0,18,216.0,Cash,297
1855,2024-11-08,11,Friday,5,Metrocentro,San Salvador,3,Tamales de elote,Traditional Food,1.0,0.0,1.0,18,18.0,Transfer,226
1856,2024-05-21,5,Tuesday,5,Metrocentro,San Salvador,6,Kolachampán,Beverages,0.75,0.15,0.64,9,5.76,Cash,117
1857,2024-11-12,11,Tuesday,3,San Miguel,San Miguel,6,Kolachampán,Beverages,0.75,0.0,0.75,2,1.5,Cash,20
1858,2024-10-23,10,Wednesday,8,Chalatenango,Chalatenango,6,Kolachampán,Beverages,0.75,0.0,0.75,11,8.25,Debit card,117
1859,2024-05-11,5,Saturday,5,Metrocentro,San Salvador,2,Pupusas de frijol,Traditional Food,0.5,0.1,0.45,1,0.45,Credit card,435
1860,2024-11-03,11,Sunday,1,San Salvador Centro,San Salvador,12,Canasta de palma,Handicrafts,12.0,0.0,12.0,8,96.0,Cash,260
1861,2024-09-18,9,Wednesday,2,Santa Ana,Santa Ana,15,Arroz blanco 1lb,Groceries,0.9,0.0,0.9,3,2.7,Cash,293
1862,2024-02-06,2,Tuesday,7,La Libertad,La Libertad,12,Canasta de palma,Handicrafts,12.0,0.0,12.0,14,168.0,Cash,168
1863,2024-07-27,7,Saturday,6,Usulután,Usulután,12,Canasta de palma,Handicrafts,12.0,0.0,12.0,12,144.0,Bitcoin,151
1864,2024-07-07,7,Sunday,3,San Miguel,San Miguel,1,Pupusas de queso,Traditional Food,0.5,0.0,0.5,2,1.0,Bitcoin,467
1865,2024-11-07,11,Thursday,2,Santa Ana,Santa Ana,1,Pupusas de queso,Traditional Food,0.5,0.15,0.42,7,2.94,Cash,367
1866,2024-04-20,4,Saturday,6,Usulután,Usulután,17,Queso duro blando,Dairy,3.5,0.15,2.98,13,38.74,Debit card,337
1867,2024-11-28,11,Thursday,7,La Libertad,La Libertad,5,Atol de elote,Beverages,1.0,0.0,1.0,3,3.0,Transfer,115
1868,2024-10-02,10,Wednesday,7,La Libertad,La Libertad,17,Queso duro blando,Dairy,3.5,0.15,2.98,4,11.92,Credit card,409
1869,2024-12-03,12,Tuesday,8,Chalatenango,Chalatenango,2,Pupusas de frijol,Traditional Food,0.5,0.05,0.47,17,7.99,Cash,138
1870,2024-05-04,5,Saturday,5,Metrocentro,San Salvador,7,Café salvadoreño,Beverages,1.5,0.0,1.5,11,16.5,Credit card,186
1871,2024-06-10,6,Monday,8,Chalatenango,Chalatenango,8,Fresco de tamarindo,Beverages,0.75,0.1,0.68,4,2.72,Cash,376
1872,2024-02-10,2,Saturday,6,Usulután,Usulután,14,Frijoles rojos 1lb,Groceries,1.2,0.05,1.14,12,13.68,Debit card,469
1873,2024-11-05,11,Tuesday,8,Chalatenango,Chalatenango,12,Canasta de palma,Handicrafts,12.0,0.0,12.0,8,96.0,Credit card,118
1874,2024-07-27,7,Saturday,4,Soyapango,San Salvador,5,Atol de elote,Beverages,1.0,0.1,0.9,19,17.1,Cash,134
1875,2024-06-09,6,Sunday,6,Usulután,Usulután,10,Hamaca artesanal,Handicrafts,35.0,0.0,35.0,4,140.0,Cash,259
1876,2024-11-19,11,Tuesday,8,Chalatenango,Chalatenango,5,Atol de elote,Beverages,1.0,0.0,1.0,7,7.0,Credit card,8
1877,2024-08-02,8,Friday,2,Santa Ana,Santa Ana,6,Kolachampán,Beverages,0.75,0.15,0.64,9,5.76,Debit card,477
1878,2024-03-05,3,Tuesday,2,Santa Ana,Santa Ana,16,Crema salvadoreña,Dairy,1.5,0.15,1.27,2,2.54,Cash,354
1879,2024-03-08,3,Friday,2,Santa Ana,Santa Ana,6,Kolachampán,Beverages,0.75,0.15,0.64,17,10.88,Debit card,199
1880,2024-03-06,3,Wednesday,6,Usulután,Usulután,14,Frijoles rojos 1lb,Groceries,1.2,0.1,1.08,13,14.04,Debit card,365
1881,2024-06-21,6,Friday,2,Santa Ana,Santa Ana,10,Hamaca artesanal,Handicrafts,35.0,0.05,33.25,11,365.75,Debit card,56
1882,2024-06-30,6,Sunday,2,Santa Ana,Santa Ana,2,Pupusas de frijol,Traditional Food,0.5,0.0,0.5,15,7.5,Debit card,380
1883,2024-09-01,9,Sunday,5,Metrocentro,San Salvador,14,Frijoles rojos 1lb,Groceries,1.2,0.1,1.08,5,5.4,Cash,393
1884,2024-03-18,3,Monday,2,Santa Ana,Santa Ana,17,Queso duro blando,Dairy,3.5,0.05,3.32,1,3.32,Debit card,346
1885,2024-06-13,6,Thursday,7,La Libertad,La Libertad,15,Arroz blanco 1lb,Groceries,0.9,0.0,0.9,15,13.5,Debit card,302
1886,2024-04-28,4,Sunday,2,Santa Ana,Santa Ana,9,Camisa guayabera,Clothing,18.0,0.0,18.0,10,180.0,Cash,289
1887,2024-05-26,5,Sunday,7,La Libertad,La Libertad,17,Queso duro blando,Dairy,3.5,0.0,3.5,11,38.5,Cash,92
1888,2024-04-17,4,Wednesday,1,San Salvador Centro,San Salvador,5,Atol de elote,Beverages,1.0,0.05,0.95,14,13.3,Cash,451
1889,2024-06-26,6,Wednesday,2,Santa Ana,Santa Ana,11,Jarrito de barro,Handicrafts,8.0,0.0,8.0,10,80.0,Cash,141
1890,2024-04-24,4,Wednesday,8,Chalatenango,Chalatenango,16,Crema salvadoreña,Dairy,1.5,0.0,1.5,6,9.0,Bitcoin,133
1891,2024-12-07,12,Saturday,4,Soyapango,San Salvador,4,Yuca frita,Traditional Food,2.5,0.0,2.5,9,22.5,Cash,283
1892,2024-01-15,1,Monday,3,San Miguel,San Miguel,17,Queso duro blando,Dairy,3.5,0.0,3.5,20,70.0,Transfer,277
1893,2024-01-04,1,Thursday,4,Soyapango,San Salvador,18,Curtido en frasco,Groceries,2.0,0.15,1.7,16,27.2,Credit card,190
1894,2024-10-19,10,Saturday,5,Metrocentro,San Salvador,7,Café salvadoreño,Beverages,1.5,0.1,1.35,14,18.9,Cash,65
1895,2024-02-26,2,Monday,5,Metrocentro,San Salvador,15,Arroz blanco 1lb,Groceries,0.9,0.0,0.9,4,3.6,Credit card,253
1896,2024-03-11,3,Monday,2,Santa Ana,Santa Ana,9,Camisa guayabera,Clothing,18.0,0.1,16.2,9,145.8,Debit card,496
1897,2024-04-23,4,Tuesday,2,Santa Ana,Santa Ana,12,Canasta de palma,Handicrafts,12.0,0.0,12.0,3,36.0,Cash,172
1898,2024-11-18,11,Monday,8,Chalatenango,Chalatenango,9,Camisa guayabera,Clothing,18.0,0.1,16.2,17,275.4,Credit card,362
1899,2024-08-09,8,Friday,1,San Salvador Centro,San Salvador,11,Jarrito de barro,Handicrafts,8.0,0.1,7.2,4,28.8,Credit card,163
1900,2024-11-20,11,Wednesday,1,San Salvador Centro,San Salvador,7,Café salvadoreño,Beverages,1.5,0.0,1.5,1,1.5,Cash,193
1901,2024-05-15,5,Wednesday,4,Soyapango,San Salvador,8,Fresco de tamarindo,Beverages,0.75,0.0,0.75,16,12.0,Cash,96
1902,2024-03-08,3,Friday,5,Metrocentro,San Salvador,16,Crema salvadoreña,Dairy,1.5,0.1,1.35,7,9.45,Credit card,487
1903,2024-01-02,1,Tuesday,4,Soyapango,San Salvador,17,Queso duro blando,Dairy,3.5,0.0,3.5,14,49.0,Cash,313
1904,2024-01-20,1,Saturday,3,San Miguel,San Miguel,7,Café salvadoreño,Beverages,1.5,0.1,1.35,14,18.9,Cash,195
1905,2024-09-04,9,Wednesday,6,Usulután,Usulután,8,Fresco de tamarindo,Beverages,0.75,0.1,0.68,17,11.56,Transfer,450
1906,2024-05-29,5,Wednesday,4,Soyapango,San Salvador,10,Hamaca artesanal,Handicrafts,35.0,0.0,35.0,16,560.0,Credit card,201
1907,2024-05-31,5,Friday,8,Chalatenango,Chalatenango,12,Canasta de palma,Handicrafts,12.0,0.0,12.0,4,48.0,Cash,452
1908,2024-08-16,8,Friday,7,La Libertad,La Libertad,10,Hamaca artesanal,Handicrafts,35.0,0.0,35.0,11,385.0,Debit card,60
1909,2024-06-12,6,Wednesday,8,Chalatenango,Chalatenango,6,Kolachampán,Beverages,0.75,0.0,0.75,4,3.0,Debit card,361
1910,2024-09-07,9,Saturday,8,Chalatenango,Chalatenango,5,Atol de elote,Beverages,1.0,0.0,1.0,20,20.0,Debit card,15
1911,2024-09-16,9,Monday,5,Metrocentro,San Salvador,10,Hamaca artesanal,Handicrafts,35.0,0.15,29.75,7,208.25,Credit card,32
1912,2024-05-13,5,Monday,6,Usulután,Usulután,18,Curtido en frasco,Groceries,2.0,0.0,2.0,11,22.0,Cash,227
1913,2024-05-13,5,Monday,7,La Libertad,La Libertad,14,Frijoles rojos 1lb,Groceries,1.2,0.0,1.2,2,2.4,Cash,113
1914,2024-06-06,6,Thursday,1,San Salvador Centro,San Salvador,11,Jarrito de barro,Handicrafts,8.0,0.0,8.0,15,120.0,Cash,449
1915,2024-11-16,11,Saturday,4,Soyapango,San Salvador,6,Kolachampán,Beverages,0.75,0.05,0.71,4,2.84,Debit card,67
1916,2024-01-11,1,Thursday,1,San Salvador Centro,San Salvador,18,Curtido en frasco,Groceries,2.0,0.0,2.0,13,26.0,Credit card,171
1917,2024-12-01,12,Sunday,2,Santa Ana,Santa Ana,12,Canasta de palma,Handicrafts,12.0,0.05,11.4,2,22.8,Cash,275
1918,2024-10-01,10,Tuesday,3,San Miguel,San Miguel,7,Café salvadoreño,Beverages,1.5,0.15,1.27,13,16.51,Debit card,149
1919,2024-06-18,6,Tuesday,6,Usulután,Usulután,6,Kolachampán,Beverages,0.75,0.0,0.75,14,10.5,Debit card,128
1920,2024-01-11,1,Thursday,1,San Salvador Centro,San Salvador,1,Pupusas de queso,Traditional Food,0.5,0.0,0.5,17,8.5,Debit card,406
1921,2024-03-21,3,Thursday,1,San Salvador Centro,San Salvador,16,Crema salvadoreña,Dairy,1.5,0.0,1.5,10,15.0,Cash,324
1922,2024-05-19,5,Sunday,1,San Salvador Centro,San Salvador,8,Fresco de tamarindo,Beverages,0.75,0.15,0.64,4,2.56,Credit card,336
1923,2024-05-18,5,Saturday,3,San Miguel,San Miguel,13,Aceite vegetal 1L,Groceries,2.8,0.0,2.8,3,8.4,Cash,370
1924,2024-01-08,1,Monday,1,San Salvador Centro,San Salvador,14,Frijoles rojos 1lb,Groceries,1.2,0.05,1.14,18,20.52,Bitcoin,49
1925,2024-11-06,11,Wednesday,4,Soyapango,San Salvador,13,Aceite vegetal 1L,Groceries,2.8,0.15,2.38,10,23.8,Cash,263
1926,2024-05-20,5,Monday,5,Metrocentro,San Salvador,1,Pupusas de queso,Traditional Food,0.5,0.0,0.5,15,7.5,Cash,497
1927,2024-05-29,5,Wednesday,7,La Libertad,La Libertad,16,Crema salvadoreña,Dairy,1.5,0.0,1.5,14,21.0,Cash,209
1928,2024-09-04,9,Wednesday,5,Metrocentro,San Salvador,18,Curtido en frasco,Groceries,2.0,0.1,1.8,10,18.0,Debit card,126
1929,2024-09-11,9,Wednesday,1,San Salvador Centro,San Salvador,13,Aceite vegetal 1L,Groceries,2.8,0.0,2.8,13,36.4,Credit card,366
1930,2024-04-24,4,Wednesday,8,Chalatenango,Chalatenango,4,Yuca frita,Traditional Food,2.5,0.0,2.5,19,47.5,Cash,119
1931,2024-09-01,9,Sunday,6,Usulután,Usulután,15,Arroz blanco 1lb,Groceries,0.9,0.0,0.9,19,17.1,Debit card,171
1932,2024-02-18,2,Sunday,2,Santa Ana,Santa Ana,5,Atol de elote,Beverages,1.0,0.0,1.0,18,18.0,Cash,483
1933,2024-02-12,2,Monday,4,Soyapango,San Salvador,16,Crema salvadoreña,Dairy,1.5,0.0,1.5,5,7.5,Debit card,243
1934,2024-01-31,1,Wednesday,4,Soyapango,San Salvador,17,Queso duro blando,Dairy,3.5,0.0,3.5,16,56.0,Cash,380
1935,2024-01-19,1,Friday,3,San Miguel,San Miguel,11,Jarrito de barro,Handicrafts,8.0,0.1,7.2,11,79.2,Debit card,209
1936,2024-12-19,12,Thursday,5,Metrocentro,San Salvador,1,Pupusas de queso,Traditional Food,0.5,0.15,0.42,7,2.94,Debit card,251
1937,2024-06-09,6,Sunday,8,Chalatenango,Chalatenango,18,Curtido en frasco,Groceries,2.0,0.0,2.0,8,16.0,Cash,248
1938,2024-02-23,2,Friday,2,Santa Ana,Santa Ana,17,Queso duro blando,Dairy,3.5,0.1,3.15,14,44.1,Cash,66
1939,2024-09-23,9,Monday,3,San Miguel,San Miguel,1,Pupusas de queso,Traditional Food,0.5,0.0,0.5,4,2.0,Cash,446
1940,2024-08-05,8,Monday,1,San Salvador Centro,San Salvador,4,Yuca frita,Traditional Food,2.5,0.0,2.5,16,40.0,Debit card,269
1941,2024-10-07,10,Monday,3,San Miguel,San Miguel,16,Crema salvadoreña,Dairy,1.5,0.0,1.5,14,21.0,Cash,61
1942,2024-12-12,12,Thursday,5,Metrocentro,San Salvador,14,Frijoles rojos 1lb,Groceries,1.2,0.05,1.14,9,10.26,Cash,456
1943,2024-03-13,3,Wednesday,3,San Miguel,San Miguel,12,Canasta de palma,Handicrafts,12.0,0.05,11.4,10,114.0,Debit card,412
1944,2024-08-29,8,Thursday,5,Metrocentro,San Salvador,12,Canasta de palma,Handicrafts,12.0,0.0,12.0,15,180.0,Bitcoin,475
1945,2024-09-25,9,Wednesday,3,San Miguel,San Miguel,5,Atol de elote,Beverages,1.0,0.0,1.0,16,16.0,Cash,92
1946,2024-02-04,2,Sunday,8,Chalatenango,Chalatenango,5,Atol de elote,Beverages,1.0,0.0,1.0,1,1.0,Debit card,103
1947,2024-06-18,6,Tuesday,8,Chalatenango,Chalatenango,4,Yuca frita,Traditional Food,2.5,0.0,2.5,4,10.0,Debit card,305
1948,2024-06-28,6,Friday,2,Santa Ana,Santa Ana,6,Kolachampán,Beverages,0.75,0.0,0.75,18,13.5,Cash,8
1949,2024-05-25,5,Saturday,5,Metrocentro,San Salvador,7,Café salvadoreño,Beverages,1.5,0.05,1.42,14,19.88,Debit card,189
1950,2024-10-14,10,Monday,5,Metrocentro,San Salvador,13,Aceite vegetal 1L,Groceries,2.8,0.1,2.52,18,45.36,Debit card,40
1951,2024-04-20,4,Saturday,2,Santa Ana,Santa Ana,5,Atol de elote,Beverages,1.0,0.0,1.0,9,9.0,Cash,53
1952,2024-06-18,6,Tuesday,7,La Libertad,La Libertad,5,Atol de elote,Beverages,1.0,0.15,0.85,19,16.15,Credit card,310
1953,2024-04-17,4,Wednesday,8,Chalatenango,Chalatenango,9,Camisa guayabera,Clothing,18.0,0.0,18.0,6,108.0,Credit card,111
1954,2024-03-14,3,Thursday,3,San Miguel,San Miguel,3,Tamales de elote,Traditional Food,1.0,0.0,1.0,6,6.0,Credit card,166
1955,2024-03-11,3,Monday,1,San Salvador Centro,San Salvador,3,Tamales de elote,Traditional Food,1.0,0.15,0.85,17,14.45,Cash,341
1956,2024-06-03,6,Monday,6,Usulután,Usulután,16,Crema salvadoreña,Dairy,1.5,0.15,1.27,17,21.59,Cash,287
1957,2024-07-16,7,Tuesday,7,La Libertad,La Libertad,13,Aceite vegetal 1L,Groceries,2.8,0.0,2.8,16,44.8,Cash,268
1958,2024-11-05,11,Tuesday,2,Santa Ana,Santa Ana,11,Jarrito de barro,Handicrafts,8.0,0.0,8.0,7,56.0,Bitcoin,427
1959,2024-08-11,8,Sunday,3,San Miguel,San Miguel,9,Camisa guayabera,Clothing,18.0,0.0,18.0,18,324.0,Cash,404
1960,2024-10-12,10,Saturday,2,Santa Ana,Santa Ana,9,Camisa guayabera,Clothing,18.0,0.1,16.2,14,226.8,Cash,13
1961,2024-12-09,12,Monday,8,Chalatenango,Chalatenango,12,Canasta de palma,Handicrafts,12.0,0.1,10.8,12,129.6,Cash,316
1962,2024-07-14,7,Sunday,4,Soyapango,San Salvador,18,Curtido en frasco,Groceries,2.0,0.0,2.0,12,24.0,Bitcoin,6
1963,2024-07-03,7,Wednesday,8,Chalatenango,Chalatenango,7,Café salvadoreño,Beverages,1.5,0.0,1.5,17,25.5,Cash,159
1964,2024-07-07,7,Sunday,2,Santa Ana,Santa Ana,11,Jarrito de barro,Handicrafts,8.0,0.05,7.6,9,68.4,Bitcoin,311
1965,2024-11-27,11,Wednesday,1,San Salvador Centro,San Salvador,9,Camisa guayabera,Clothing,18.0,0.1,16.2,9,145.8,Cash,23
1966,2024-11-16,11,Saturday,5,Metrocentro,San Salvador,9,Camisa guayabera,Clothing,18.0,0.05,17.1,2,34.2,Credit card,442
1967,2024-09-08,9,Sunday,8,Chalatenango,Chalatenango,16,Crema salvadoreña,Dairy,1.5,0.0,1.5,6,9.0,Debit card,332
1968,2024-01-20,1,Saturday,2,Santa Ana,Santa Ana,18,Curtido en frasco,Groceries,2.0,0.0,2.0,12,24.0,Debit card,366
1969,2024-03-08,3,Friday,3,San Miguel,San Miguel,5,Atol de elote,Beverages,1.0,0.0,1.0,3,3.0,Credit card,62
1970,2024-11-22,11,Friday,8,Chalatenango,Chalatenango,2,Pupusas de frijol,Traditional Food,0.5,0.0,0.5,2,1.0,Cash,279
1971,2024-12-01,12,Sunday,4,Soyapango,San Salvador,9,Camisa guayabera,Clothing,18.0,0.1,16.2,20,324.0,Cash,429
1972,2024-10-27,10,Sunday,3,San Miguel,San Miguel,11,Jarrito de barro,Handicrafts,8.0,0.05,7.6,12,91.2,Cash,341
1973,2024-12-07,12,Saturday,7,La Libertad,La Libertad,13,Aceite vegetal 1L,Groceries,2.8,0.0,2.8,2,5.6,Cash,390
1974,2024-05-16,5,Thursday,3,San Miguel,San Miguel,17,Queso duro blando,Dairy,3.5,0.0,3.5,3,10.5,Cash,142
1975,2024-03-29,3,Friday,7,La Libertad,La Libertad,7,Café salvadoreño,Beverages,1.5,0.0,1.5,1,1.5,Cash,180
1976,2024-08-26,8,Monday,6,Usulután,Usulután,4,Yuca frita,Traditional Food,2.5,0.15,2.12,19,40.28,Debit card,290
1977,2024-02-29,2,Thursday,2,Santa Ana,Santa Ana,15,Arroz blanco 1lb,Groceries,0.9,0.0,0.9,3,2.7,Debit card,96
1978,2024-03-27,3,Wednesday,1,San Salvador Centro,San Salvador,11,Jarrito de barro,Handicrafts,8.0,0.0,8.0,1,8.0,Debit card,236
1979,2024-06-06,6,Thursday,4,Soyapango,San Salvador,3,Tamales de elote,Traditional Food,1.0,0.1,0.9,7,6.3,Credit card,68
1980,2024-07-13,7,Saturday,1,San Salvador Centro,San Salvador,10,Hamaca artesanal,Handicrafts,35.0,0.0,35.0,10,350.0,Cash,290
1981,2024-04-25,4,Thursday,7,La Libertad,La Libertad,11,Jarrito de barro,Handicrafts,8.0,0.0,8.0,7,56.0,Credit card,91
1982,2024-12-23,12,Monday,5,Metrocentro,San Salvador,10,Hamaca artesanal,Handicrafts,35.0,0.0,35.0,15,525.0,Cash,182
1983,2024-11-24,11,Sunday,6,Usulután,Usulután,12,Canasta de palma,Handicrafts,12.0,0.0,12.0,17,204.0,Credit card,352
1984,2024-10-26,10,Saturday,1,San Salvador Centro,San Salvador,6,Kolachampán,Beverages,0.75,0.0,0.75,13,9.75,Debit card,108
1985,2024-11-26,11,Tuesday,6,Usulután,Usulután,14,Frijoles rojos 1lb,Groceries,1.2,0.0,1.2,10,12.0,Cash,496
1986,2024-02-16,2,Friday,5,Metrocentro,San Salvador,17,Queso duro blando,Dairy,3.5,0.15,2.98,17,50.66,Cash,112
1987,2024-01-17,1,Wednesday,5,Metrocentro,San Salvador,15,Arroz blanco 1lb,Groceries,0.9,0.05,0.85,4,3.4,Debit card,96
1988,2024-08-27,8,Tuesday,3,San Miguel,San Miguel,16,Crema salvadoreña,Dairy,1.5,0.0,1.5,19,28.5,Cash,194
1989,2024-12-25,12,Wednesday,6,Usulután,Usulután,2,Pupusas de frijol,Traditional Food,0.5,0.1,0.45,4,1.8,Cash,462
1990,2024-08-03,8,Saturday,3,San Miguel,San Miguel,1,Pupusas de queso,Traditional Food,0.5,0.0,0.5,16,8.0,Cash,463
1991,2024-07-02,7,Tuesday,3,San Miguel,San Miguel,4,Yuca frita,Traditional Food,2.5,0.0,2.5,10,25.0,Cash,96
1992,2024-11-11,11,Monday,8,Chalatenango,Chalatenango,1,Pupusas de queso,Traditional Food,0.5,0.05,0.47,15,7.05,Debit card,223
1993,2024-05-04,5,Saturday,8,Chalatenango,Chalatenango,13,Aceite vegetal 1L,Groceries,2.8,0.1,2.52,9,22.68,Cash,173
1994,2024-06-02,6,Sunday,7,La Libertad,La Libertad,16,Crema salvadoreña,Dairy,1.5,0.0,1.5,2,3.0,Credit card,462
1995,2024-08-03,8,Saturday,2,Santa Ana,Santa Ana,17,Queso duro blando,Dairy,3.5,0.15,2.98,14,41.72,Cash,296
1996,2024-03-24,3,Sunday,1,San Salvador Centro,San Salvador,13,Aceite vegetal 1L,Groceries,2.8,0.0,2.8,17,47.6,Bitcoin,454
1997,2024-10-17,10,Thursday,4,Soyapango,San Salvador,17,Queso duro blando,Dairy,3.5,0.0,3.5,5,17.5,Debit card,404
1998,2024-06-07,6,Friday,2,Santa Ana,Santa Ana,2,Pupusas de frijol,Traditional Food,0.5,0.15,0.42,5,2.1,Cash,203
1999,2024-01-01,1,Monday,8,Chalatenango,Chalatenango,6,Kolachampán,Beverages,0.75,0.0,0.75,5,3.75,Credit card,155
2000,2024-04-04,4,Thursday,2,Santa Ana,Santa Ana,10,Hamaca artesanal,Handicrafts,35.0,0.15,29.75,8,238.0,Cash,47
